timestamp,P-PDG,P-TPT,T-TPT,P-MON-CKP,T-JUS-CKP,P-JUS-CKGL,T-JUS-CKGL,QGL,class
2018-04-23 04:00:21.000000,2.384493e+07,1.536035e+07,5.810200e+01,5.968018e+06,3.302000e+01,,,1.407323e+00,4
2018-04-23 04:00:22.000000,2.384519e+07,1.526727e+07,5.789600e+01,5.964836e+06,3.304044e+01,,,1.407706e+00,4
2018-04-23 04:00:23.000000,2.384544e+07,1.533737e+07,5.807000e+01,5.961654e+06,3.306087e+01,,,1.408090e+00,4
2018-04-23 04:00:24.000000,2.384570e+07,1.540747e+07,5.824400e+01,5.965897e+06,3.308130e+01,,,1.408473e+00,4
2018-04-23 04:00:25.000000,2.384595e+07,1.547756e+07,5.841800e+01,5.970139e+06,3.310174e+01,,,1.408856e+00,4
2018-04-23 04:00:26.000000,2.384621e+07,1.554766e+07,5.859200e+01,5.974382e+06,3.312217e+01,,,1.409584e+00,4
2018-04-23 04:00:27.000000,2.384647e+07,1.562350e+07,5.871400e+01,5.978624e+06,3.314261e+01,,,1.410311e+00,4
2018-04-23 04:00:28.000000,2.384672e+07,1.569935e+07,5.883600e+01,5.982867e+06,3.316304e+01,,,1.411038e+00,4
2018-04-23 04:00:29.000000,2.384698e+07,1.563844e+07,5.871200e+01,5.987109e+06,3.318348e+01,,,1.411765e+00,4
2018-04-23 04:00:30.000000,2.384723e+07,1.557754e+07,5.858800e+01,5.991352e+06,3.320391e+01,,,1.412492e+00,4
2018-04-23 04:00:31.000000,2.384749e+07,1.543045e+07,5.830600e+01,5.995594e+06,3.322435e+01,,,1.413220e+00,4
2018-04-23 04:00:32.000000,2.384775e+07,1.528336e+07,5.802400e+01,5.999836e+06,3.324478e+01,,,1.413947e+00,4
2018-04-23 04:00:33.000000,2.384800e+07,1.538563e+07,5.810800e+01,6.004079e+06,3.326522e+01,,,1.414674e+00,4
2018-04-23 04:00:34.000000,2.384826e+07,1.548791e+07,5.819200e+01,6.008321e+06,3.328565e+01,,,1.415401e+00,4
2018-04-23 04:00:35.000000,2.384851e+07,1.557984e+07,5.822600e+01,6.010897e+06,3.330609e+01,,,1.416128e+00,4
2018-04-23 04:00:36.000000,2.384877e+07,1.567177e+07,5.826000e+01,6.013473e+06,3.332652e+01,,,1.416856e+00,4
2018-04-23 04:00:37.000000,2.384903e+07,1.553847e+07,5.796600e+01,6.016048e+06,3.334695e+01,,,1.415029e+00,4
2018-04-23 04:00:38.000000,2.384928e+07,1.540517e+07,5.767200e+01,6.018624e+06,3.336739e+01,,,1.413203e+00,4
2018-04-23 04:00:39.000000,2.384954e+07,1.547756e+07,5.789300e+01,6.021200e+06,3.338783e+01,,,1.411377e+00,4
2018-04-23 04:00:40.000000,2.384980e+07,1.554996e+07,5.811400e+01,6.023776e+06,3.340826e+01,,,1.409550e+00,4
2018-04-23 04:00:41.000000,2.385005e+07,1.562235e+07,5.833500e+01,6.026352e+06,3.342870e+01,,,1.407724e+00,4
2018-04-23 04:00:42.000000,2.385031e+07,1.569475e+07,5.855600e+01,6.028927e+06,3.344913e+01,,,1.405898e+00,4
2018-04-23 04:00:43.000000,2.385056e+07,1.565051e+07,5.850300e+01,6.031503e+06,3.346956e+01,,,1.404072e+00,4
2018-04-23 04:00:44.000000,2.385082e+07,1.560627e+07,5.845000e+01,6.034079e+06,3.349000e+01,,,1.402245e+00,4
2018-04-23 04:00:45.000000,2.385092e+07,1.556202e+07,5.839700e+01,6.036654e+06,3.351043e+01,,,1.400419e+00,4
2018-04-23 04:00:46.000000,2.385102e+07,1.551778e+07,5.834400e+01,6.033548e+06,3.353087e+01,,,1.398593e+00,4
2018-04-23 04:00:47.000000,2.385112e+07,1.539483e+07,5.811200e+01,6.030442e+06,3.355130e+01,,,1.396766e+00,4
2018-04-23 04:00:48.000000,2.385123e+07,1.527187e+07,5.788000e+01,6.027336e+06,3.357174e+01,,,1.399765e+00,4
2018-04-23 04:00:49.000000,2.385133e+07,1.541321e+07,5.823400e+01,6.024230e+06,3.359217e+01,,,1.402764e+00,4
2018-04-23 04:00:50.000000,2.385143e+07,1.555455e+07,5.858800e+01,6.021124e+06,3.361261e+01,,,1.405763e+00,4
2018-04-23 04:00:51.000000,2.385153e+07,1.559190e+07,5.865200e+01,6.018018e+06,3.363304e+01,,,1.408762e+00,4
2018-04-23 04:00:52.000000,2.385163e+07,1.562925e+07,5.871600e+01,6.014912e+06,3.365348e+01,,,1.411760e+00,4
2018-04-23 04:00:53.000000,2.385173e+07,1.566660e+07,5.878000e+01,6.011806e+06,3.367391e+01,,,1.414759e+00,4
2018-04-23 04:00:54.000000,2.385183e+07,1.570394e+07,5.884400e+01,6.008700e+06,3.369435e+01,,,1.417758e+00,4
2018-04-23 04:00:55.000000,2.385193e+07,1.558443e+07,5.857000e+01,6.005594e+06,3.371478e+01,,,1.420757e+00,4
2018-04-23 04:00:56.000000,2.385204e+07,1.546492e+07,5.829600e+01,6.002488e+06,3.373522e+01,,,1.423755e+00,4
2018-04-23 04:00:57.000000,2.385214e+07,1.537759e+07,5.824800e+01,6.005215e+06,3.375565e+01,,,1.426754e+00,4
2018-04-23 04:00:58.000000,2.385224e+07,1.529026e+07,5.820000e+01,6.007942e+06,3.377608e+01,,,1.429753e+00,4
2018-04-23 04:00:59.000000,2.385234e+07,1.539253e+07,5.839600e+01,6.010669e+06,3.379652e+01,,,1.428865e+00,4
2018-04-23 04:01:00.000000,2.385244e+07,1.549480e+07,5.859200e+01,6.013397e+06,3.381696e+01,,,1.427977e+00,4
2018-04-23 04:01:01.000000,2.385255e+07,1.560397e+07,5.863600e+01,6.016124e+06,3.383739e+01,,,1.427089e+00,4
2018-04-23 04:01:02.000000,2.385265e+07,1.571313e+07,5.868000e+01,6.018852e+06,3.385783e+01,,,1.426201e+00,4
2018-04-23 04:01:03.000000,2.385275e+07,1.562063e+07,5.859200e+01,6.021579e+06,3.387826e+01,,,1.425313e+00,4
2018-04-23 04:01:04.000000,2.385285e+07,1.552812e+07,5.850400e+01,6.024306e+06,3.389869e+01,,,1.424425e+00,4
2018-04-23 04:01:05.000000,2.385295e+07,1.543562e+07,5.841600e+01,6.027033e+06,3.391913e+01,,,1.423537e+00,4
2018-04-23 04:01:06.000000,2.385305e+07,1.534312e+07,5.832800e+01,6.029761e+06,3.393956e+01,,,1.422649e+00,4
2018-04-23 04:01:07.000000,2.385315e+07,1.543619e+07,5.849700e+01,6.032488e+06,3.396000e+01,,,1.421761e+00,4
2018-04-23 04:01:08.000000,2.385325e+07,1.552927e+07,5.866600e+01,6.035518e+06,3.396870e+01,,,1.420873e+00,4
2018-04-23 04:01:09.000000,2.385336e+07,1.562235e+07,5.883500e+01,6.038548e+06,3.397739e+01,,,1.419985e+00,4
2018-04-23 04:01:10.000000,2.385346e+07,1.571543e+07,5.900400e+01,6.041579e+06,3.398609e+01,,,1.420079e+00,4
2018-04-23 04:01:11.000000,2.385356e+07,1.560282e+07,5.873000e+01,6.044609e+06,3.399478e+01,,,1.420173e+00,4
2018-04-23 04:01:12.000000,2.385366e+07,1.549020e+07,5.845600e+01,6.047639e+06,3.400348e+01,,,1.420266e+00,4
2018-04-23 04:01:13.000000,2.385376e+07,1.537874e+07,5.820800e+01,6.050670e+06,3.401217e+01,,,1.420360e+00,4
2018-04-23 04:01:14.000000,2.385386e+07,1.526727e+07,5.796000e+01,6.053700e+06,3.402087e+01,,,1.420453e+00,4
2018-04-23 04:01:15.000000,2.385396e+07,1.540977e+07,5.814600e+01,6.056730e+06,3.402956e+01,,,1.420547e+00,4
2018-04-23 04:01:16.000000,2.385407e+07,1.555226e+07,5.833200e+01,6.059761e+06,3.403826e+01,,,1.420640e+00,4
2018-04-23 04:01:17.000000,2.385417e+07,1.561086e+07,5.846200e+01,6.062791e+06,3.404696e+01,,,1.420734e+00,4
2018-04-23 04:01:18.000000,2.385427e+07,1.566947e+07,5.859200e+01,6.065821e+06,3.405565e+01,,,1.420827e+00,4
2018-04-23 04:01:19.000000,2.385444e+07,1.561316e+07,5.843500e+01,6.064761e+06,3.406435e+01,,,1.420921e+00,4
2018-04-23 04:01:20.000000,2.385462e+07,1.555685e+07,5.827800e+01,6.063700e+06,3.407304e+01,,,1.421014e+00,4
2018-04-23 04:01:21.000000,2.385480e+07,1.550055e+07,5.812100e+01,6.062639e+06,3.408174e+01,,,1.422449e+00,4
2018-04-23 04:01:22.000000,2.385497e+07,1.544424e+07,5.796400e+01,6.061579e+06,3.409044e+01,,,1.423885e+00,4
2018-04-23 04:01:23.000000,2.385515e+07,1.537874e+07,5.797200e+01,6.060518e+06,3.409913e+01,,,1.425320e+00,4
2018-04-23 04:01:24.000000,2.385532e+07,1.531324e+07,5.798000e+01,6.059458e+06,3.410783e+01,,,1.426755e+00,4
2018-04-23 04:01:25.000000,2.385550e+07,1.550055e+07,5.834000e+01,6.058397e+06,3.411652e+01,,,1.428190e+00,4
2018-04-23 04:01:26.000000,2.385568e+07,1.568785e+07,5.870000e+01,6.057336e+06,3.412522e+01,,,1.429625e+00,4
2018-04-23 04:01:27.000000,2.385585e+07,1.567406e+07,5.867000e+01,6.056275e+06,3.413391e+01,,,1.431061e+00,4
2018-04-23 04:01:28.000000,2.385603e+07,1.566027e+07,5.864000e+01,6.055215e+06,3.414261e+01,,,1.432496e+00,4
2018-04-23 04:01:29.000000,2.385620e+07,1.547297e+07,5.824000e+01,6.054154e+06,3.415130e+01,,,1.433931e+00,4
2018-04-23 04:01:30.000000,2.385638e+07,1.528566e+07,5.784000e+01,6.050594e+06,3.416000e+01,,,1.435366e+00,4
2018-04-23 04:01:31.000000,2.385656e+07,1.533909e+07,5.795300e+01,6.047033e+06,3.416869e+01,,,1.436801e+00,4
2018-04-23 04:01:32.000000,2.385673e+07,1.539253e+07,5.806600e+01,6.043473e+06,3.417739e+01,,,1.435702e+00,4
2018-04-23 04:01:33.000000,2.385691e+07,1.544596e+07,5.817900e+01,6.039912e+06,3.418608e+01,,,1.434602e+00,4
2018-04-23 04:01:34.000000,2.385708e+07,1.549940e+07,5.829200e+01,6.036352e+06,3.419478e+01,,,1.433502e+00,4
2018-04-23 04:01:35.000000,2.385726e+07,1.555800e+07,5.849400e+01,6.032791e+06,3.420348e+01,,,1.432402e+00,4
2018-04-23 04:01:36.000000,2.385743e+07,1.561661e+07,5.869600e+01,6.029230e+06,3.421217e+01,,,1.431303e+00,4
2018-04-23 04:01:37.000000,2.385761e+07,1.564763e+07,5.882600e+01,6.025669e+06,3.422087e+01,,,1.430203e+00,4
2018-04-23 04:01:38.000000,2.385779e+07,1.567866e+07,5.895600e+01,6.022109e+06,3.422956e+01,,,1.429103e+00,4
2018-04-23 04:01:39.000000,2.385796e+07,1.547756e+07,5.859800e+01,6.018548e+06,3.423826e+01,,,1.428004e+00,4
2018-04-23 04:01:40.000000,2.385814e+07,1.527647e+07,5.824000e+01,6.014988e+06,3.424696e+01,,,1.426904e+00,4
2018-04-23 04:01:41.000000,2.385831e+07,1.540287e+07,5.833600e+01,6.016730e+06,3.425565e+01,,,1.425804e+00,4
2018-04-23 04:01:42.000000,2.385849e+07,1.552927e+07,5.843200e+01,6.018473e+06,3.426435e+01,,,1.424704e+00,4
2018-04-23 04:01:43.000000,2.385866e+07,1.557754e+07,5.856900e+01,6.020215e+06,3.427304e+01,,,1.426094e+00,4
2018-04-23 04:01:44.000000,2.385884e+07,1.562580e+07,5.870600e+01,6.021958e+06,3.428174e+01,,,1.427485e+00,4
2018-04-23 04:01:45.000000,2.385901e+07,1.567406e+07,5.884300e+01,6.023700e+06,3.429043e+01,,,1.428875e+00,4
2018-04-23 04:01:46.000000,2.385919e+07,1.572233e+07,5.898000e+01,6.025442e+06,3.429913e+01,,,1.430265e+00,4
2018-04-23 04:01:47.000000,2.385937e+07,1.554077e+07,5.863600e+01,6.027185e+06,3.430782e+01,,,1.431655e+00,4
2018-04-23 04:01:48.000000,2.385954e+07,1.535920e+07,5.829200e+01,6.028927e+06,3.431652e+01,,,1.433045e+00,4
2018-04-23 04:01:49.000000,2.385946e+07,1.532703e+07,5.805800e+01,6.030669e+06,3.432521e+01,,,1.434435e+00,4
2018-04-23 04:01:50.000000,2.385938e+07,1.529485e+07,5.782400e+01,6.032412e+06,3.433391e+01,,,1.435825e+00,4
2018-04-23 04:01:51.000000,2.385930e+07,1.545573e+07,5.812000e+01,6.034154e+06,3.434261e+01,,,1.437215e+00,4
2018-04-23 04:01:52.000000,2.385922e+07,1.561661e+07,5.841600e+01,6.038927e+06,3.435130e+01,,,1.438606e+00,4
2018-04-23 04:01:53.000000,2.385914e+07,1.563729e+07,5.840600e+01,6.043700e+06,3.436000e+01,,,1.439996e+00,4
2018-04-23 04:01:54.000000,2.385907e+07,1.565798e+07,5.839600e+01,6.048473e+06,3.436869e+01,,,1.439122e+00,4
2018-04-23 04:01:55.000000,2.385899e+07,1.557294e+07,5.826900e+01,6.053245e+06,3.437739e+01,,,1.438249e+00,4
2018-04-23 04:01:56.000000,2.385891e+07,1.548791e+07,5.814200e+01,6.058018e+06,3.438609e+01,,,1.437375e+00,4
2018-04-23 04:01:57.000000,2.385883e+07,1.540287e+07,5.801500e+01,6.062791e+06,3.439478e+01,,,1.436501e+00,4
2018-04-23 04:01:58.000000,2.385875e+07,1.531783e+07,5.788800e+01,6.067563e+06,3.440348e+01,,,1.435628e+00,4
2018-04-23 04:01:59.000000,2.385867e+07,1.538793e+07,5.782200e+01,6.072336e+06,3.441217e+01,,,1.434754e+00,4
2018-04-23 04:02:00.000000,2.385859e+07,1.545803e+07,5.775600e+01,6.077109e+06,3.442087e+01,,,1.433881e+00,4
2018-04-23 04:02:01.000000,2.385851e+07,1.559133e+07,5.801200e+01,6.081881e+06,3.442957e+01,,,1.433007e+00,4
2018-04-23 04:02:02.000000,2.385843e+07,1.572463e+07,5.826800e+01,6.086654e+06,3.443826e+01,,,1.432133e+00,4
2018-04-23 04:02:03.000000,2.385835e+07,1.569245e+07,5.821600e+01,6.093624e+06,3.444696e+01,,,1.431260e+00,4
2018-04-23 04:02:04.000000,2.385827e+07,1.566027e+07,5.816400e+01,6.100594e+06,3.445565e+01,,,1.430386e+00,4
2018-04-23 04:02:05.000000,2.385819e+07,1.547067e+07,5.782200e+01,6.107563e+06,3.446435e+01,,,1.429208e+00,4
2018-04-23 04:02:06.000000,2.385811e+07,1.528106e+07,5.748000e+01,6.114533e+06,3.447304e+01,,,1.428029e+00,4
2018-04-23 04:02:07.000000,2.385803e+07,1.531266e+07,5.757600e+01,6.121503e+06,3.448174e+01,,,1.426851e+00,4
2018-04-23 04:02:08.000000,2.385795e+07,1.534426e+07,5.767200e+01,6.128472e+06,3.449043e+01,,,1.425672e+00,4
2018-04-23 04:02:09.000000,2.385787e+07,1.537587e+07,5.776800e+01,6.135442e+06,3.449913e+01,,,1.424494e+00,4
2018-04-23 04:02:10.000000,2.385779e+07,1.540747e+07,5.786400e+01,6.142412e+06,3.450782e+01,,,1.423315e+00,4
2018-04-23 04:02:11.000000,2.385771e+07,1.555915e+07,5.817000e+01,6.149381e+06,3.451652e+01,,,1.422137e+00,4
2018-04-23 04:02:12.000000,2.385763e+07,1.571084e+07,5.847600e+01,6.156351e+06,3.452522e+01,,,1.420958e+00,4
2018-04-23 04:02:13.000000,2.385755e+07,1.564878e+07,5.832800e+01,6.163321e+06,3.453391e+01,,,1.419780e+00,4
2018-04-23 04:02:14.000000,2.385747e+07,1.558673e+07,5.818000e+01,6.170745e+06,3.454261e+01,,,1.418601e+00,4
2018-04-23 04:02:15.000000,2.385739e+07,1.542815e+07,5.796600e+01,6.178169e+06,3.455130e+01,,,1.417423e+00,4
2018-04-23 04:02:16.000000,2.385731e+07,1.526957e+07,5.775200e+01,6.185594e+06,3.456000e+01,,,1.416107e+00,4
2018-04-23 04:02:17.000000,2.385723e+07,1.538448e+07,5.793200e+01,6.193018e+06,3.456870e+01,,,1.414791e+00,4
2018-04-23 04:02:18.000000,2.385715e+07,1.549940e+07,5.811200e+01,6.200442e+06,3.457739e+01,,,1.413475e+00,4
2018-04-23 04:02:19.000000,2.385708e+07,1.555341e+07,5.831300e+01,6.207866e+06,3.458609e+01,,,1.412159e+00,4
2018-04-23 04:02:20.000000,2.385700e+07,1.560742e+07,5.851400e+01,6.215291e+06,3.459478e+01,,,1.410843e+00,4
2018-04-23 04:02:21.000000,2.385692e+07,1.566142e+07,5.871500e+01,6.222715e+06,3.460348e+01,,,1.409527e+00,4
2018-04-23 04:02:22.000000,2.385684e+07,1.571543e+07,5.891600e+01,6.230139e+06,3.461217e+01,,,1.408211e+00,4
2018-04-23 04:02:23.000000,2.385676e+07,1.567981e+07,5.893600e+01,6.237563e+06,3.462087e+01,,,1.406895e+00,4
2018-04-23 04:02:24.000000,2.385668e+07,1.564419e+07,5.895600e+01,6.244988e+06,3.462956e+01,,,1.405578e+00,4
2018-04-23 04:02:25.000000,2.385696e+07,1.546377e+07,5.848800e+01,6.249230e+06,3.463826e+01,,,1.404262e+00,4
2018-04-23 04:02:26.000000,2.385723e+07,1.528336e+07,5.802000e+01,6.253473e+06,3.464695e+01,,,1.402946e+00,4
2018-04-23 04:02:27.000000,2.385751e+07,1.529945e+07,5.797200e+01,6.257715e+06,3.465565e+01,,,1.401370e+00,4
2018-04-23 04:02:28.000000,2.385779e+07,1.531554e+07,5.792400e+01,6.261958e+06,3.466434e+01,,,1.399794e+00,4
2018-04-23 04:02:29.000000,2.385807e+07,1.546377e+07,5.809800e+01,6.266200e+06,3.467304e+01,,,1.398218e+00,4
2018-04-23 04:02:30.000000,2.385835e+07,1.561201e+07,5.827200e+01,6.270442e+06,3.468174e+01,,,1.396642e+00,4
2018-04-23 04:02:31.000000,2.385863e+07,1.564074e+07,5.838200e+01,6.274685e+06,3.469043e+01,,,1.395066e+00,4
2018-04-23 04:02:32.000000,2.385891e+07,1.566947e+07,5.849200e+01,6.278927e+06,3.469913e+01,,,1.393490e+00,4
2018-04-23 04:02:33.000000,2.385918e+07,1.549710e+07,5.821800e+01,6.283169e+06,3.470782e+01,,,1.391914e+00,4
2018-04-23 04:02:34.000000,2.385946e+07,1.532473e+07,5.794400e+01,6.287412e+06,3.471652e+01,,,1.390338e+00,4
2018-04-23 04:02:35.000000,2.385974e+07,1.541149e+07,5.814500e+01,6.291654e+06,3.472522e+01,,,1.388762e+00,4
2018-04-23 04:02:36.000000,2.386002e+07,1.549825e+07,5.834600e+01,6.294912e+06,3.473391e+01,,,1.387186e+00,4
2018-04-23 04:02:37.000000,2.386030e+07,1.558501e+07,5.854700e+01,6.298169e+06,3.474261e+01,,,1.385610e+00,4
2018-04-23 04:02:38.000000,2.386058e+07,1.567177e+07,5.874800e+01,6.301427e+06,3.475130e+01,,,1.386774e+00,4
2018-04-23 04:02:39.000000,2.386086e+07,1.566430e+07,5.869800e+01,6.304685e+06,3.476000e+01,,,1.387937e+00,4
2018-04-23 04:02:40.000000,2.386113e+07,1.565683e+07,5.864800e+01,6.307942e+06,3.477478e+01,,,1.389101e+00,4
2018-04-23 04:02:41.000000,2.386141e+07,1.564936e+07,5.859800e+01,6.311200e+06,3.478956e+01,,,1.390264e+00,4
2018-04-23 04:02:42.000000,2.386169e+07,1.564189e+07,5.854800e+01,6.314457e+06,3.480435e+01,,,1.391428e+00,4
2018-04-23 04:02:43.000000,2.386197e+07,1.548446e+07,5.823800e+01,6.317715e+06,3.481913e+01,,,1.392592e+00,4
2018-04-23 04:02:44.000000,2.386225e+07,1.532703e+07,5.792800e+01,6.320972e+06,3.483391e+01,,,1.393755e+00,4
2018-04-23 04:02:45.000000,2.386253e+07,1.532128e+07,5.794600e+01,6.324230e+06,3.484869e+01,,,1.394919e+00,4
2018-04-23 04:02:46.000000,2.386281e+07,1.531554e+07,5.796400e+01,6.327487e+06,3.486348e+01,,,1.396082e+00,4
2018-04-23 04:02:47.000000,2.386308e+07,1.548791e+07,5.829800e+01,6.330896e+06,3.487826e+01,,,1.397246e+00,4
2018-04-23 04:02:48.000000,2.386336e+07,1.566027e+07,5.863200e+01,6.334306e+06,3.489304e+01,,,1.398410e+00,4
2018-04-23 04:02:49.000000,2.386364e+07,1.567751e+07,5.860000e+01,6.337714e+06,3.490783e+01,,,1.399299e+00,4
2018-04-23 04:02:50.000000,2.386392e+07,1.569475e+07,5.856800e+01,6.341124e+06,3.492261e+01,,,1.400189e+00,4
2018-04-23 04:02:51.000000,2.386420e+07,1.555685e+07,5.833600e+01,6.344533e+06,3.493739e+01,,,1.401078e+00,4
2018-04-23 04:02:52.000000,2.386448e+07,1.541896e+07,5.810400e+01,6.347942e+06,3.495217e+01,,,1.401967e+00,4
2018-04-23 04:02:53.000000,2.386476e+07,1.538563e+07,5.801200e+01,6.351351e+06,3.496695e+01,,,1.402857e+00,4
2018-04-23 04:02:54.000000,2.386503e+07,1.535231e+07,5.792000e+01,6.354760e+06,3.498174e+01,,,1.403746e+00,4
2018-04-23 04:02:55.000000,2.386531e+07,1.540862e+07,5.802200e+01,6.358169e+06,3.499652e+01,,,1.404635e+00,4
2018-04-23 04:02:56.000000,2.386559e+07,1.546492e+07,5.812400e+01,6.361578e+06,3.501130e+01,,,1.405525e+00,4
2018-04-23 04:02:57.000000,2.386583e+07,1.552123e+07,5.822600e+01,6.364987e+06,3.502608e+01,,,1.406414e+00,4
2018-04-23 04:02:58.000000,2.386608e+07,1.557754e+07,5.832800e+01,6.368169e+06,3.504087e+01,,,1.407304e+00,4
2018-04-23 04:02:59.000000,2.386632e+07,1.567292e+07,5.845000e+01,6.371351e+06,3.505565e+01,,,1.408193e+00,4
2018-04-23 04:03:00.000000,2.386656e+07,1.576829e+07,5.857200e+01,6.374533e+06,3.507043e+01,,,1.406255e+00,4
2018-04-23 04:03:01.000000,2.386680e+07,1.566717e+07,5.847200e+01,6.377714e+06,3.508522e+01,,,1.404316e+00,4
2018-04-23 04:03:02.000000,2.386704e+07,1.556605e+07,5.837200e+01,6.380896e+06,3.510000e+01,,,1.402378e+00,4
2018-04-23 04:03:03.000000,2.386728e+07,1.544194e+07,5.807600e+01,6.384078e+06,3.511478e+01,,,1.400440e+00,4
2018-04-23 04:03:04.000000,2.386752e+07,1.531783e+07,5.778000e+01,6.387260e+06,3.512956e+01,,,1.398502e+00,4
2018-04-23 04:03:05.000000,2.386777e+07,1.544998e+07,5.809800e+01,6.390442e+06,3.514435e+01,,,1.396563e+00,4
2018-04-23 04:03:06.000000,2.386801e+07,1.558213e+07,5.841600e+01,6.393624e+06,3.515913e+01,,,1.394625e+00,4
2018-04-23 04:03:07.000000,2.386825e+07,1.562867e+07,5.854800e+01,6.396806e+06,3.517391e+01,,,1.392687e+00,4
2018-04-23 04:03:08.000000,2.386849e+07,1.567521e+07,5.868000e+01,6.399987e+06,3.518869e+01,,,1.390749e+00,4
2018-04-23 04:03:09.000000,2.386873e+07,1.572175e+07,5.881200e+01,6.401351e+06,3.520348e+01,,,1.388810e+00,4
2018-04-23 04:03:10.000000,2.386897e+07,1.576829e+07,5.894400e+01,6.402714e+06,3.521826e+01,,,1.386872e+00,4
2018-04-23 04:03:11.000000,2.386922e+07,1.569820e+07,5.881000e+01,6.404078e+06,3.523304e+01,,,1.388089e+00,4
2018-04-23 04:03:12.000000,2.386946e+07,1.562810e+07,5.867600e+01,6.405442e+06,3.524783e+01,,,1.389305e+00,4
2018-04-23 04:03:13.000000,2.386970e+07,1.548446e+07,5.845200e+01,6.406806e+06,3.526261e+01,,,1.390522e+00,4
2018-04-23 04:03:14.000000,2.386994e+07,1.534082e+07,5.822800e+01,6.408169e+06,3.527739e+01,,,1.391738e+00,4
2018-04-23 04:03:15.000000,2.387018e+07,1.540632e+07,5.830600e+01,6.409533e+06,3.529217e+01,,,1.392954e+00,4
2018-04-23 04:03:16.000000,2.387043e+07,1.547182e+07,5.838400e+01,6.410896e+06,3.530695e+01,,,1.394171e+00,4
2018-04-23 04:03:17.000000,2.387067e+07,1.553042e+07,5.849100e+01,6.412260e+06,3.532174e+01,,,1.395387e+00,4
2018-04-23 04:03:18.000000,2.387091e+07,1.558903e+07,5.859800e+01,6.413624e+06,3.533652e+01,,,1.396603e+00,4
2018-04-23 04:03:19.000000,2.387115e+07,1.564763e+07,5.870500e+01,6.414987e+06,3.535130e+01,,,1.397820e+00,4
2018-04-23 04:03:20.000000,2.387139e+07,1.570624e+07,5.881200e+01,6.416502e+06,3.536609e+01,,,1.399036e+00,4
2018-04-23 04:03:21.000000,2.387163e+07,1.571198e+07,5.880200e+01,6.418018e+06,3.538087e+01,,,1.400253e+00,4
2018-04-23 04:03:22.000000,2.387187e+07,1.571773e+07,5.879200e+01,6.419533e+06,3.539565e+01,,,1.400222e+00,4
2018-04-23 04:03:23.000000,2.387212e+07,1.554077e+07,5.845200e+01,6.421048e+06,3.541043e+01,,,1.400191e+00,4
2018-04-23 04:03:24.000000,2.387236e+07,1.536380e+07,5.811200e+01,6.422563e+06,3.542522e+01,,,1.400160e+00,4
2018-04-23 04:03:25.000000,2.387260e+07,1.537989e+07,5.816600e+01,6.424079e+06,3.544000e+01,,,1.400130e+00,4
2018-04-23 04:03:26.000000,2.387284e+07,1.539597e+07,5.822000e+01,6.425594e+06,3.545478e+01,,,1.400099e+00,4
2018-04-23 04:03:27.000000,2.387308e+07,1.557409e+07,5.849000e+01,6.427109e+06,3.546956e+01,,,1.400068e+00,4
2018-04-23 04:03:28.000000,2.387332e+07,1.575220e+07,5.876000e+01,6.428624e+06,3.548435e+01,,,1.400037e+00,4
2018-04-23 04:03:29.000000,2.387344e+07,1.565166e+07,5.856900e+01,6.430139e+06,3.549913e+01,,,1.400006e+00,4
2018-04-23 04:03:30.000000,2.387355e+07,1.555111e+07,5.837800e+01,6.431654e+06,3.551391e+01,,,1.399976e+00,4
2018-04-23 04:03:31.000000,2.387366e+07,1.545056e+07,5.818700e+01,6.433321e+06,3.552869e+01,,,1.399945e+00,4
2018-04-23 04:03:32.000000,2.387377e+07,1.535001e+07,5.799600e+01,6.434988e+06,3.554348e+01,,,1.399914e+00,4
2018-04-23 04:03:33.000000,2.387388e+07,1.536150e+07,5.789300e+01,6.436654e+06,3.555826e+01,,,1.400874e+00,4
2018-04-23 04:03:34.000000,2.387399e+07,1.537299e+07,5.779000e+01,6.438321e+06,3.557304e+01,,,1.401835e+00,4
2018-04-23 04:03:35.000000,2.387410e+07,1.538448e+07,5.768700e+01,6.439987e+06,3.558783e+01,,,1.402795e+00,4
2018-04-23 04:03:36.000000,2.387421e+07,1.539597e+07,5.758400e+01,6.441654e+06,3.560261e+01,,,1.403756e+00,4
2018-04-23 04:03:37.000000,2.387433e+07,1.553272e+07,5.771400e+01,6.443321e+06,3.561739e+01,,,1.404716e+00,4
2018-04-23 04:03:38.000000,2.387444e+07,1.566947e+07,5.784400e+01,6.444987e+06,3.563217e+01,,,1.405677e+00,4
2018-04-23 04:03:39.000000,2.387455e+07,1.571313e+07,5.810000e+01,6.446654e+06,3.564695e+01,,,1.406637e+00,4
2018-04-23 04:03:40.000000,2.387466e+07,1.575680e+07,5.835600e+01,6.448321e+06,3.566174e+01,,,1.407598e+00,4
2018-04-23 04:03:41.000000,2.387477e+07,1.566602e+07,5.819000e+01,6.449987e+06,3.567652e+01,,,1.408558e+00,4
2018-04-23 04:03:42.000000,2.387488e+07,1.557524e+07,5.802400e+01,6.448169e+06,3.569130e+01,,,1.409518e+00,4
2018-04-23 04:03:43.000000,2.387499e+07,1.551836e+07,5.793300e+01,6.446351e+06,3.570609e+01,,,1.410479e+00,4
2018-04-23 04:03:44.000000,2.387510e+07,1.546148e+07,5.784200e+01,6.444533e+06,3.572087e+01,,,1.410547e+00,4
2018-04-23 04:03:45.000000,2.387522e+07,1.540459e+07,5.775100e+01,6.442714e+06,3.573565e+01,,,1.410616e+00,4
2018-04-23 04:03:46.000000,2.387533e+07,1.534771e+07,5.766000e+01,6.440896e+06,3.575043e+01,,,1.410684e+00,4
2018-04-23 04:03:47.000000,2.387544e+07,1.543734e+07,5.787000e+01,6.439078e+06,3.576522e+01,,,1.410753e+00,4
2018-04-23 04:03:48.000000,2.387555e+07,1.552698e+07,5.808000e+01,6.437260e+06,3.578000e+01,,,1.410821e+00,4
2018-04-23 04:03:49.000000,2.387566e+07,1.566257e+07,5.829800e+01,6.435442e+06,3.578348e+01,,,1.410889e+00,4
2018-04-23 04:03:50.000000,2.387577e+07,1.579817e+07,5.851600e+01,6.433624e+06,3.578696e+01,,,1.410958e+00,4
2018-04-23 04:03:51.000000,2.387588e+07,1.562120e+07,5.826800e+01,6.431806e+06,3.579043e+01,,,1.411026e+00,4
2018-04-23 04:03:52.000000,2.387599e+07,1.544424e+07,5.802000e+01,6.429987e+06,3.579391e+01,,,1.411095e+00,4
2018-04-23 04:03:53.000000,2.387611e+07,1.551434e+07,5.813300e+01,6.423396e+06,3.579739e+01,,,1.411163e+00,4
2018-04-23 04:03:54.000000,2.387622e+07,1.558443e+07,5.824600e+01,6.416806e+06,3.580087e+01,,,1.411232e+00,4
2018-04-23 04:03:55.000000,2.387633e+07,1.565453e+07,5.835900e+01,6.410214e+06,3.580435e+01,,,1.413580e+00,4
2018-04-23 04:03:56.000000,2.387644e+07,1.572463e+07,5.847200e+01,6.403624e+06,3.580783e+01,,,1.415927e+00,4
2018-04-23 04:03:57.000000,2.387655e+07,1.574071e+07,5.849000e+01,6.397033e+06,3.581130e+01,,,1.418275e+00,4
2018-04-23 04:03:58.000000,2.387666e+07,1.575680e+07,5.850800e+01,6.390442e+06,3.581478e+01,,,1.420623e+00,4
2018-04-23 04:03:59.000000,2.387677e+07,1.577289e+07,5.852600e+01,6.383851e+06,3.581826e+01,,,1.422971e+00,4
2018-04-23 04:04:00.000000,2.387688e+07,1.578898e+07,5.854400e+01,6.377260e+06,3.582174e+01,,,1.425319e+00,4
2018-04-23 04:04:01.000000,2.387674e+07,1.568096e+07,5.843000e+01,6.370669e+06,3.582522e+01,,,1.427667e+00,4
2018-04-23 04:04:02.000000,2.387660e+07,1.557294e+07,5.831600e+01,6.364078e+06,3.582870e+01,,,1.430015e+00,4
2018-04-23 04:04:03.000000,2.387645e+07,1.547182e+07,5.808800e+01,6.357487e+06,3.583217e+01,,,1.432363e+00,4
2018-04-23 04:04:04.000000,2.387631e+07,1.537069e+07,5.786000e+01,6.339381e+06,3.583565e+01,,,1.434711e+00,4
2018-04-23 04:04:05.000000,2.387616e+07,1.555341e+07,5.820400e+01,6.321275e+06,3.583913e+01,,,1.437058e+00,4
2018-04-23 04:04:06.000000,2.387602e+07,1.573612e+07,5.854800e+01,6.303169e+06,3.584261e+01,,,1.436016e+00,4
2018-04-23 04:04:07.000000,2.387587e+07,1.576140e+07,5.859000e+01,6.285063e+06,3.584609e+01,,,1.434973e+00,4
2018-04-23 04:04:08.000000,2.387573e+07,1.578668e+07,5.863200e+01,6.266957e+06,3.584957e+01,,,1.433931e+00,4
2018-04-23 04:04:09.000000,2.387558e+07,1.567981e+07,5.843600e+01,6.248851e+06,3.585304e+01,,,1.432888e+00,4
2018-04-23 04:04:10.000000,2.387544e+07,1.557294e+07,5.824000e+01,6.230745e+06,3.585652e+01,,,1.431845e+00,4
2018-04-23 04:04:11.000000,2.387530e+07,1.546837e+07,5.805000e+01,6.212639e+06,3.586000e+01,,,1.430803e+00,4
2018-04-23 04:04:12.000000,2.387515e+07,1.536380e+07,5.786000e+01,6.194533e+06,3.582609e+01,,,1.429760e+00,4
2018-04-23 04:04:13.000000,2.387501e+07,1.538506e+07,5.794500e+01,6.176427e+06,3.579218e+01,,,1.428718e+00,4
2018-04-23 04:04:14.000000,2.387486e+07,1.540632e+07,5.803000e+01,6.158321e+06,3.575826e+01,,,1.427675e+00,4
2018-04-23 04:04:15.000000,2.387472e+07,1.542758e+07,5.811500e+01,6.137791e+06,3.572435e+01,,,1.426632e+00,4
2018-04-23 04:04:16.000000,2.387457e+07,1.544884e+07,5.820000e+01,6.117260e+06,3.569044e+01,,,1.425590e+00,4
2018-04-23 04:04:17.000000,2.387443e+07,1.553962e+07,5.832200e+01,6.096730e+06,3.565652e+01,,,1.424723e+00,4
2018-04-23 04:04:18.000000,2.387428e+07,1.563040e+07,5.844400e+01,6.076200e+06,3.562261e+01,,,1.423857e+00,4
2018-04-23 04:04:19.000000,2.387414e+07,1.570164e+07,5.849000e+01,6.055669e+06,3.558870e+01,,,1.422990e+00,4
2018-04-23 04:04:20.000000,2.387400e+07,1.577289e+07,5.853600e+01,6.035139e+06,3.555478e+01,,,1.422123e+00,4
2018-04-23 04:04:21.000000,2.387385e+07,1.571313e+07,5.848000e+01,6.014609e+06,3.552087e+01,,,1.421257e+00,4
2018-04-23 04:04:22.000000,2.387371e+07,1.565338e+07,5.842400e+01,5.994079e+06,3.548696e+01,,,1.420390e+00,4
2018-04-23 04:04:23.000000,2.387356e+07,1.559478e+07,5.836800e+01,5.973548e+06,3.545304e+01,,,1.419524e+00,4
2018-04-23 04:04:24.000000,2.387342e+07,1.553617e+07,5.831200e+01,5.953018e+06,3.541913e+01,,,1.418657e+00,4
2018-04-23 04:04:25.000000,2.387327e+07,1.550572e+07,5.825500e+01,5.932488e+06,3.538522e+01,,,1.417791e+00,4
2018-04-23 04:04:26.000000,2.387313e+07,1.547527e+07,5.819800e+01,5.915215e+06,3.535131e+01,,,1.416924e+00,4
2018-04-23 04:04:27.000000,2.387299e+07,1.544481e+07,5.814100e+01,5.897942e+06,3.531739e+01,,,1.416058e+00,4
2018-04-23 04:04:28.000000,2.387284e+07,1.541436e+07,5.808400e+01,5.880670e+06,3.528348e+01,,,1.416607e+00,4
2018-04-23 04:04:29.000000,2.387270e+07,1.538678e+07,5.802000e+01,5.863397e+06,3.524957e+01,,,1.417157e+00,4
2018-04-23 04:04:30.000000,2.387255e+07,1.535920e+07,5.795600e+01,5.846125e+06,3.521565e+01,,,1.417706e+00,4
2018-04-23 04:04:31.000000,2.387241e+07,1.541781e+07,5.809400e+01,5.828852e+06,3.518174e+01,,,1.418256e+00,4
2018-04-23 04:04:32.000000,2.387226e+07,1.547641e+07,5.823200e+01,5.811579e+06,3.514783e+01,,,1.418806e+00,4
2018-04-23 04:04:33.000000,2.387212e+07,1.561661e+07,5.838800e+01,5.794306e+06,3.511391e+01,,,1.419355e+00,4
2018-04-23 04:04:34.000000,2.387197e+07,1.575680e+07,5.854400e+01,5.777034e+06,3.508000e+01,,,1.419905e+00,4
2018-04-23 04:04:35.000000,2.387085e+07,1.572462e+07,5.847800e+01,5.759761e+06,3.497609e+01,,,1.420455e+00,4
2018-04-23 04:04:36.000000,2.386972e+07,1.569245e+07,5.841200e+01,5.742488e+06,3.487218e+01,,,1.421004e+00,4
2018-04-23 04:04:37.000000,2.386859e+07,1.565625e+07,5.830500e+01,5.735973e+06,3.476826e+01,,,1.421554e+00,4
2018-04-23 04:04:38.000000,2.386746e+07,1.562006e+07,5.819800e+01,5.729458e+06,3.466435e+01,,,1.422103e+00,4
2018-04-23 04:04:39.000000,2.386633e+07,1.558386e+07,5.809100e+01,5.722943e+06,3.456044e+01,,,1.421565e+00,4
2018-04-23 04:04:40.000000,2.386521e+07,1.554766e+07,5.798400e+01,5.716428e+06,3.445652e+01,,,1.421027e+00,4
2018-04-23 04:04:41.000000,2.386408e+07,1.543849e+07,5.774800e+01,5.709913e+06,3.435261e+01,,,1.420489e+00,4
2018-04-23 04:04:42.000000,2.386295e+07,1.532933e+07,5.751200e+01,5.703397e+06,3.424870e+01,,,1.419951e+00,4
2018-04-23 04:04:43.000000,2.386182e+07,1.543160e+07,5.772400e+01,5.696882e+06,3.414478e+01,,,1.419413e+00,4
2018-04-23 04:04:44.000000,2.386069e+07,1.553387e+07,5.793600e+01,5.690367e+06,3.404087e+01,,,1.418875e+00,4
2018-04-23 04:04:45.000000,2.385957e+07,1.563614e+07,5.810400e+01,5.683852e+06,3.393696e+01,,,1.418337e+00,4
2018-04-23 04:04:46.000000,2.385844e+07,1.573842e+07,5.827200e+01,5.677336e+06,3.383304e+01,,,1.417799e+00,4
2018-04-23 04:04:47.000000,2.385731e+07,1.560856e+07,5.796800e+01,5.670821e+06,3.372913e+01,,,1.417260e+00,4
2018-04-23 04:04:48.000000,2.385618e+07,1.547871e+07,5.766400e+01,5.683776e+06,3.362522e+01,,,1.416722e+00,4
2018-04-23 04:04:49.000000,2.385505e+07,1.539023e+07,5.767400e+01,5.696730e+06,3.352131e+01,,,1.416184e+00,4
2018-04-23 04:04:50.000000,2.385393e+07,1.530175e+07,5.768400e+01,5.709685e+06,3.341739e+01,,,1.416837e+00,4
2018-04-23 04:04:51.000000,2.385280e+07,1.544194e+07,5.788600e+01,5.722640e+06,3.331348e+01,,,1.417490e+00,4
2018-04-23 04:04:52.000000,2.385167e+07,1.558213e+07,5.808800e+01,5.735594e+06,3.320956e+01,,,1.418142e+00,4
2018-04-23 04:04:53.000000,2.385054e+07,1.561546e+07,5.816000e+01,5.748548e+06,3.310565e+01,,,1.418795e+00,4
2018-04-23 04:04:54.000000,2.384941e+07,1.564878e+07,5.823200e+01,5.761503e+06,3.300174e+01,,,1.419448e+00,4
2018-04-23 04:04:55.000000,2.384829e+07,1.568211e+07,5.830400e+01,5.774458e+06,3.289782e+01,,,1.420100e+00,4
2018-04-23 04:04:56.000000,2.384716e+07,1.571543e+07,5.837600e+01,5.787412e+06,3.279391e+01,,,1.420753e+00,4
2018-04-23 04:04:57.000000,2.384603e+07,1.559133e+07,5.813600e+01,5.800367e+06,3.269000e+01,,,1.421405e+00,4
2018-04-23 04:04:58.000000,2.384490e+07,1.546722e+07,5.789600e+01,5.813321e+06,3.260957e+01,,,1.422058e+00,4
2018-04-23 04:04:59.000000,2.384377e+07,1.539827e+07,5.792800e+01,5.818927e+06,3.252913e+01,,,1.422711e+00,4
2018-04-23 04:05:00.000000,2.384265e+07,1.532933e+07,5.796000e+01,5.824533e+06,3.244870e+01,,,1.423363e+00,4
2018-04-23 04:05:01.000000,2.384152e+07,1.547411e+07,5.829400e+01,5.830140e+06,3.236826e+01,,,1.421429e+00,4
2018-04-23 04:05:02.000000,2.384039e+07,1.561891e+07,5.862800e+01,5.835746e+06,3.228783e+01,,,1.419495e+00,4
2018-04-23 04:05:03.000000,2.383926e+07,1.560971e+07,5.866000e+01,5.841352e+06,3.220739e+01,,,1.417561e+00,4
2018-04-23 04:05:04.000000,2.383813e+07,1.560052e+07,5.869200e+01,5.846958e+06,3.212696e+01,,,1.415627e+00,4
2018-04-23 04:05:05.000000,2.383701e+07,1.551376e+07,5.857200e+01,5.852563e+06,3.204652e+01,,,1.413692e+00,4
2018-04-23 04:05:06.000000,2.383588e+07,1.542700e+07,5.845200e+01,5.858169e+06,3.196609e+01,,,1.411758e+00,4
2018-04-23 04:05:07.000000,2.383589e+07,1.534024e+07,5.833200e+01,5.863776e+06,3.188565e+01,,,1.409824e+00,4
2018-04-23 04:05:08.000000,2.383590e+07,1.525348e+07,5.821200e+01,5.869382e+06,3.180522e+01,,,1.407890e+00,4
2018-04-23 04:05:09.000000,2.383591e+07,1.539368e+07,5.851800e+01,5.874988e+06,3.172478e+01,,,1.405956e+00,4
2018-04-23 04:05:10.000000,2.383592e+07,1.553387e+07,5.882400e+01,5.877412e+06,3.164435e+01,,,1.404022e+00,4
2018-04-23 04:05:11.000000,2.383593e+07,1.558443e+07,5.896600e+01,5.879836e+06,3.156391e+01,,,1.402087e+00,4
2018-04-23 04:05:12.000000,2.383595e+07,1.563499e+07,5.910800e+01,5.882261e+06,3.148348e+01,,,1.403429e+00,4
2018-04-23 04:05:13.000000,2.383596e+07,1.545803e+07,5.879200e+01,5.884685e+06,3.140304e+01,,,1.404771e+00,4
2018-04-23 04:05:14.000000,2.383597e+07,1.528106e+07,5.847600e+01,5.887109e+06,3.132261e+01,,,1.406113e+00,4
2018-04-23 04:05:15.000000,2.383598e+07,1.535001e+07,5.863200e+01,5.889533e+06,3.124217e+01,,,1.407455e+00,4
2018-04-23 04:05:16.000000,2.383599e+07,1.541896e+07,5.878800e+01,5.891958e+06,3.116174e+01,,,1.408797e+00,4
2018-04-23 04:05:17.000000,2.383600e+07,1.548618e+07,5.888000e+01,5.894382e+06,3.108130e+01,,,1.410139e+00,4
2018-04-23 04:05:18.000000,2.383602e+07,1.555341e+07,5.897200e+01,5.896806e+06,3.100087e+01,,,1.411481e+00,4
2018-04-23 04:05:19.000000,2.383603e+07,1.562063e+07,5.906400e+01,5.899230e+06,3.092043e+01,,,1.412823e+00,4
2018-04-23 04:05:20.000000,2.383604e+07,1.568785e+07,5.915600e+01,5.901655e+06,3.084000e+01,,,1.414164e+00,4
2018-04-23 04:05:21.000000,2.383605e+07,1.560052e+07,5.893400e+01,5.906428e+06,3.086696e+01,,,1.415506e+00,4
2018-04-23 04:05:22.000000,2.383606e+07,1.551319e+07,5.871200e+01,5.911200e+06,3.089391e+01,,,1.416848e+00,4
2018-04-23 04:05:23.000000,2.383607e+07,1.540747e+07,5.852400e+01,5.915973e+06,3.092087e+01,,,1.416238e+00,4
2018-04-23 04:05:24.000000,2.383608e+07,1.530175e+07,5.833600e+01,5.920746e+06,3.094783e+01,,,1.415627e+00,4
2018-04-23 04:05:25.000000,2.383610e+07,1.543390e+07,5.861600e+01,5.925519e+06,3.097478e+01,,,1.415016e+00,4
2018-04-23 04:05:26.000000,2.383611e+07,1.556605e+07,5.889600e+01,5.930291e+06,3.100174e+01,,,1.414406e+00,4
2018-04-23 04:05:27.000000,2.383612e+07,1.553042e+07,5.888600e+01,5.935064e+06,3.102870e+01,,,1.413795e+00,4
2018-04-23 04:05:28.000000,2.383613e+07,1.549480e+07,5.887600e+01,5.939836e+06,3.105565e+01,,,1.413184e+00,4
2018-04-23 04:05:29.000000,2.383614e+07,1.544194e+07,5.872900e+01,5.944609e+06,3.108261e+01,,,1.412574e+00,4
2018-04-23 04:05:30.000000,2.383615e+07,1.538908e+07,5.858200e+01,5.949382e+06,3.110957e+01,,,1.411963e+00,4
2018-04-23 04:05:31.000000,2.383616e+07,1.533622e+07,5.843500e+01,5.954155e+06,3.113652e+01,,,1.411352e+00,4
2018-04-23 04:05:32.000000,2.383618e+07,1.528336e+07,5.828800e+01,5.957034e+06,3.116348e+01,,,1.410742e+00,4
2018-04-23 04:05:33.000000,2.383619e+07,1.538219e+07,5.833200e+01,5.959912e+06,3.119043e+01,,,1.410131e+00,4
2018-04-23 04:05:34.000000,2.383620e+07,1.548101e+07,5.837600e+01,5.962791e+06,3.121739e+01,,,1.410585e+00,4
2018-04-23 04:05:35.000000,2.383621e+07,1.558558e+07,5.851200e+01,5.965670e+06,3.124435e+01,,,1.411039e+00,4
2018-04-23 04:05:36.000000,2.383622e+07,1.569015e+07,5.864800e+01,5.968549e+06,3.127130e+01,,,1.411493e+00,4
2018-04-23 04:05:37.000000,2.383654e+07,1.551893e+07,5.849200e+01,5.971427e+06,3.129826e+01,,,1.411947e+00,4
2018-04-23 04:05:38.000000,2.383686e+07,1.534771e+07,5.833600e+01,5.974306e+06,3.132522e+01,,,1.412402e+00,4
2018-04-23 04:05:39.000000,2.383718e+07,1.536495e+07,5.836000e+01,5.977185e+06,3.135217e+01,,,1.412855e+00,4
2018-04-23 04:05:40.000000,2.383750e+07,1.538219e+07,5.838400e+01,5.980064e+06,3.137913e+01,,,1.413310e+00,4
2018-04-23 04:05:41.000000,2.383782e+07,1.554306e+07,5.873200e+01,5.982942e+06,3.140609e+01,,,1.413764e+00,4
2018-04-23 04:05:42.000000,2.383813e+07,1.570394e+07,5.908000e+01,5.985821e+06,3.143304e+01,,,1.414218e+00,4
2018-04-23 04:05:43.000000,2.383845e+07,1.559822e+07,5.889100e+01,5.988094e+06,3.146000e+01,,,1.414672e+00,4
2018-04-23 04:05:44.000000,2.383877e+07,1.549250e+07,5.870200e+01,5.990367e+06,3.150500e+01,,,1.415126e+00,4
2018-04-23 04:05:45.000000,2.383909e+07,1.538678e+07,5.851300e+01,5.992640e+06,3.155000e+01,,,1.413958e+00,4
2018-04-23 04:05:46.000000,2.383941e+07,1.528106e+07,5.832400e+01,5.994912e+06,3.159500e+01,,,1.412791e+00,4
2018-04-23 04:05:47.000000,2.383973e+07,1.531611e+07,5.837600e+01,5.997185e+06,3.164000e+01,,,1.411623e+00,4
2018-04-23 04:05:48.000000,2.384005e+07,1.535116e+07,5.842800e+01,5.999458e+06,3.168500e+01,,,1.410456e+00,4
2018-04-23 04:05:49.000000,2.384037e+07,1.538621e+07,5.848000e+01,6.001730e+06,3.173000e+01,,,1.409288e+00,4
2018-04-23 04:05:50.000000,2.384068e+07,1.542126e+07,5.853200e+01,6.004003e+06,3.177500e+01,,,1.408121e+00,4
2018-04-23 04:05:51.000000,2.384100e+07,1.556720e+07,5.875600e+01,6.006276e+06,3.182000e+01,,,1.406953e+00,4
2018-04-23 04:05:52.000000,2.384132e+07,1.571313e+07,5.898000e+01,6.008548e+06,3.186500e+01,,,1.405786e+00,4
2018-04-23 04:05:53.000000,2.384164e+07,1.556145e+07,5.866800e+01,6.010821e+06,3.191000e+01,,,1.404618e+00,4
2018-04-23 04:05:54.000000,2.384196e+07,1.540977e+07,5.835600e+01,6.013548e+06,3.195500e+01,,,1.403451e+00,4
2018-04-23 04:05:55.000000,2.384228e+07,1.537702e+07,5.833300e+01,6.016276e+06,3.200000e+01,,,1.402283e+00,4
2018-04-23 04:05:56.000000,2.384260e+07,1.534427e+07,5.831000e+01,6.019003e+06,3.204500e+01,,,1.402374e+00,4
2018-04-23 04:05:57.000000,2.384292e+07,1.531151e+07,5.828700e+01,6.021730e+06,3.209000e+01,,,1.402465e+00,4
2018-04-23 04:05:58.000000,2.384323e+07,1.527876e+07,5.826400e+01,6.024458e+06,3.213500e+01,,,1.402557e+00,4
2018-04-23 04:05:59.000000,2.384355e+07,1.543964e+07,5.851200e+01,6.027185e+06,3.218000e+01,,,1.402648e+00,4
2018-04-23 04:06:00.000000,2.384387e+07,1.560052e+07,5.876000e+01,6.029912e+06,3.222500e+01,,,1.402739e+00,4
2018-04-23 04:06:01.000000,2.384419e+07,1.563844e+07,5.879000e+01,6.032640e+06,3.227000e+01,,,1.402830e+00,4
2018-04-23 04:06:02.000000,2.384451e+07,1.567636e+07,5.882000e+01,6.035367e+06,3.231500e+01,,,1.402922e+00,4
2018-04-23 04:06:03.000000,2.384483e+07,1.553617e+07,5.847400e+01,6.038094e+06,3.236000e+01,,,1.403013e+00,4
2018-04-23 04:06:04.000000,2.384515e+07,1.539597e+07,5.812800e+01,6.040821e+06,3.240500e+01,,,1.403104e+00,4
2018-04-23 04:06:05.000000,2.384547e+07,1.534082e+07,5.801800e+01,6.044685e+06,3.245000e+01,,,1.403195e+00,4
2018-04-23 04:06:06.000000,2.384578e+07,1.528566e+07,5.790800e+01,6.048548e+06,3.249500e+01,,,1.403287e+00,4
2018-04-23 04:06:07.000000,2.384610e+07,1.543620e+07,5.815000e+01,6.052412e+06,3.254000e+01,,,1.403832e+00,4
2018-04-23 04:06:08.000000,2.384642e+07,1.558673e+07,5.839200e+01,6.056276e+06,3.258500e+01,,,1.404377e+00,4
2018-04-23 04:06:09.000000,2.384674e+07,1.560339e+07,5.838700e+01,6.060140e+06,3.263000e+01,,,1.404922e+00,4
2018-04-23 04:06:10.000000,2.384706e+07,1.562006e+07,5.838200e+01,6.064003e+06,3.267500e+01,,,1.405467e+00,4
2018-04-23 04:06:11.000000,2.384735e+07,1.563672e+07,5.837700e+01,6.067867e+06,3.272000e+01,,,1.406012e+00,4
2018-04-23 04:06:12.000000,2.384765e+07,1.565338e+07,5.837200e+01,6.071730e+06,3.276500e+01,,,1.406557e+00,4
2018-04-23 04:06:13.000000,2.384794e+07,1.547297e+07,5.809800e+01,6.075594e+06,3.281000e+01,,,1.407103e+00,4
2018-04-23 04:06:14.000000,2.384824e+07,1.529255e+07,5.782400e+01,6.079458e+06,3.285500e+01,,,1.407648e+00,4
2018-04-23 04:06:15.000000,2.384853e+07,1.531209e+07,5.787000e+01,6.083321e+06,3.290000e+01,,,1.408193e+00,4
2018-04-23 04:06:16.000000,2.384883e+07,1.533162e+07,5.791600e+01,6.081882e+06,3.294500e+01,,,1.408738e+00,4
2018-04-23 04:06:17.000000,2.384912e+07,1.549480e+07,5.801800e+01,6.080442e+06,3.299000e+01,,,1.409283e+00,4
2018-04-23 04:06:18.000000,2.384941e+07,1.565798e+07,5.812000e+01,6.079003e+06,3.303500e+01,,,1.410528e+00,4
2018-04-23 04:06:19.000000,2.384971e+07,1.569360e+07,5.824800e+01,6.077563e+06,3.308000e+01,,,1.411772e+00,4
2018-04-23 04:06:20.000000,2.385000e+07,1.572922e+07,5.837600e+01,6.076124e+06,3.312500e+01,,,1.413016e+00,4
2018-04-23 04:06:21.000000,2.385030e+07,1.566142e+07,5.829300e+01,6.074685e+06,3.317000e+01,,,1.414261e+00,4
2018-04-23 04:06:22.000000,2.385059e+07,1.559362e+07,5.821000e+01,6.073246e+06,3.321500e+01,,,1.415505e+00,4
2018-04-23 04:06:23.000000,2.385089e+07,1.552583e+07,5.812700e+01,6.071806e+06,3.326000e+01,,,1.416749e+00,4
2018-04-23 04:06:24.000000,2.385118e+07,1.545803e+07,5.804400e+01,6.070367e+06,3.330500e+01,,,1.417994e+00,4
2018-04-23 04:06:25.000000,2.385148e+07,1.537529e+07,5.779400e+01,6.068927e+06,3.335000e+01,,,1.419238e+00,4
2018-04-23 04:06:26.000000,2.385177e+07,1.529255e+07,5.754400e+01,6.067488e+06,3.339500e+01,,,1.420482e+00,4
2018-04-23 04:06:27.000000,2.385206e+07,1.534656e+07,5.770600e+01,6.063169e+06,3.344000e+01,,,1.421726e+00,4
2018-04-23 04:06:28.000000,2.385236e+07,1.540057e+07,5.786800e+01,6.058852e+06,3.348500e+01,,,1.422971e+00,4
2018-04-23 04:06:29.000000,2.385265e+07,1.545516e+07,5.794100e+01,6.054533e+06,3.353000e+01,,,1.422589e+00,4
2018-04-23 04:06:30.000000,2.385295e+07,1.550974e+07,5.801400e+01,6.050215e+06,3.354935e+01,,,1.422208e+00,4
2018-04-23 04:06:31.000000,2.385324e+07,1.556432e+07,5.808700e+01,6.045897e+06,3.356870e+01,,,1.421827e+00,4
2018-04-23 04:06:32.000000,2.385354e+07,1.561891e+07,5.816000e+01,6.041579e+06,3.358804e+01,,,1.421445e+00,4
2018-04-23 04:06:33.000000,2.385383e+07,1.566602e+07,5.826200e+01,6.037261e+06,3.360739e+01,,,1.421064e+00,4
2018-04-23 04:06:34.000000,2.385413e+07,1.571313e+07,5.836400e+01,6.032942e+06,3.362674e+01,,,1.420683e+00,4
2018-04-23 04:06:35.000000,2.385442e+07,1.556260e+07,5.814600e+01,6.028624e+06,3.364608e+01,,,1.420301e+00,4
2018-04-23 04:06:36.000000,2.385471e+07,1.541206e+07,5.792800e+01,6.024306e+06,3.366543e+01,,,1.419920e+00,4
2018-04-23 04:06:37.000000,2.385501e+07,1.539253e+07,5.795200e+01,6.019988e+06,3.368478e+01,,,1.419538e+00,4
2018-04-23 04:06:38.000000,2.385530e+07,1.537299e+07,5.797600e+01,6.020897e+06,3.370413e+01,,,1.419157e+00,4
2018-04-23 04:06:39.000000,2.385560e+07,1.550859e+07,5.827800e+01,6.021806e+06,3.372348e+01,,,1.418776e+00,4
2018-04-23 04:06:40.000000,2.385589e+07,1.564419e+07,5.858000e+01,6.022715e+06,3.374282e+01,,,1.419402e+00,4
2018-04-23 04:06:41.000000,2.385619e+07,1.555685e+07,5.838000e+01,6.023624e+06,3.376217e+01,,,1.420028e+00,4
2018-04-23 04:06:42.000000,2.385648e+07,1.546952e+07,5.818000e+01,6.024533e+06,3.378152e+01,,,1.420654e+00,4
2018-04-23 04:06:43.000000,2.385645e+07,1.538219e+07,5.798000e+01,6.025442e+06,3.380087e+01,,,1.421281e+00,4
2018-04-23 04:06:44.000000,2.385642e+07,1.529485e+07,5.778000e+01,6.026352e+06,3.382022e+01,,,1.421907e+00,4
2018-04-23 04:06:45.000000,2.385639e+07,1.529543e+07,5.780200e+01,6.027261e+06,3.383957e+01,,,1.422533e+00,4
2018-04-23 04:06:46.000000,2.385636e+07,1.529600e+07,5.782400e+01,6.028169e+06,3.385891e+01,,,1.423159e+00,4
2018-04-23 04:06:47.000000,2.385633e+07,1.529658e+07,5.784600e+01,6.029079e+06,3.387826e+01,,,1.423786e+00,4
2018-04-23 04:06:48.000000,2.385630e+07,1.529715e+07,5.786800e+01,6.029988e+06,3.389761e+01,,,1.424412e+00,4
2018-04-23 04:06:49.000000,2.385627e+07,1.545458e+07,5.810800e+01,6.033624e+06,3.391695e+01,,,1.425038e+00,4
2018-04-23 04:06:50.000000,2.385624e+07,1.561201e+07,5.834800e+01,6.037261e+06,3.393630e+01,,,1.425664e+00,4
2018-04-23 04:06:51.000000,2.385621e+07,1.566717e+07,5.849200e+01,6.040897e+06,3.395565e+01,,,1.422774e+00,4
2018-04-23 04:06:52.000000,2.385618e+07,1.572233e+07,5.863600e+01,6.044533e+06,3.397500e+01,,,1.419884e+00,4
2018-04-23 04:06:53.000000,2.385615e+07,1.562752e+07,5.842300e+01,6.048169e+06,3.399435e+01,,,1.416995e+00,4
2018-04-23 04:06:54.000000,2.385612e+07,1.553272e+07,5.821000e+01,6.051806e+06,3.401369e+01,,,1.414105e+00,4
2018-04-23 04:06:55.000000,2.385609e+07,1.543792e+07,5.799700e+01,6.055442e+06,3.403304e+01,,,1.411215e+00,4
2018-04-23 04:06:56.000000,2.385606e+07,1.534312e+07,5.778400e+01,6.059079e+06,3.405239e+01,,,1.408325e+00,4
2018-04-23 04:06:57.000000,2.385603e+07,1.540459e+07,5.793500e+01,6.062715e+06,3.407174e+01,,,1.405435e+00,4
2018-04-23 04:06:58.000000,2.385600e+07,1.546607e+07,5.808600e+01,6.066352e+06,3.409108e+01,,,1.402545e+00,4
2018-04-23 04:06:59.000000,2.385597e+07,1.552755e+07,5.823700e+01,6.069988e+06,3.411043e+01,,,1.399656e+00,4
2018-04-23 04:07:00.000000,2.385594e+07,1.558903e+07,5.838800e+01,6.068852e+06,3.412978e+01,,,1.396766e+00,4
2018-04-23 04:07:01.000000,2.385591e+07,1.564534e+07,5.852200e+01,6.067715e+06,3.414913e+01,,,1.393876e+00,4
2018-04-23 04:07:02.000000,2.385588e+07,1.570164e+07,5.865600e+01,6.066579e+06,3.416848e+01,,,1.397301e+00,4
2018-04-23 04:07:03.000000,2.385585e+07,1.551893e+07,5.842400e+01,6.065442e+06,3.418782e+01,,,1.400727e+00,4
2018-04-23 04:07:04.000000,2.385582e+07,1.533622e+07,5.819200e+01,6.064306e+06,3.420717e+01,,,1.404152e+00,4
2018-04-23 04:07:05.000000,2.385579e+07,1.537299e+07,5.814000e+01,6.063169e+06,3.422652e+01,,,1.407577e+00,4
2018-04-23 04:07:06.000000,2.385576e+07,1.540977e+07,5.808800e+01,6.062033e+06,3.424587e+01,,,1.411003e+00,4
2018-04-23 04:07:07.000000,2.385573e+07,1.555226e+07,5.836400e+01,6.060897e+06,3.426522e+01,,,1.414428e+00,4
2018-04-23 04:07:08.000000,2.385570e+07,1.569475e+07,5.864000e+01,6.059761e+06,3.428456e+01,,,1.417854e+00,4
2018-04-23 04:07:09.000000,2.385567e+07,1.571428e+07,5.851800e+01,6.058624e+06,3.430391e+01,,,1.421279e+00,4
2018-04-23 04:07:10.000000,2.385564e+07,1.573382e+07,5.839600e+01,6.057488e+06,3.432326e+01,,,1.424704e+00,4
2018-04-23 04:07:11.000000,2.385561e+07,1.569762e+07,5.835800e+01,6.059458e+06,3.434261e+01,,,1.428130e+00,4
2018-04-23 04:07:12.000000,2.385558e+07,1.566142e+07,5.832000e+01,6.061427e+06,3.436195e+01,,,1.431555e+00,4
2018-04-23 04:07:13.000000,2.385555e+07,1.562523e+07,5.828200e+01,6.063397e+06,3.438130e+01,,,1.432310e+00,4
2018-04-23 04:07:14.000000,2.385552e+07,1.558903e+07,5.824400e+01,6.065367e+06,3.440065e+01,,,1.433064e+00,4
2018-04-23 04:07:15.000000,2.385559e+07,1.546263e+07,5.796000e+01,6.067336e+06,3.442000e+01,,,1.433818e+00,4
2018-04-23 04:07:16.000000,2.385565e+07,1.533622e+07,5.767600e+01,6.069306e+06,3.443313e+01,,,1.434573e+00,4
2018-04-23 04:07:17.000000,2.385571e+07,1.533277e+07,5.761800e+01,6.071275e+06,3.444626e+01,,,1.435327e+00,4
2018-04-23 04:07:18.000000,2.385578e+07,1.532933e+07,5.756000e+01,6.073245e+06,3.445939e+01,,,1.436081e+00,4
2018-04-23 04:07:19.000000,2.385584e+07,1.538219e+07,5.773400e+01,6.075215e+06,3.447252e+01,,,1.436836e+00,4
2018-04-23 04:07:20.000000,2.385590e+07,1.543505e+07,5.790800e+01,6.077185e+06,3.448565e+01,,,1.437590e+00,4
2018-04-23 04:07:21.000000,2.385597e+07,1.548503e+07,5.797800e+01,6.079154e+06,3.449878e+01,,,1.438344e+00,4
2018-04-23 04:07:22.000000,2.385603e+07,1.553502e+07,5.804800e+01,6.083700e+06,3.451191e+01,,,1.439099e+00,4
2018-04-23 04:07:23.000000,2.385609e+07,1.558501e+07,5.811800e+01,6.088245e+06,3.452504e+01,,,1.439853e+00,4
2018-04-23 04:07:24.000000,2.385616e+07,1.563499e+07,5.818800e+01,6.092791e+06,3.453817e+01,,,1.437153e+00,4
2018-04-23 04:07:25.000000,2.385622e+07,1.564993e+07,5.818400e+01,6.097336e+06,3.455130e+01,,,1.434453e+00,4
2018-04-23 04:07:26.000000,2.385628e+07,1.566487e+07,5.818000e+01,6.101881e+06,3.456443e+01,,,1.431753e+00,4
2018-04-23 04:07:27.000000,2.385635e+07,1.557179e+07,5.814400e+01,6.106427e+06,3.457756e+01,,,1.429054e+00,4
2018-04-23 04:07:28.000000,2.385641e+07,1.547871e+07,5.810800e+01,6.110973e+06,3.459069e+01,,,1.426354e+00,4
2018-04-23 04:07:29.000000,2.385647e+07,1.539597e+07,5.801200e+01,6.115518e+06,3.460382e+01,,,1.423654e+00,4
2018-04-23 04:07:30.000000,2.385654e+07,1.531324e+07,5.791600e+01,6.120063e+06,3.461695e+01,,,1.420954e+00,4
2018-04-23 04:07:31.000000,2.385660e+07,1.536093e+07,5.792600e+01,6.124609e+06,3.463008e+01,,,1.418254e+00,4
2018-04-23 04:07:32.000000,2.385667e+07,1.540862e+07,5.793600e+01,6.129154e+06,3.464322e+01,,,1.415554e+00,4
2018-04-23 04:07:33.000000,2.385673e+07,1.545630e+07,5.794600e+01,6.136806e+06,3.465635e+01,,,1.412855e+00,4
2018-04-23 04:07:34.000000,2.385679e+07,1.550399e+07,5.795600e+01,6.144458e+06,3.466948e+01,,,1.410155e+00,4
2018-04-23 04:07:35.000000,2.385685e+07,1.562120e+07,5.815200e+01,6.152109e+06,3.468261e+01,,,1.410758e+00,4
2018-04-23 04:07:36.000000,2.385692e+07,1.573842e+07,5.834800e+01,6.159760e+06,3.469574e+01,,,1.411361e+00,4
2018-04-23 04:07:37.000000,2.385698e+07,1.569590e+07,5.833600e+01,6.167412e+06,3.470887e+01,,,1.411964e+00,4
2018-04-23 04:07:38.000000,2.385704e+07,1.565338e+07,5.832400e+01,6.175063e+06,3.472200e+01,,,1.412567e+00,4
2018-04-23 04:07:39.000000,2.385711e+07,1.562580e+07,5.824200e+01,6.182715e+06,3.473513e+01,,,1.413170e+00,4
2018-04-23 04:07:40.000000,2.385717e+07,1.559822e+07,5.816000e+01,6.190366e+06,3.474826e+01,,,1.413773e+00,4
2018-04-23 04:07:41.000000,2.385724e+07,1.557064e+07,5.807800e+01,6.198018e+06,3.476139e+01,,,1.414376e+00,4
2018-04-23 04:07:42.000000,2.385730e+07,1.554306e+07,5.799600e+01,6.205669e+06,3.477452e+01,,,1.414979e+00,4
2018-04-23 04:07:43.000000,2.385736e+07,1.542930e+07,5.793800e+01,6.213321e+06,3.478765e+01,,,1.415582e+00,4
2018-04-23 04:07:44.000000,2.385743e+07,1.531554e+07,5.788000e+01,6.217563e+06,3.480078e+01,,,1.416185e+00,4
2018-04-23 04:07:45.000000,2.385749e+07,1.545458e+07,5.803400e+01,6.221806e+06,3.481391e+01,,,1.416788e+00,4
2018-04-23 04:07:46.000000,2.385755e+07,1.559362e+07,5.818800e+01,6.226048e+06,3.482704e+01,,,1.417304e+00,4
2018-04-23 04:07:47.000000,2.385776e+07,1.566142e+07,5.833600e+01,6.230291e+06,3.484017e+01,,,1.417821e+00,4
2018-04-23 04:07:48.000000,2.385797e+07,1.572922e+07,5.848400e+01,6.234533e+06,3.485330e+01,,,1.418338e+00,4
2018-04-23 04:07:49.000000,2.385818e+07,1.558098e+07,5.820600e+01,6.238775e+06,3.486643e+01,,,1.418855e+00,4
2018-04-23 04:07:50.000000,2.385839e+07,1.543275e+07,5.792800e+01,6.243018e+06,3.487956e+01,,,1.419371e+00,4
2018-04-23 04:07:51.000000,2.385860e+07,1.540287e+07,5.781000e+01,6.247260e+06,3.489270e+01,,,1.419888e+00,4
2018-04-23 04:07:52.000000,2.385881e+07,1.537299e+07,5.769200e+01,6.251503e+06,3.490583e+01,,,1.420405e+00,4
2018-04-23 04:07:53.000000,2.385902e+07,1.542298e+07,5.782000e+01,6.255745e+06,3.491896e+01,,,1.420922e+00,4
2018-04-23 04:07:54.000000,2.385923e+07,1.547297e+07,5.794800e+01,6.259988e+06,3.493209e+01,,,1.421438e+00,4
2018-04-23 04:07:55.000000,2.385944e+07,1.552296e+07,5.807600e+01,6.264003e+06,3.494522e+01,,,1.421955e+00,4
2018-04-23 04:07:56.000000,2.385965e+07,1.557294e+07,5.820400e+01,6.268018e+06,3.495835e+01,,,1.422472e+00,4
2018-04-23 04:07:57.000000,2.385986e+07,1.565683e+07,5.831600e+01,6.272033e+06,3.497148e+01,,,1.420010e+00,4
2018-04-23 04:07:58.000000,2.386006e+07,1.574071e+07,5.842800e+01,6.276048e+06,3.498461e+01,,,1.417549e+00,4
2018-04-23 04:07:59.000000,2.386027e+07,1.559362e+07,5.824000e+01,6.280063e+06,3.499774e+01,,,1.415087e+00,4
2018-04-23 04:08:00.000000,2.386048e+07,1.544654e+07,5.805200e+01,6.284079e+06,3.501087e+01,,,1.412625e+00,4
2018-04-23 04:08:01.000000,2.386069e+07,1.541206e+07,5.794400e+01,6.288094e+06,3.502400e+01,,,1.410163e+00,4
2018-04-23 04:08:02.000000,2.386090e+07,1.537759e+07,5.783600e+01,6.292109e+06,3.503713e+01,,,1.407702e+00,4
2018-04-23 04:08:03.000000,2.386111e+07,1.555800e+07,5.820400e+01,6.296124e+06,3.505026e+01,,,1.405240e+00,4
2018-04-23 04:08:04.000000,2.386132e+07,1.573842e+07,5.857200e+01,6.300139e+06,3.506339e+01,,,1.402778e+00,4
2018-04-23 04:08:05.000000,2.386153e+07,1.574071e+07,5.858100e+01,6.304154e+06,3.507652e+01,,,1.400317e+00,4
2018-04-23 04:08:06.000000,2.386174e+07,1.574301e+07,5.859000e+01,6.306351e+06,3.508965e+01,,,1.397855e+00,4
2018-04-23 04:08:07.000000,2.386195e+07,1.574531e+07,5.859900e+01,6.308548e+06,3.510278e+01,,,1.395393e+00,4
2018-04-23 04:08:08.000000,2.386216e+07,1.574761e+07,5.860800e+01,6.310745e+06,3.511591e+01,,,1.396059e+00,4
2018-04-23 04:08:09.000000,2.386237e+07,1.557639e+07,5.838800e+01,6.312942e+06,3.512904e+01,,,1.396726e+00,4
2018-04-23 04:08:10.000000,2.386258e+07,1.540517e+07,5.816800e+01,6.315139e+06,3.514217e+01,,,1.397391e+00,4
2018-04-23 04:08:11.000000,2.386279e+07,1.536725e+07,5.793600e+01,6.317336e+06,3.515530e+01,,,1.398058e+00,4
2018-04-23 04:08:12.000000,2.386299e+07,1.532933e+07,5.770400e+01,6.319533e+06,3.516843e+01,,,1.398724e+00,4
2018-04-23 04:08:13.000000,2.386320e+07,1.549825e+07,5.801600e+01,6.321730e+06,3.518156e+01,,,1.399390e+00,4
2018-04-23 04:08:14.000000,2.386341e+07,1.566717e+07,5.832800e+01,6.323927e+06,3.519469e+01,,,1.400056e+00,4
2018-04-23 04:08:15.000000,2.386362e+07,1.569015e+07,5.835000e+01,6.326124e+06,3.520782e+01,,,1.400722e+00,4
2018-04-23 04:08:16.000000,2.386383e+07,1.571313e+07,5.837200e+01,6.328321e+06,3.522095e+01,,,1.401388e+00,4
2018-04-23 04:08:17.000000,2.386404e+07,1.555685e+07,5.815400e+01,6.330442e+06,3.523409e+01,,,1.402054e+00,4
2018-04-23 04:08:18.000000,2.386425e+07,1.540057e+07,5.793600e+01,6.332563e+06,3.524722e+01,,,1.402720e+00,4
2018-04-23 04:08:19.000000,2.386446e+07,1.542930e+07,5.791200e+01,6.334685e+06,3.526035e+01,,,1.402004e+00,4
2018-04-23 04:08:20.000000,2.386467e+07,1.545803e+07,5.788800e+01,6.336806e+06,3.527348e+01,,,1.401287e+00,4
2018-04-23 04:08:21.000000,2.386491e+07,1.559362e+07,5.817200e+01,6.338927e+06,3.528661e+01,,,1.400570e+00,4
2018-04-23 04:08:22.000000,2.386516e+07,1.572922e+07,5.845600e+01,6.341048e+06,3.529974e+01,,,1.399854e+00,4
2018-04-23 04:08:23.000000,2.386540e+07,1.573612e+07,5.849500e+01,6.343169e+06,3.531287e+01,,,1.399137e+00,4
2018-04-23 04:08:24.000000,2.386565e+07,1.574301e+07,5.853400e+01,6.345291e+06,3.532600e+01,,,1.398421e+00,4
2018-04-23 04:08:25.000000,2.386589e+07,1.574991e+07,5.857300e+01,6.347412e+06,3.533913e+01,,,1.397704e+00,4
2018-04-23 04:08:26.000000,2.386613e+07,1.575680e+07,5.861200e+01,6.349533e+06,3.535226e+01,,,1.396988e+00,4
2018-04-23 04:08:27.000000,2.386638e+07,1.565625e+07,5.844500e+01,6.351654e+06,3.536539e+01,,,1.396271e+00,4
2018-04-23 04:08:28.000000,2.386662e+07,1.555570e+07,5.827800e+01,6.353775e+06,3.537852e+01,,,1.395554e+00,4
2018-04-23 04:08:29.000000,2.386687e+07,1.545515e+07,5.811100e+01,6.355896e+06,3.539165e+01,,,1.394838e+00,4
2018-04-23 04:08:30.000000,2.386711e+07,1.535461e+07,5.794400e+01,6.358018e+06,3.540478e+01,,,1.396302e+00,4
2018-04-23 04:08:31.000000,2.386736e+07,1.538965e+07,5.797000e+01,6.360139e+06,3.541791e+01,,,1.397766e+00,4
2018-04-23 04:08:32.000000,2.386760e+07,1.542470e+07,5.799600e+01,6.362260e+06,3.543104e+01,,,1.399230e+00,4
2018-04-23 04:08:33.000000,2.386785e+07,1.545975e+07,5.802200e+01,6.364381e+06,3.544417e+01,,,1.400695e+00,4
2018-04-23 04:08:34.000000,2.386809e+07,1.549480e+07,5.804800e+01,6.366502e+06,3.545730e+01,,,1.402159e+00,4
2018-04-23 04:08:35.000000,2.386833e+07,1.562235e+07,5.831800e+01,6.368624e+06,3.547044e+01,,,1.403623e+00,4
2018-04-23 04:08:36.000000,2.386858e+07,1.574991e+07,5.858800e+01,6.370745e+06,3.548357e+01,,,1.405087e+00,4
2018-04-23 04:08:37.000000,2.386882e+07,1.569475e+07,5.848800e+01,6.372866e+06,3.549670e+01,,,1.406552e+00,4
2018-04-23 04:08:38.000000,2.386907e+07,1.563959e+07,5.838800e+01,6.374987e+06,3.550983e+01,,,1.408016e+00,4
2018-04-23 04:08:39.000000,2.386931e+07,1.549480e+07,5.813800e+01,6.376730e+06,3.552296e+01,,,1.409480e+00,4
2018-04-23 04:08:40.000000,2.386956e+07,1.535001e+07,5.788800e+01,6.378472e+06,3.553609e+01,,,1.410944e+00,4
2018-04-23 04:08:41.000000,2.386980e+07,1.552698e+07,5.808000e+01,6.380215e+06,3.554922e+01,,,1.409126e+00,4
2018-04-23 04:08:42.000000,2.387005e+07,1.570394e+07,5.827200e+01,6.381957e+06,3.556235e+01,,,1.407308e+00,4
2018-04-23 04:08:43.000000,2.387029e+07,1.574531e+07,5.831200e+01,6.383700e+06,3.557548e+01,,,1.405490e+00,4
2018-04-23 04:08:44.000000,2.387054e+07,1.578668e+07,5.835200e+01,6.385442e+06,3.558861e+01,,,1.403672e+00,4
2018-04-23 04:08:45.000000,2.387078e+07,1.571313e+07,5.815000e+01,6.387185e+06,3.560174e+01,,,1.401854e+00,4
2018-04-23 04:08:46.000000,2.387102e+07,1.563959e+07,5.794800e+01,6.388927e+06,3.561487e+01,,,1.400036e+00,4
2018-04-23 04:08:47.000000,2.387127e+07,1.549940e+07,5.771800e+01,6.390669e+06,3.562800e+01,,,1.398218e+00,4
2018-04-23 04:08:48.000000,2.387151e+07,1.535920e+07,5.748800e+01,6.392412e+06,3.564113e+01,,,1.396400e+00,4
2018-04-23 04:08:49.000000,2.387176e+07,1.540977e+07,5.758800e+01,6.394154e+06,3.565426e+01,,,1.394582e+00,4
2018-04-23 04:08:50.000000,2.387200e+07,1.546033e+07,5.768800e+01,6.396048e+06,3.566739e+01,,,1.392764e+00,4
2018-04-23 04:08:51.000000,2.387225e+07,1.551089e+07,5.778800e+01,6.397942e+06,3.568052e+01,,,1.390946e+00,4
2018-04-23 04:08:52.000000,2.387249e+07,1.556145e+07,5.788800e+01,6.399836e+06,3.569365e+01,,,1.391958e+00,4
2018-04-23 04:08:53.000000,2.387251e+07,1.566602e+07,5.823200e+01,6.401730e+06,3.570678e+01,,,1.392970e+00,4
2018-04-23 04:08:54.000000,2.387254e+07,1.577059e+07,5.857600e+01,6.403624e+06,3.571991e+01,,,1.393982e+00,4
2018-04-23 04:08:55.000000,2.387256e+07,1.569475e+07,5.831800e+01,6.405518e+06,3.573304e+01,,,1.394994e+00,4
2018-04-23 04:08:56.000000,2.387259e+07,1.561891e+07,5.806000e+01,6.407412e+06,3.574617e+01,,,1.396006e+00,4
2018-04-23 04:08:57.000000,2.387261e+07,1.550744e+07,5.786000e+01,6.409306e+06,3.575930e+01,,,1.397018e+00,4
2018-04-23 04:08:58.000000,2.387264e+07,1.539597e+07,5.766000e+01,6.411200e+06,3.577243e+01,,,1.398030e+00,4
2018-04-23 04:08:59.000000,2.387266e+07,1.548676e+07,5.789200e+01,6.413093e+06,3.578556e+01,,,1.399042e+00,4
2018-04-23 04:09:00.000000,2.387269e+07,1.557754e+07,5.812400e+01,6.414987e+06,3.579869e+01,,,1.400054e+00,4
2018-04-23 04:09:01.000000,2.387271e+07,1.569130e+07,5.835600e+01,6.416654e+06,3.581182e+01,,,1.401066e+00,4
2018-04-23 04:09:02.000000,2.387273e+07,1.580506e+07,5.858800e+01,6.418321e+06,3.582495e+01,,,1.402078e+00,4
2018-04-23 04:09:03.000000,2.387276e+07,1.576714e+07,5.851400e+01,6.419987e+06,3.583809e+01,,,1.401638e+00,4
2018-04-23 04:09:04.000000,2.387278e+07,1.572922e+07,5.844000e+01,6.421654e+06,3.585122e+01,,,1.401198e+00,4
2018-04-23 04:09:05.000000,2.387281e+07,1.569130e+07,5.836600e+01,6.423321e+06,3.586435e+01,,,1.400759e+00,4
2018-04-23 04:09:06.000000,2.387283e+07,1.565338e+07,5.829200e+01,6.424987e+06,3.587748e+01,,,1.400319e+00,4
2018-04-23 04:09:07.000000,2.387285e+07,1.554306e+07,5.811600e+01,6.426654e+06,3.589061e+01,,,1.399880e+00,4
2018-04-23 04:09:08.000000,2.387288e+07,1.543275e+07,5.794000e+01,6.428321e+06,3.590374e+01,,,1.399440e+00,4
2018-04-23 04:09:09.000000,2.387290e+07,1.544654e+07,5.791000e+01,6.429987e+06,3.591687e+01,,,1.399001e+00,4
2018-04-23 04:09:10.000000,2.387293e+07,1.546033e+07,5.788000e+01,6.431654e+06,3.593000e+01,,,1.398561e+00,4
2018-04-23 04:09:11.000000,2.387295e+07,1.562235e+07,5.809200e+01,6.433321e+06,3.592891e+01,,,1.398122e+00,4
2018-04-23 04:09:12.000000,2.387298e+07,1.578438e+07,5.830400e+01,6.435139e+06,3.592783e+01,,,1.397682e+00,4
2018-04-23 04:09:13.000000,2.387300e+07,1.579128e+07,5.837600e+01,6.436957e+06,3.592674e+01,,,1.397243e+00,4
2018-04-23 04:09:14.000000,2.387303e+07,1.579817e+07,5.844800e+01,6.438775e+06,3.592565e+01,,,1.399496e+00,4
2018-04-23 04:09:15.000000,2.387305e+07,1.577116e+07,5.842900e+01,6.440594e+06,3.592456e+01,,,1.401749e+00,4
2018-04-23 04:09:16.000000,2.387307e+07,1.574416e+07,5.841000e+01,6.442412e+06,3.592348e+01,,,1.404002e+00,4
2018-04-23 04:09:17.000000,2.387310e+07,1.571716e+07,5.839100e+01,6.444230e+06,3.592239e+01,,,1.406255e+00,4
2018-04-23 04:09:18.000000,2.387312e+07,1.569015e+07,5.837200e+01,6.446048e+06,3.592131e+01,,,1.408508e+00,4
2018-04-23 04:09:19.000000,2.387315e+07,1.566602e+07,5.818000e+01,6.447866e+06,3.592022e+01,,,1.410761e+00,4
2018-04-23 04:09:20.000000,2.387317e+07,1.564189e+07,5.798800e+01,6.449685e+06,3.591913e+01,,,1.413014e+00,4
2018-04-23 04:09:21.000000,2.387319e+07,1.554306e+07,5.799200e+01,6.451502e+06,3.591805e+01,,,1.415267e+00,4
2018-04-23 04:09:22.000000,2.387322e+07,1.544424e+07,5.799600e+01,6.453321e+06,3.591696e+01,,,1.417520e+00,4
2018-04-23 04:09:23.000000,2.387324e+07,1.543160e+07,5.789000e+01,6.455594e+06,3.591587e+01,,,1.419773e+00,4
2018-04-23 04:09:24.000000,2.387327e+07,1.541896e+07,5.778400e+01,6.457866e+06,3.591478e+01,,,1.422026e+00,4
2018-04-23 04:09:25.000000,2.387329e+07,1.549020e+07,5.796200e+01,6.460139e+06,3.591370e+01,,,1.421610e+00,4
2018-04-23 04:09:26.000000,2.387332e+07,1.556145e+07,5.814000e+01,6.462412e+06,3.591261e+01,,,1.421195e+00,4
2018-04-23 04:09:27.000000,2.387330e+07,1.560282e+07,5.818200e+01,6.464685e+06,3.591152e+01,,,1.420780e+00,4
2018-04-23 04:09:28.000000,2.387329e+07,1.564419e+07,5.822400e+01,6.466957e+06,3.591043e+01,,,1.420365e+00,4
2018-04-23 04:09:29.000000,2.387328e+07,1.568556e+07,5.826600e+01,6.469230e+06,3.590935e+01,,,1.419950e+00,4
2018-04-23 04:09:30.000000,2.387326e+07,1.572692e+07,5.830800e+01,6.471502e+06,3.590826e+01,,,1.419535e+00,4
2018-04-23 04:09:31.000000,2.387325e+07,1.574531e+07,5.834000e+01,6.473775e+06,3.590717e+01,,,1.419120e+00,4
2018-04-23 04:09:32.000000,2.387324e+07,1.576370e+07,5.837200e+01,6.476048e+06,3.590609e+01,,,1.418704e+00,4
2018-04-23 04:09:33.000000,2.387322e+07,1.571658e+07,5.830000e+01,6.478321e+06,3.590500e+01,,,1.418289e+00,4
2018-04-23 04:09:34.000000,2.387321e+07,1.566947e+07,5.822800e+01,6.477185e+06,3.590392e+01,,,1.417874e+00,4
2018-04-23 04:09:35.000000,2.387320e+07,1.554077e+07,5.800400e+01,6.476048e+06,3.590283e+01,,,1.417459e+00,4
2018-04-23 04:09:36.000000,2.387318e+07,1.541206e+07,5.778000e+01,6.474912e+06,3.590174e+01,,,1.417475e+00,4
2018-04-23 04:09:37.000000,2.387317e+07,1.541781e+07,5.779600e+01,6.473775e+06,3.590065e+01,,,1.417492e+00,4
2018-04-23 04:09:38.000000,2.387316e+07,1.542355e+07,5.781200e+01,6.472639e+06,3.589957e+01,,,1.417508e+00,4
2018-04-23 04:09:39.000000,2.387314e+07,1.542930e+07,5.782800e+01,6.471502e+06,3.589848e+01,,,1.417524e+00,4
2018-04-23 04:09:40.000000,2.387313e+07,1.543505e+07,5.784400e+01,6.470366e+06,3.589739e+01,,,1.417540e+00,4
2018-04-23 04:09:41.000000,2.387312e+07,1.550974e+07,5.803200e+01,6.469230e+06,3.589631e+01,,,1.417557e+00,4
2018-04-23 04:09:42.000000,2.387310e+07,1.558443e+07,5.822000e+01,6.468094e+06,3.589522e+01,,,1.417573e+00,4
2018-04-23 04:09:43.000000,2.387309e+07,1.569590e+07,5.844800e+01,6.466957e+06,3.589413e+01,,,1.417589e+00,4
2018-04-23 04:09:44.000000,2.387308e+07,1.580736e+07,5.867600e+01,6.465821e+06,3.589304e+01,,,1.417606e+00,4
2018-04-23 04:09:45.000000,2.387306e+07,1.563270e+07,5.836400e+01,6.460063e+06,3.589196e+01,,,1.417622e+00,4
2018-04-23 04:09:46.000000,2.387305e+07,1.545803e+07,5.805200e+01,6.454306e+06,3.589087e+01,,,1.417638e+00,4
2018-04-23 04:09:47.000000,2.387304e+07,1.544769e+07,5.800600e+01,6.448548e+06,3.588978e+01,,,1.415944e+00,4
2018-04-23 04:09:48.000000,2.387302e+07,1.543734e+07,5.796000e+01,6.442791e+06,3.588869e+01,,,1.414250e+00,4
2018-04-23 04:09:49.000000,2.387301e+07,1.549882e+07,5.808400e+01,6.437033e+06,3.588761e+01,,,1.412556e+00,4
2018-04-23 04:09:50.000000,2.387300e+07,1.556030e+07,5.820800e+01,6.431275e+06,3.588652e+01,,,1.410862e+00,4
2018-04-23 04:09:51.000000,2.387298e+07,1.562178e+07,5.833200e+01,6.425518e+06,3.588544e+01,,,1.409169e+00,4
2018-04-23 04:09:52.000000,2.387297e+07,1.568326e+07,5.845600e+01,6.419760e+06,3.588435e+01,,,1.407475e+00,4
2018-04-23 04:09:53.000000,2.387296e+07,1.573267e+07,5.854200e+01,6.414002e+06,3.588326e+01,,,1.405781e+00,4
2018-04-23 04:09:54.000000,2.387294e+07,1.578208e+07,5.862800e+01,6.408245e+06,3.588218e+01,,,1.404087e+00,4
2018-04-23 04:09:55.000000,2.387293e+07,1.561776e+07,5.835800e+01,6.402487e+06,3.588109e+01,,,1.402393e+00,4
2018-04-23 04:09:56.000000,2.387292e+07,1.545343e+07,5.808800e+01,6.381654e+06,3.588000e+01,,,1.400699e+00,4
2018-04-23 04:09:57.000000,2.387271e+07,1.543045e+07,5.797800e+01,6.360821e+06,3.586522e+01,,,1.399005e+00,4
2018-04-23 04:09:58.000000,2.387249e+07,1.540747e+07,5.786800e+01,6.339987e+06,3.585044e+01,,,1.399869e+00,4
2018-04-23 04:09:59.000000,2.387228e+07,1.555570e+07,5.811600e+01,6.319154e+06,3.583565e+01,,,1.400734e+00,4
2018-04-23 04:10:00.000000,2.387207e+07,1.570394e+07,5.836400e+01,6.298321e+06,3.582087e+01,,,1.401598e+00,4
2018-04-23 04:10:01.000000,2.387186e+07,1.573037e+07,5.843100e+01,6.277487e+06,3.580609e+01,,,1.402462e+00,4
2018-04-23 04:10:02.000000,2.387165e+07,1.575680e+07,5.849800e+01,6.256654e+06,3.579131e+01,,,1.403327e+00,4
2018-04-23 04:10:03.000000,2.387144e+07,1.578323e+07,5.856500e+01,6.235821e+06,3.577652e+01,,,1.404191e+00,4
2018-04-23 04:10:04.000000,2.387123e+07,1.580966e+07,5.863200e+01,6.214987e+06,3.576174e+01,,,1.405056e+00,4
2018-04-23 04:10:05.000000,2.387102e+07,1.567521e+07,5.846800e+01,6.194154e+06,3.574696e+01,,,1.405920e+00,4
2018-04-23 04:10:06.000000,2.387081e+07,1.554077e+07,5.830400e+01,6.173321e+06,3.573217e+01,,,1.406784e+00,4
2018-04-23 04:10:07.000000,2.387059e+07,1.546492e+07,5.821400e+01,6.153472e+06,3.571739e+01,,,1.407649e+00,4
2018-04-23 04:10:08.000000,2.387038e+07,1.538908e+07,5.812400e+01,6.133624e+06,3.570261e+01,,,1.408513e+00,4
2018-04-23 04:10:09.000000,2.387017e+07,1.554651e+07,5.834000e+01,6.113775e+06,3.568783e+01,,,1.411042e+00,4
2018-04-23 04:10:10.000000,2.386996e+07,1.570394e+07,5.855600e+01,6.093927e+06,3.567305e+01,,,1.413570e+00,4
2018-04-23 04:10:11.000000,2.386975e+07,1.572807e+07,5.859200e+01,6.074079e+06,3.565826e+01,,,1.416099e+00,4
2018-04-23 04:10:12.000000,2.386954e+07,1.575220e+07,5.862800e+01,6.054230e+06,3.564348e+01,,,1.418627e+00,4
2018-04-23 04:10:13.000000,2.386933e+07,1.577634e+07,5.866400e+01,6.034382e+06,3.562870e+01,,,1.421156e+00,4
2018-04-23 04:10:14.000000,2.386912e+07,1.580047e+07,5.870000e+01,6.014533e+06,3.561391e+01,,,1.423684e+00,4
2018-04-23 04:10:15.000000,2.386891e+07,1.561776e+07,5.842000e+01,5.994685e+06,3.559913e+01,,,1.426213e+00,4
2018-04-23 04:10:16.000000,2.386870e+07,1.543505e+07,5.814000e+01,5.974836e+06,3.558435e+01,,,1.428742e+00,4
2018-04-23 04:10:17.000000,2.386848e+07,1.548791e+07,5.823800e+01,5.954988e+06,3.556956e+01,,,1.431270e+00,4
2018-04-23 04:10:18.000000,2.386827e+07,1.554077e+07,5.833600e+01,5.937185e+06,3.555478e+01,,,1.433799e+00,4
2018-04-23 04:10:19.000000,2.386806e+07,1.564878e+07,5.851800e+01,5.919382e+06,3.554000e+01,,,1.436327e+00,4
2018-04-23 04:10:20.000000,2.386785e+07,1.575680e+07,5.870000e+01,5.901579e+06,3.544065e+01,,,1.434389e+00,4
2018-04-23 04:10:21.000000,2.386764e+07,1.569590e+07,5.853800e+01,5.883776e+06,3.534130e+01,,,1.432451e+00,4
2018-04-23 04:10:22.000000,2.386743e+07,1.563499e+07,5.837600e+01,5.865973e+06,3.524196e+01,,,1.430513e+00,4
2018-04-23 04:10:23.000000,2.386722e+07,1.550055e+07,5.812600e+01,5.848170e+06,3.514261e+01,,,1.428574e+00,4
2018-04-23 04:10:24.000000,2.386701e+07,1.536610e+07,5.787600e+01,5.830367e+06,3.504326e+01,,,1.426636e+00,4
2018-04-23 04:10:25.000000,2.386680e+07,1.545228e+07,5.804300e+01,5.812564e+06,3.494391e+01,,,1.424698e+00,4
2018-04-23 04:10:26.000000,2.386658e+07,1.553847e+07,5.821000e+01,5.794761e+06,3.484457e+01,,,1.422760e+00,4
2018-04-23 04:10:27.000000,2.386637e+07,1.562465e+07,5.837700e+01,5.776958e+06,3.474522e+01,,,1.420821e+00,4
2018-04-23 04:10:28.000000,2.386616e+07,1.571084e+07,5.854400e+01,5.759155e+06,3.464587e+01,,,1.418883e+00,4
2018-04-23 04:10:29.000000,2.386595e+07,1.574071e+07,5.870800e+01,5.757034e+06,3.454652e+01,,,1.416945e+00,4
2018-04-23 04:10:30.000000,2.386574e+07,1.577059e+07,5.887200e+01,5.754912e+06,3.444717e+01,,,1.415007e+00,4
2018-04-23 04:10:31.000000,2.386553e+07,1.559592e+07,5.854600e+01,5.752791e+06,3.434783e+01,,,1.413831e+00,4
2018-04-23 04:10:32.000000,2.386532e+07,1.542126e+07,5.822000e+01,5.750670e+06,3.424848e+01,,,1.412656e+00,4
2018-04-23 04:10:33.000000,2.386425e+07,1.539713e+07,5.806400e+01,5.748549e+06,3.414913e+01,,,1.411481e+00,4
2018-04-23 04:10:34.000000,2.386319e+07,1.537299e+07,5.790800e+01,5.746427e+06,3.404978e+01,,,1.410306e+00,4
2018-04-23 04:10:35.000000,2.386213e+07,1.554306e+07,5.817600e+01,5.744306e+06,3.395044e+01,,,1.409130e+00,4
2018-04-23 04:10:36.000000,2.386106e+07,1.571313e+07,5.844400e+01,5.742185e+06,3.385109e+01,,,1.407955e+00,4
2018-04-23 04:10:37.000000,2.386000e+07,1.567866e+07,5.832300e+01,5.740064e+06,3.375174e+01,,,1.406780e+00,4
2018-04-23 04:10:38.000000,2.385894e+07,1.564419e+07,5.820200e+01,5.737942e+06,3.365239e+01,,,1.405605e+00,4
2018-04-23 04:10:39.000000,2.385788e+07,1.560971e+07,5.808100e+01,5.735821e+06,3.355304e+01,,,1.404430e+00,4
2018-04-23 04:10:40.000000,2.385681e+07,1.557524e+07,5.796000e+01,5.739003e+06,3.345370e+01,,,1.403255e+00,4
2018-04-23 04:10:41.000000,2.385575e+07,1.544424e+07,5.777200e+01,5.742185e+06,3.335435e+01,,,1.402079e+00,4
2018-04-23 04:10:42.000000,2.385468e+07,1.531324e+07,5.758400e+01,5.745367e+06,3.325500e+01,,,1.404279e+00,4
2018-04-23 04:10:43.000000,2.385362e+07,1.541896e+07,5.794400e+01,5.748548e+06,3.315565e+01,,,1.406479e+00,4
2018-04-23 04:10:44.000000,2.385256e+07,1.552468e+07,5.830400e+01,5.751730e+06,3.305630e+01,,,1.408680e+00,4
2018-04-23 04:10:45.000000,2.385149e+07,1.561776e+07,5.848800e+01,5.754912e+06,3.295695e+01,,,1.410880e+00,4
2018-04-23 04:10:46.000000,2.385043e+07,1.571084e+07,5.867200e+01,5.758094e+06,3.285761e+01,,,1.413080e+00,4
2018-04-23 04:10:47.000000,2.384937e+07,1.550974e+07,5.824400e+01,5.761276e+06,3.275826e+01,,,1.415280e+00,4
2018-04-23 04:10:48.000000,2.384830e+07,1.530864e+07,5.781600e+01,5.764458e+06,3.265891e+01,,,1.417480e+00,4
2018-04-23 04:10:49.000000,2.384724e+07,1.541321e+07,5.814000e+01,5.767640e+06,3.255957e+01,,,1.419680e+00,4
2018-04-23 04:10:50.000000,2.384618e+07,1.551778e+07,5.846400e+01,5.770821e+06,3.246022e+01,,,1.421880e+00,4
2018-04-23 04:10:51.000000,2.384511e+07,1.545803e+07,5.833200e+01,5.778852e+06,3.236087e+01,,,1.424080e+00,4
2018-04-23 04:10:52.000000,2.384405e+07,1.539827e+07,5.820000e+01,5.786882e+06,3.226152e+01,,,1.426280e+00,4
2018-04-23 04:10:53.000000,2.384299e+07,1.533852e+07,5.806800e+01,5.794912e+06,3.216217e+01,,,1.425406e+00,4
2018-04-23 04:10:54.000000,2.384192e+07,1.527876e+07,5.793600e+01,5.802942e+06,3.206282e+01,,,1.424531e+00,4
2018-04-23 04:10:55.000000,2.384086e+07,1.541896e+07,5.825600e+01,5.810973e+06,3.196348e+01,,,1.423656e+00,4
2018-04-23 04:10:56.000000,2.383980e+07,1.555915e+07,5.857600e+01,5.819003e+06,3.186413e+01,,,1.422781e+00,4
2018-04-23 04:10:57.000000,2.383873e+07,1.559477e+07,5.870000e+01,5.827034e+06,3.176478e+01,,,1.421907e+00,4
2018-04-23 04:10:58.000000,2.383767e+07,1.563040e+07,5.882400e+01,5.835064e+06,3.166543e+01,,,1.421032e+00,4
2018-04-23 04:10:59.000000,2.383661e+07,1.566602e+07,5.894800e+01,5.843094e+06,3.156609e+01,,,1.420157e+00,4
2018-04-23 04:11:00.000000,2.383554e+07,1.570164e+07,5.907200e+01,5.851125e+06,3.146674e+01,,,1.419282e+00,4
2018-04-23 04:11:01.000000,2.383448e+07,1.557524e+07,5.889600e+01,5.859155e+06,3.136739e+01,,,1.418408e+00,4
2018-04-23 04:11:02.000000,2.383342e+07,1.544884e+07,5.872000e+01,5.860215e+06,3.126804e+01,,,1.417533e+00,4
2018-04-23 04:11:03.000000,2.383235e+07,1.535346e+07,5.856800e+01,5.861276e+06,3.116870e+01,,,1.416658e+00,4
2018-04-23 04:11:04.000000,2.383129e+07,1.525808e+07,5.841600e+01,5.862336e+06,3.106935e+01,,,1.414333e+00,4
2018-04-23 04:11:05.000000,2.383140e+07,1.540287e+07,5.872400e+01,5.863397e+06,3.097000e+01,,,1.412007e+00,4
2018-04-23 04:11:06.000000,2.383152e+07,1.554766e+07,5.903200e+01,5.864458e+06,3.097565e+01,,,1.409682e+00,4
2018-04-23 04:11:07.000000,2.383163e+07,1.558041e+07,5.909000e+01,5.865519e+06,3.098130e+01,,,1.407356e+00,4
2018-04-23 04:11:08.000000,2.383174e+07,1.561316e+07,5.914800e+01,5.866579e+06,3.098696e+01,,,1.405031e+00,4
2018-04-23 04:11:09.000000,2.383186e+07,1.564591e+07,5.920600e+01,5.867640e+06,3.099261e+01,,,1.402705e+00,4
2018-04-23 04:11:10.000000,2.383197e+07,1.567866e+07,5.926400e+01,5.868700e+06,3.099826e+01,,,1.400380e+00,4
2018-04-23 04:11:11.000000,2.383208e+07,1.548561e+07,5.887000e+01,5.869761e+06,3.100391e+01,,,1.398055e+00,4
2018-04-23 04:11:12.000000,2.383220e+07,1.529255e+07,5.847600e+01,5.870821e+06,3.100957e+01,,,1.395729e+00,4
2018-04-23 04:11:13.000000,2.383231e+07,1.533162e+07,5.862400e+01,5.874533e+06,3.101522e+01,,,1.393404e+00,4
2018-04-23 04:11:14.000000,2.383243e+07,1.537069e+07,5.877200e+01,5.878246e+06,3.102087e+01,,,1.391078e+00,4
2018-04-23 04:11:15.000000,2.383254e+07,1.551089e+07,5.908200e+01,5.881958e+06,3.102652e+01,,,1.392580e+00,4
2018-04-23 04:11:16.000000,2.383265e+07,1.565108e+07,5.939200e+01,5.885670e+06,3.103217e+01,,,1.394081e+00,4
2018-04-23 04:11:17.000000,2.383277e+07,1.558098e+07,5.926600e+01,5.889382e+06,3.103783e+01,,,1.395582e+00,4
2018-04-23 04:11:18.000000,2.383288e+07,1.551089e+07,5.914000e+01,5.893094e+06,3.104348e+01,,,1.397084e+00,4
2018-04-23 04:11:19.000000,2.383299e+07,1.538448e+07,5.893800e+01,5.896806e+06,3.104913e+01,,,1.398585e+00,4
2018-04-23 04:11:20.000000,2.383311e+07,1.525808e+07,5.873600e+01,5.900519e+06,3.105478e+01,,,1.400087e+00,4
2018-04-23 04:11:21.000000,2.383322e+07,1.527187e+07,5.871900e+01,5.904230e+06,3.106043e+01,,,1.401588e+00,4
2018-04-23 04:11:22.000000,2.383333e+07,1.528566e+07,5.870200e+01,5.907943e+06,3.106609e+01,,,1.403089e+00,4
2018-04-23 04:11:23.000000,2.383345e+07,1.529945e+07,5.868500e+01,5.911655e+06,3.107174e+01,,,1.404591e+00,4
2018-04-23 04:11:24.000000,2.383356e+07,1.531324e+07,5.866800e+01,5.914685e+06,3.107739e+01,,,1.406092e+00,4
2018-04-23 04:11:25.000000,2.383368e+07,1.549595e+07,5.879600e+01,5.917715e+06,3.108304e+01,,,1.407594e+00,4
2018-04-23 04:11:26.000000,2.383379e+07,1.567866e+07,5.892400e+01,5.920746e+06,3.108870e+01,,,1.408124e+00,4
2018-04-23 04:11:27.000000,2.383390e+07,1.568556e+07,5.897000e+01,5.923776e+06,3.109435e+01,,,1.408655e+00,4
2018-04-23 04:11:28.000000,2.383402e+07,1.569245e+07,5.901600e+01,5.926806e+06,3.110000e+01,,,1.409185e+00,4
2018-04-23 04:11:29.000000,2.383413e+07,1.558443e+07,5.890800e+01,5.929836e+06,3.114130e+01,,,1.409716e+00,4
2018-04-23 04:11:30.000000,2.383424e+07,1.547641e+07,5.880000e+01,5.932867e+06,3.118261e+01,,,1.410246e+00,4
2018-04-23 04:11:31.000000,2.383436e+07,1.542241e+07,5.873300e+01,5.935897e+06,3.122391e+01,,,1.410777e+00,4
2018-04-23 04:11:32.000000,2.383447e+07,1.536840e+07,5.866600e+01,5.938927e+06,3.126522e+01,,,1.411307e+00,4
2018-04-23 04:11:33.000000,2.383459e+07,1.531439e+07,5.859900e+01,5.941958e+06,3.130652e+01,,,1.411838e+00,4
2018-04-23 04:11:34.000000,2.383470e+07,1.526038e+07,5.853200e+01,5.944988e+06,3.134783e+01,,,1.412368e+00,4
2018-04-23 04:11:35.000000,2.383500e+07,1.542470e+07,5.877200e+01,5.944533e+06,3.138913e+01,,,1.412899e+00,4
2018-04-23 04:11:36.000000,2.383530e+07,1.558903e+07,5.901200e+01,5.944079e+06,3.143044e+01,,,1.413429e+00,4
2018-04-23 04:11:37.000000,2.383560e+07,1.564534e+07,5.915400e+01,5.943624e+06,3.147174e+01,,,1.410563e+00,4
2018-04-23 04:11:38.000000,2.383590e+07,1.570164e+07,5.929600e+01,5.943169e+06,3.151304e+01,,,1.407697e+00,4
2018-04-23 04:11:39.000000,2.383621e+07,1.553617e+07,5.889000e+01,5.942715e+06,3.155435e+01,,,1.404830e+00,4
2018-04-23 04:11:40.000000,2.383651e+07,1.537069e+07,5.848400e+01,5.942261e+06,3.159565e+01,,,1.401964e+00,4
2018-04-23 04:11:41.000000,2.383681e+07,1.532013e+07,5.840000e+01,5.941806e+06,3.163696e+01,,,1.399098e+00,4
2018-04-23 04:11:42.000000,2.383711e+07,1.526957e+07,5.831600e+01,5.941352e+06,3.167826e+01,,,1.396232e+00,4
2018-04-23 04:11:43.000000,2.383741e+07,1.541091e+07,5.862000e+01,5.940897e+06,3.171957e+01,,,1.393365e+00,4
2018-04-23 04:11:44.000000,2.383771e+07,1.555226e+07,5.892400e+01,5.940442e+06,3.176087e+01,,,1.390499e+00,4
2018-04-23 04:11:45.000000,2.383801e+07,1.559305e+07,5.897700e+01,5.939988e+06,3.180217e+01,,,1.387633e+00,4
2018-04-23 04:11:46.000000,2.383831e+07,1.563384e+07,5.903000e+01,5.944154e+06,3.184348e+01,,,1.384766e+00,4
2018-04-23 04:11:47.000000,2.383862e+07,1.567464e+07,5.908300e+01,5.948321e+06,3.188478e+01,,,1.381900e+00,4
2018-04-23 04:11:48.000000,2.383892e+07,1.571543e+07,5.913600e+01,5.952488e+06,3.192609e+01,,,1.382489e+00,4
2018-04-23 04:11:49.000000,2.383922e+07,1.559592e+07,5.881000e+01,5.956654e+06,3.196739e+01,,,1.383078e+00,4
2018-04-23 04:11:50.000000,2.383952e+07,1.547641e+07,5.848400e+01,5.960821e+06,3.200870e+01,,,1.383666e+00,4
2018-04-23 04:11:51.000000,2.383982e+07,1.537414e+07,5.822000e+01,5.964988e+06,3.205000e+01,,,1.384255e+00,4
2018-04-23 04:11:52.000000,2.384012e+07,1.527187e+07,5.795600e+01,5.969155e+06,3.209130e+01,,,1.384844e+00,4
2018-04-23 04:11:53.000000,2.384042e+07,1.539483e+07,5.834600e+01,5.973321e+06,3.213261e+01,,,1.385432e+00,4
2018-04-23 04:11:54.000000,2.384073e+07,1.551778e+07,5.873600e+01,5.977488e+06,3.217391e+01,,,1.386021e+00,4
2018-04-23 04:11:55.000000,2.384103e+07,1.552410e+07,5.872600e+01,5.981655e+06,3.221522e+01,,,1.386610e+00,4
2018-04-23 04:11:56.000000,2.384133e+07,1.553042e+07,5.871600e+01,5.985821e+06,3.225652e+01,,,1.387198e+00,4
2018-04-23 04:11:57.000000,2.384163e+07,1.553674e+07,5.870600e+01,5.988321e+06,3.229782e+01,,,1.387787e+00,4
2018-04-23 04:11:58.000000,2.384193e+07,1.554306e+07,5.869600e+01,5.990821e+06,3.233913e+01,,,1.388376e+00,4
2018-04-23 04:11:59.000000,2.384223e+07,1.549595e+07,5.864800e+01,5.993321e+06,3.238044e+01,,,1.389756e+00,4
2018-04-23 04:12:00.000000,2.384253e+07,1.544883e+07,5.860000e+01,5.995821e+06,3.242174e+01,,,1.391136e+00,4
2018-04-23 04:12:01.000000,2.384283e+07,1.540172e+07,5.855200e+01,5.998321e+06,3.246304e+01,,,1.392516e+00,4
2018-04-23 04:12:02.000000,2.384314e+07,1.535461e+07,5.850400e+01,6.000821e+06,3.250435e+01,,,1.393896e+00,4
2018-04-23 04:12:03.000000,2.384344e+07,1.548216e+07,5.873200e+01,6.003321e+06,3.254565e+01,,,1.395277e+00,4
2018-04-23 04:12:04.000000,2.384374e+07,1.560971e+07,5.896000e+01,6.005821e+06,3.258696e+01,,,1.396657e+00,4
2018-04-23 04:12:05.000000,2.384404e+07,1.566602e+07,5.886400e+01,6.008321e+06,3.262826e+01,,,1.398037e+00,4
2018-04-23 04:12:06.000000,2.384434e+07,1.572233e+07,5.876800e+01,6.010821e+06,3.266957e+01,,,1.399417e+00,4
2018-04-23 04:12:07.000000,2.384464e+07,1.563614e+07,5.860800e+01,6.013321e+06,3.271087e+01,,,1.400798e+00,4
2018-04-23 04:12:08.000000,2.384494e+07,1.554996e+07,5.844800e+01,6.012563e+06,3.275217e+01,,,1.402178e+00,4
2018-04-23 04:12:09.000000,2.384525e+07,1.543734e+07,5.842000e+01,6.011806e+06,3.279348e+01,,,1.403558e+00,4
2018-04-23 04:12:10.000000,2.384555e+07,1.532473e+07,5.839200e+01,6.011048e+06,3.283478e+01,,,1.403047e+00,4
2018-04-23 04:12:11.000000,2.384579e+07,1.535116e+07,5.841300e+01,6.010291e+06,3.287609e+01,,,1.402536e+00,4
2018-04-23 04:12:12.000000,2.384603e+07,1.537759e+07,5.843400e+01,6.009533e+06,3.291739e+01,,,1.402026e+00,4
2018-04-23 04:12:13.000000,2.384627e+07,1.540402e+07,5.845500e+01,6.008776e+06,3.295869e+01,,,1.401515e+00,4
2018-04-23 04:12:14.000000,2.384651e+07,1.543045e+07,5.847600e+01,6.008018e+06,3.300000e+01,,,1.401005e+00,4
2018-04-23 04:12:15.000000,2.384676e+07,1.557754e+07,5.876000e+01,6.007261e+06,3.304131e+01,,,1.400494e+00,4
2018-04-23 04:12:16.000000,2.384700e+07,1.572463e+07,5.904400e+01,6.006503e+06,3.308261e+01,,,1.399983e+00,4
2018-04-23 04:12:17.000000,2.384724e+07,1.569245e+07,5.901200e+01,6.005746e+06,3.312391e+01,,,1.399472e+00,4
2018-04-23 04:12:18.000000,2.384748e+07,1.566027e+07,5.898000e+01,6.004988e+06,3.316522e+01,,,1.398962e+00,4
2018-04-23 04:12:19.000000,2.384772e+07,1.552927e+07,5.882000e+01,6.006882e+06,3.320652e+01,,,1.398451e+00,4
2018-04-23 04:12:20.000000,2.384796e+07,1.539827e+07,5.866000e+01,6.008776e+06,3.324783e+01,,,1.397940e+00,4
2018-04-23 04:12:21.000000,2.384821e+07,1.535346e+07,5.843200e+01,6.010669e+06,3.328913e+01,,,1.401936e+00,4
2018-04-23 04:12:22.000000,2.384845e+07,1.530864e+07,5.820400e+01,6.012563e+06,3.333044e+01,,,1.405931e+00,4
2018-04-23 04:12:23.000000,2.384869e+07,1.533737e+07,5.820600e+01,6.014458e+06,3.337174e+01,,,1.409926e+00,4
2018-04-23 04:12:24.000000,2.384893e+07,1.536610e+07,5.820800e+01,6.016352e+06,3.341304e+01,,,1.413922e+00,4
2018-04-23 04:12:25.000000,2.384917e+07,1.539483e+07,5.821000e+01,6.018246e+06,3.345435e+01,,,1.417917e+00,4
2018-04-23 04:12:26.000000,2.384941e+07,1.542355e+07,5.821200e+01,6.020140e+06,3.349565e+01,,,1.421912e+00,4
2018-04-23 04:12:27.000000,2.384966e+07,1.557869e+07,5.854800e+01,6.022033e+06,3.353696e+01,,,1.425908e+00,4
2018-04-23 04:12:28.000000,2.384990e+07,1.573382e+07,5.888400e+01,6.023927e+06,3.357826e+01,,,1.429903e+00,4
2018-04-23 04:12:29.000000,2.385014e+07,1.569934e+07,5.895400e+01,6.025821e+06,3.361956e+01,,,1.433898e+00,4
2018-04-23 04:12:30.000000,2.385038e+07,1.566487e+07,5.902400e+01,6.026655e+06,3.366087e+01,,,1.437893e+00,4
2018-04-23 04:12:31.000000,2.385062e+07,1.548331e+07,5.872000e+01,6.027488e+06,3.370218e+01,,,1.441889e+00,4
2018-04-23 04:12:32.000000,2.385087e+07,1.530175e+07,5.841600e+01,6.028321e+06,3.374348e+01,,,1.438856e+00,4
2018-04-23 04:12:33.000000,2.385111e+07,1.533392e+07,5.852800e+01,6.029155e+06,3.378478e+01,,,1.435823e+00,4
2018-04-23 04:12:34.000000,2.385135e+07,1.536610e+07,5.864000e+01,6.029988e+06,3.382609e+01,,,1.432790e+00,4
2018-04-23 04:12:35.000000,2.385159e+07,1.542011e+07,5.872500e+01,6.030821e+06,3.386739e+01,,,1.429758e+00,4
2018-04-23 04:12:36.000000,2.385183e+07,1.547411e+07,5.881000e+01,6.031654e+06,3.390870e+01,,,1.426725e+00,4
2018-04-23 04:12:37.000000,2.385207e+07,1.552812e+07,5.889500e+01,6.032488e+06,3.395000e+01,,,1.423692e+00,4
2018-04-23 04:12:38.000000,2.385231e+07,1.558213e+07,5.898000e+01,6.033321e+06,3.396678e+01,,,1.420659e+00,4
2018-04-23 04:12:39.000000,2.385256e+07,1.565912e+07,5.911800e+01,6.034154e+06,3.398357e+01,,,1.417626e+00,4
2018-04-23 04:12:40.000000,2.385280e+07,1.573612e+07,5.925600e+01,6.034988e+06,3.400035e+01,,,1.414594e+00,4
2018-04-23 04:12:41.000000,2.385280e+07,1.560167e+07,5.892400e+01,6.034912e+06,3.401713e+01,,,1.411561e+00,4
2018-04-23 04:12:42.000000,2.385280e+07,1.546722e+07,5.859200e+01,6.034836e+06,3.403391e+01,,,1.408528e+00,4
2018-04-23 04:12:43.000000,2.385281e+07,1.538448e+07,5.850400e+01,6.034760e+06,3.405070e+01,,,1.409858e+00,4
2018-04-23 04:12:44.000000,2.385281e+07,1.530175e+07,5.841600e+01,6.034685e+06,3.406748e+01,,,1.411188e+00,4
2018-04-23 04:12:45.000000,2.385281e+07,1.543045e+07,5.848000e+01,6.034609e+06,3.408426e+01,,,1.412518e+00,4
2018-04-23 04:12:46.000000,2.385281e+07,1.555915e+07,5.854400e+01,6.034533e+06,3.410104e+01,,,1.413848e+00,4
2018-04-23 04:12:47.000000,2.385282e+07,1.559995e+07,5.868800e+01,6.034458e+06,3.411783e+01,,,1.415178e+00,4
2018-04-23 04:12:48.000000,2.385282e+07,1.564074e+07,5.883200e+01,6.034382e+06,3.413461e+01,,,1.416508e+00,4
2018-04-23 04:12:49.000000,2.385282e+07,1.568153e+07,5.897600e+01,6.034306e+06,3.415139e+01,,,1.417838e+00,4
2018-04-23 04:12:50.000000,2.385282e+07,1.572233e+07,5.912000e+01,6.034230e+06,3.416817e+01,,,1.419169e+00,4
2018-04-23 04:12:51.000000,2.385283e+07,1.566142e+07,5.893800e+01,6.034154e+06,3.418496e+01,,,1.420499e+00,4
2018-04-23 04:12:52.000000,2.385283e+07,1.560052e+07,5.875600e+01,6.039836e+06,3.420174e+01,,,1.421829e+00,4
2018-04-23 04:12:53.000000,2.385283e+07,1.545343e+07,5.857600e+01,6.045518e+06,3.421852e+01,,,1.423159e+00,4
2018-04-23 04:12:54.000000,2.385283e+07,1.530634e+07,5.839600e+01,6.051200e+06,3.423531e+01,,,1.423615e+00,4
2018-04-23 04:12:55.000000,2.385284e+07,1.540402e+07,5.855800e+01,6.056881e+06,3.425209e+01,,,1.424072e+00,4
2018-04-23 04:12:56.000000,2.385284e+07,1.550170e+07,5.872000e+01,6.062563e+06,3.426887e+01,,,1.424529e+00,4
2018-04-23 04:12:57.000000,2.385284e+07,1.562006e+07,5.889200e+01,6.068245e+06,3.428565e+01,,,1.424985e+00,4
2018-04-23 04:12:58.000000,2.385284e+07,1.573842e+07,5.906400e+01,6.073927e+06,3.430244e+01,,,1.425442e+00,4
2018-04-23 04:12:59.000000,2.385285e+07,1.570222e+07,5.897200e+01,6.079609e+06,3.431922e+01,,,1.425899e+00,4
2018-04-23 04:13:00.000000,2.385285e+07,1.566602e+07,5.888000e+01,6.085291e+06,3.433600e+01,,,1.426355e+00,4
2018-04-23 04:13:01.000000,2.385285e+07,1.562982e+07,5.878800e+01,6.090973e+06,3.435278e+01,,,1.426812e+00,4
2018-04-23 04:13:02.000000,2.385285e+07,1.559362e+07,5.869600e+01,6.096654e+06,3.436957e+01,,,1.427269e+00,4
2018-04-23 04:13:03.000000,2.385285e+07,1.545458e+07,5.846800e+01,6.102412e+06,3.438635e+01,,,1.427725e+00,4
2018-04-23 04:13:04.000000,2.385286e+07,1.531554e+07,5.824000e+01,6.108169e+06,3.440313e+01,,,1.428182e+00,4
2018-04-23 04:13:05.000000,2.385286e+07,1.547182e+07,5.839400e+01,6.113927e+06,3.441991e+01,,,1.427656e+00,4
2018-04-23 04:13:06.000000,2.385286e+07,1.562810e+07,5.854800e+01,6.119685e+06,3.443670e+01,,,1.427131e+00,4
2018-04-23 04:13:07.000000,2.385287e+07,1.567521e+07,5.862400e+01,6.125442e+06,3.445348e+01,,,1.426605e+00,4
2018-04-23 04:13:08.000000,2.385287e+07,1.572233e+07,5.870000e+01,6.131200e+06,3.447026e+01,,,1.426079e+00,4
2018-04-23 04:13:09.000000,2.385287e+07,1.561891e+07,5.841400e+01,6.136958e+06,3.448705e+01,,,1.425554e+00,4
2018-04-23 04:13:10.000000,2.385287e+07,1.551548e+07,5.812800e+01,6.142715e+06,3.450383e+01,,,1.425028e+00,4
2018-04-23 04:13:11.000000,2.385287e+07,1.541666e+07,5.810600e+01,6.148473e+06,3.452061e+01,,,1.424502e+00,4
2018-04-23 04:13:12.000000,2.385288e+07,1.531783e+07,5.808400e+01,6.154230e+06,3.453739e+01,,,1.423976e+00,4
2018-04-23 04:13:13.000000,2.385288e+07,1.538219e+07,5.821500e+01,6.159988e+06,3.455418e+01,,,1.423451e+00,4
2018-04-23 04:13:14.000000,2.385288e+07,1.544654e+07,5.834600e+01,6.167261e+06,3.457096e+01,,,1.422925e+00,4
2018-04-23 04:13:15.000000,2.385308e+07,1.551089e+07,5.847700e+01,6.174533e+06,3.458774e+01,,,1.422399e+00,4
2018-04-23 04:13:16.000000,2.385329e+07,1.557524e+07,5.860800e+01,6.181806e+06,3.460452e+01,,,1.420346e+00,4
2018-04-23 04:13:17.000000,2.385349e+07,1.566257e+07,5.883200e+01,6.189079e+06,3.462130e+01,,,1.418293e+00,4
2018-04-23 04:13:18.000000,2.385369e+07,1.574991e+07,5.905600e+01,6.196352e+06,3.463809e+01,,,1.416239e+00,4
2018-04-23 04:13:19.000000,2.385389e+07,1.566372e+07,5.884600e+01,6.203624e+06,3.465487e+01,,,1.414186e+00,4
2018-04-23 04:13:20.000000,2.385410e+07,1.557754e+07,5.863600e+01,6.210897e+06,3.467165e+01,,,1.412132e+00,4
2018-04-23 04:13:21.000000,2.385430e+07,1.544654e+07,5.833800e+01,6.218169e+06,3.468843e+01,,,1.410079e+00,4
2018-04-23 04:13:22.000000,2.385450e+07,1.531554e+07,5.804000e+01,6.225442e+06,3.470522e+01,,,1.408026e+00,4
2018-04-23 04:13:23.000000,2.385470e+07,1.547527e+07,5.832600e+01,6.232715e+06,3.472200e+01,,,1.405972e+00,4
2018-04-23 04:13:24.000000,2.385490e+07,1.563499e+07,5.861200e+01,6.239988e+06,3.473878e+01,,,1.403919e+00,4
2018-04-23 04:13:25.000000,2.385511e+07,1.568441e+07,5.867600e+01,6.244079e+06,3.475557e+01,,,1.401866e+00,4
2018-04-23 04:13:26.000000,2.385531e+07,1.573382e+07,5.874000e+01,6.248169e+06,3.477235e+01,,,1.399812e+00,4
2018-04-23 04:13:27.000000,2.385551e+07,1.557294e+07,5.858800e+01,6.252260e+06,3.478913e+01,,,1.402056e+00,4
2018-04-23 04:13:28.000000,2.385571e+07,1.541206e+07,5.843600e+01,6.256351e+06,3.480592e+01,,,1.404300e+00,4
2018-04-23 04:13:29.000000,2.385591e+07,1.536840e+07,5.831000e+01,6.260442e+06,3.482270e+01,,,1.406544e+00,4
2018-04-23 04:13:30.000000,2.385612e+07,1.532473e+07,5.818400e+01,6.264533e+06,3.483948e+01,,,1.408788e+00,4
2018-04-23 04:13:31.000000,2.385632e+07,1.542470e+07,5.828400e+01,6.268624e+06,3.485626e+01,,,1.411032e+00,4
2018-04-23 04:13:32.000000,2.385652e+07,1.552468e+07,5.838400e+01,6.272715e+06,3.487304e+01,,,1.413276e+00,4
2018-04-23 04:13:33.000000,2.385672e+07,1.558271e+07,5.843000e+01,6.276806e+06,3.488983e+01,,,1.415520e+00,4
2018-04-23 04:13:34.000000,2.385692e+07,1.564074e+07,5.847600e+01,6.280896e+06,3.490661e+01,,,1.417764e+00,4
2018-04-23 04:13:35.000000,2.385713e+07,1.569877e+07,5.852200e+01,6.284987e+06,3.492339e+01,,,1.420008e+00,4
2018-04-23 04:13:36.000000,2.385733e+07,1.575680e+07,5.856800e+01,6.288169e+06,3.494017e+01,,,1.422252e+00,4
2018-04-23 04:13:37.000000,2.385753e+07,1.571084e+07,5.853800e+01,6.291351e+06,3.495696e+01,,,1.424496e+00,4
2018-04-23 04:13:38.000000,2.385773e+07,1.566487e+07,5.850800e+01,6.294533e+06,3.497374e+01,,,1.423638e+00,4
2018-04-23 04:13:39.000000,2.385793e+07,1.555570e+07,5.841600e+01,6.297714e+06,3.499052e+01,,,1.422779e+00,4
2018-04-23 04:13:40.000000,2.385814e+07,1.544654e+07,5.832400e+01,6.300896e+06,3.500731e+01,,,1.421921e+00,4
2018-04-23 04:13:41.000000,2.385834e+07,1.539483e+07,5.820200e+01,6.304078e+06,3.502409e+01,,,1.421062e+00,4
2018-04-23 04:13:42.000000,2.385854e+07,1.534312e+07,5.808000e+01,6.307260e+06,3.504087e+01,,,1.420203e+00,4
2018-04-23 04:13:43.000000,2.385874e+07,1.535978e+07,5.810500e+01,6.310442e+06,3.505765e+01,,,1.419345e+00,4
2018-04-23 04:13:44.000000,2.385894e+07,1.537644e+07,5.813000e+01,6.313624e+06,3.507444e+01,,,1.418486e+00,4
2018-04-23 04:13:45.000000,2.385915e+07,1.539310e+07,5.815500e+01,6.316806e+06,3.509122e+01,,,1.417628e+00,4
2018-04-23 04:13:46.000000,2.385935e+07,1.540977e+07,5.818000e+01,6.319987e+06,3.510800e+01,,,1.416769e+00,4
2018-04-23 04:13:47.000000,2.385970e+07,1.554996e+07,5.834200e+01,6.322108e+06,3.512478e+01,,,1.415911e+00,4
2018-04-23 04:13:48.000000,2.386004e+07,1.569015e+07,5.850400e+01,6.324230e+06,3.514157e+01,,,1.415052e+00,4
2018-04-23 04:13:49.000000,2.386039e+07,1.566487e+07,5.842000e+01,6.326351e+06,3.515835e+01,,,1.415322e+00,4
2018-04-23 04:13:50.000000,2.386073e+07,1.563959e+07,5.833600e+01,6.328472e+06,3.517513e+01,,,1.415592e+00,4
2018-04-23 04:13:51.000000,2.386108e+07,1.557639e+07,5.825400e+01,6.330593e+06,3.519191e+01,,,1.415863e+00,4
2018-04-23 04:13:52.000000,2.386143e+07,1.551319e+07,5.817200e+01,6.332715e+06,3.520870e+01,,,1.416133e+00,4
2018-04-23 04:13:53.000000,2.386177e+07,1.545688e+07,5.812800e+01,6.334836e+06,3.522548e+01,,,1.416403e+00,4
2018-04-23 04:13:54.000000,2.386212e+07,1.540057e+07,5.808400e+01,6.336957e+06,3.524226e+01,,,1.416674e+00,4
2018-04-23 04:13:55.000000,2.386246e+07,1.552583e+07,5.833000e+01,6.339078e+06,3.525904e+01,,,1.416944e+00,4
2018-04-23 04:13:56.000000,2.386281e+07,1.565108e+07,5.857600e+01,6.341200e+06,3.527583e+01,,,1.417214e+00,4
2018-04-23 04:13:57.000000,2.386316e+07,1.570509e+07,5.860200e+01,6.343321e+06,3.529261e+01,,,1.417485e+00,4
2018-04-23 04:13:58.000000,2.386350e+07,1.575910e+07,5.862800e+01,6.344836e+06,3.530939e+01,,,1.417755e+00,4
2018-04-23 04:13:59.000000,2.386385e+07,1.573842e+07,5.851600e+01,6.346351e+06,3.532618e+01,,,1.418025e+00,4
2018-04-23 04:14:00.000000,2.386420e+07,1.571773e+07,5.840400e+01,6.347866e+06,3.534296e+01,,,1.416570e+00,4
2018-04-23 04:14:01.000000,2.386454e+07,1.569705e+07,5.829200e+01,6.349381e+06,3.535974e+01,,,1.415115e+00,4
2018-04-23 04:14:02.000000,2.386489e+07,1.567636e+07,5.818000e+01,6.350896e+06,3.537652e+01,,,1.413660e+00,4
2018-04-23 04:14:03.000000,2.386523e+07,1.553272e+07,5.802200e+01,6.352412e+06,3.539331e+01,,,1.412205e+00,4
2018-04-23 04:14:04.000000,2.386558e+07,1.538908e+07,5.786400e+01,6.353927e+06,3.541009e+01,,,1.410750e+00,4
2018-04-23 04:14:05.000000,2.386593e+07,1.539483e+07,5.796200e+01,6.355442e+06,3.542687e+01,,,1.409294e+00,4
2018-04-23 04:14:06.000000,2.386627e+07,1.540057e+07,5.806000e+01,6.356957e+06,3.544365e+01,,,1.407839e+00,4
2018-04-23 04:14:07.000000,2.386662e+07,1.552238e+07,5.824800e+01,6.358472e+06,3.546043e+01,,,1.406384e+00,4
2018-04-23 04:14:08.000000,2.386696e+07,1.564419e+07,5.843600e+01,6.359987e+06,3.547722e+01,,,1.404929e+00,4
2018-04-23 04:14:09.000000,2.386731e+07,1.571428e+07,5.858600e+01,6.360821e+06,3.549400e+01,,,1.403474e+00,4
2018-04-23 04:14:10.000000,2.386766e+07,1.578438e+07,5.873600e+01,6.361654e+06,3.551078e+01,,,1.402019e+00,4
2018-04-23 04:14:11.000000,2.386800e+07,1.574129e+07,5.861500e+01,6.362487e+06,3.552757e+01,,,1.401493e+00,4
2018-04-23 04:14:12.000000,2.386835e+07,1.569820e+07,5.849400e+01,6.363321e+06,3.554435e+01,,,1.400968e+00,4
2018-04-23 04:14:13.000000,2.386870e+07,1.565510e+07,5.837300e+01,6.364154e+06,3.556113e+01,,,1.400442e+00,4
2018-04-23 04:14:14.000000,2.386904e+07,1.561201e+07,5.825200e+01,6.364987e+06,3.557792e+01,,,1.399917e+00,4
2018-04-23 04:14:15.000000,2.386939e+07,1.549250e+07,5.810800e+01,6.365821e+06,3.559470e+01,,,1.399391e+00,4
2018-04-23 04:14:16.000000,2.386973e+07,1.537299e+07,5.796400e+01,6.366654e+06,3.561148e+01,,,1.398866e+00,4
2018-04-23 04:14:17.000000,2.387008e+07,1.546263e+07,5.811400e+01,6.367488e+06,3.562826e+01,,,1.398340e+00,4
2018-04-23 04:14:18.000000,2.387043e+07,1.555226e+07,5.826400e+01,6.368321e+06,3.564505e+01,,,1.397814e+00,4
2018-04-23 04:14:19.000000,2.387046e+07,1.564074e+07,5.846800e+01,6.369154e+06,3.566183e+01,,,1.397289e+00,4
2018-04-23 04:14:20.000000,2.387050e+07,1.572922e+07,5.867200e+01,6.369533e+06,3.567861e+01,,,1.396763e+00,4
2018-04-23 04:14:21.000000,2.387054e+07,1.572807e+07,5.861000e+01,6.369912e+06,3.569539e+01,,,1.396238e+00,4
2018-04-23 04:14:22.000000,2.387058e+07,1.572692e+07,5.854800e+01,6.370291e+06,3.571217e+01,,,1.395038e+00,4
2018-04-23 04:14:23.000000,2.387061e+07,1.566257e+07,5.837700e+01,6.370669e+06,3.572896e+01,,,1.393839e+00,4
2018-04-23 04:14:24.000000,2.387065e+07,1.559822e+07,5.820600e+01,6.371048e+06,3.574574e+01,,,1.392639e+00,4
2018-04-23 04:14:25.000000,2.387069e+07,1.553387e+07,5.803500e+01,6.371427e+06,3.576252e+01,,,1.391439e+00,4
2018-04-23 04:14:26.000000,2.387072e+07,1.546952e+07,5.786400e+01,6.371806e+06,3.577930e+01,,,1.390240e+00,4
2018-04-23 04:14:27.000000,2.387076e+07,1.548216e+07,5.792400e+01,6.372185e+06,3.579609e+01,,,1.389040e+00,4
2018-04-23 04:14:28.000000,2.387080e+07,1.549480e+07,5.798400e+01,6.372563e+06,3.581287e+01,,,1.387840e+00,4
2018-04-23 04:14:29.000000,2.387084e+07,1.562235e+07,5.827000e+01,6.372942e+06,3.582965e+01,,,1.386641e+00,4
2018-04-23 04:14:30.000000,2.387087e+07,1.574991e+07,5.855600e+01,6.373321e+06,3.584644e+01,,,1.385441e+00,4
2018-04-23 04:14:31.000000,2.387091e+07,1.573152e+07,5.859600e+01,6.374154e+06,3.586322e+01,,,1.384242e+00,4
2018-04-23 04:14:32.000000,2.387095e+07,1.571313e+07,5.863600e+01,6.374987e+06,3.588000e+01,,,1.383042e+00,4
2018-04-23 04:14:33.000000,2.387099e+07,1.558673e+07,5.839200e+01,6.375821e+06,3.587729e+01,,,1.383933e+00,4
2018-04-23 04:14:34.000000,2.387102e+07,1.546033e+07,5.814800e+01,6.376654e+06,3.587457e+01,,,1.384825e+00,4
2018-04-23 04:14:35.000000,2.387106e+07,1.546550e+07,5.813800e+01,6.377487e+06,3.587185e+01,,,1.385716e+00,4
2018-04-23 04:14:36.000000,2.387110e+07,1.547067e+07,5.812800e+01,6.378321e+06,3.586913e+01,,,1.386607e+00,4
2018-04-23 04:14:37.000000,2.387113e+07,1.547584e+07,5.811800e+01,6.379154e+06,3.586641e+01,,,1.387499e+00,4
2018-04-23 04:14:38.000000,2.387117e+07,1.548101e+07,5.810800e+01,6.379987e+06,3.586370e+01,,,1.388390e+00,4
2018-04-23 04:14:39.000000,2.387121e+07,1.563959e+07,5.847000e+01,6.380821e+06,3.586098e+01,,,1.389281e+00,4
2018-04-23 04:14:40.000000,2.387125e+07,1.579817e+07,5.883200e+01,6.381654e+06,3.585826e+01,,,1.390173e+00,4
2018-04-23 04:14:41.000000,2.387128e+07,1.568556e+07,5.861200e+01,6.382487e+06,3.585555e+01,,,1.391064e+00,4
2018-04-23 04:14:42.000000,2.387132e+07,1.557294e+07,5.839200e+01,6.379381e+06,3.585283e+01,,,1.391955e+00,4
2018-04-23 04:14:43.000000,2.387136e+07,1.548676e+07,5.828600e+01,6.376275e+06,3.585011e+01,,,1.392847e+00,4
2018-04-23 04:14:44.000000,2.387140e+07,1.540057e+07,5.818000e+01,6.373169e+06,3.584739e+01,,,1.394352e+00,4
2018-04-23 04:14:45.000000,2.387143e+07,1.558214e+07,5.849000e+01,6.370063e+06,3.584467e+01,,,1.395858e+00,4
2018-04-23 04:14:46.000000,2.387147e+07,1.576370e+07,5.880000e+01,6.366957e+06,3.584196e+01,,,1.397364e+00,4
2018-04-23 04:14:47.000000,2.387151e+07,1.572290e+07,5.876400e+01,6.363851e+06,3.583924e+01,,,1.398869e+00,4
2018-04-23 04:14:48.000000,2.387154e+07,1.568211e+07,5.872800e+01,6.360745e+06,3.583652e+01,,,1.400375e+00,4
2018-04-23 04:14:49.000000,2.387158e+07,1.564131e+07,5.869200e+01,6.357639e+06,3.583381e+01,,,1.401881e+00,4
2018-04-23 04:14:50.000000,2.387162e+07,1.560052e+07,5.865600e+01,6.354533e+06,3.583109e+01,,,1.403387e+00,4
2018-04-23 04:14:51.000000,2.387140e+07,1.549710e+07,5.844000e+01,6.351427e+06,3.582837e+01,,,1.404892e+00,4
2018-04-23 04:14:52.000000,2.387119e+07,1.539368e+07,5.822400e+01,6.348321e+06,3.582565e+01,,,1.406398e+00,4
2018-04-23 04:14:53.000000,2.387097e+07,1.548791e+07,5.835800e+01,6.351579e+06,3.582294e+01,,,1.407904e+00,4
2018-04-23 04:14:54.000000,2.387076e+07,1.558213e+07,5.849200e+01,6.354836e+06,3.582022e+01,,,1.409410e+00,4
2018-04-23 04:14:55.000000,2.387054e+07,1.566028e+07,5.858400e+01,6.358094e+06,3.581750e+01,,,1.406051e+00,4
2018-04-23 04:14:56.000000,2.387032e+07,1.573842e+07,5.867600e+01,6.361351e+06,3.581479e+01,,,1.402693e+00,4
2018-04-23 04:14:57.000000,2.387011e+07,1.556145e+07,5.835000e+01,6.364609e+06,3.581207e+01,,,1.399335e+00,4
2018-04-23 04:14:58.000000,2.386989e+07,1.538448e+07,5.802400e+01,6.367866e+06,3.580935e+01,,,1.395977e+00,4
2018-04-23 04:14:59.000000,2.386967e+07,1.544022e+07,5.816600e+01,6.371124e+06,3.580663e+01,,,1.392619e+00,4
2018-04-23 04:15:00.000000,2.386946e+07,1.549595e+07,5.830800e+01,6.374381e+06,3.580391e+01,,,1.389261e+00,4
2018-04-23 04:15:01.000000,2.386924e+07,1.555168e+07,5.845000e+01,6.377639e+06,3.580120e+01,,,1.385903e+00,4
2018-04-23 04:15:02.000000,2.386903e+07,1.560741e+07,5.859200e+01,6.380896e+06,3.579848e+01,,,1.382544e+00,4
2018-04-23 04:15:03.000000,2.386881e+07,1.570854e+07,5.877600e+01,6.384154e+06,3.579576e+01,,,1.379186e+00,4
2018-04-23 04:15:04.000000,2.386860e+07,1.580966e+07,5.896000e+01,6.388169e+06,3.579305e+01,,,1.375828e+00,4
2018-04-23 04:15:05.000000,2.386838e+07,1.563499e+07,5.868200e+01,6.392185e+06,3.579033e+01,,,1.372470e+00,4
2018-04-23 04:15:06.000000,2.386816e+07,1.546033e+07,5.840400e+01,6.396200e+06,3.578761e+01,,,1.376607e+00,4
2018-04-23 04:15:07.000000,2.386795e+07,1.542355e+07,5.833800e+01,6.400215e+06,3.578489e+01,,,1.380744e+00,4
2018-04-23 04:15:08.000000,2.386773e+07,1.538678e+07,5.827200e+01,6.404230e+06,3.578217e+01,,,1.384881e+00,4
2018-04-23 04:15:09.000000,2.386752e+07,1.556030e+07,5.854400e+01,6.408245e+06,3.577946e+01,,,1.389019e+00,4
2018-04-23 04:15:10.000000,2.386730e+07,1.573382e+07,5.881600e+01,6.412260e+06,3.577674e+01,,,1.393156e+00,4
2018-04-23 04:15:11.000000,2.386708e+07,1.572692e+07,5.878600e+01,6.416275e+06,3.577402e+01,,,1.397293e+00,4
2018-04-23 04:15:12.000000,2.386687e+07,1.572003e+07,5.875600e+01,6.420291e+06,3.577131e+01,,,1.401430e+00,4
2018-04-23 04:15:13.000000,2.386665e+07,1.571313e+07,5.872600e+01,6.424306e+06,3.576859e+01,,,1.405567e+00,4
2018-04-23 04:15:14.000000,2.386644e+07,1.570624e+07,5.869600e+01,6.428321e+06,3.576587e+01,,,1.409704e+00,4
2018-04-23 04:15:15.000000,2.386622e+07,1.555800e+07,5.832600e+01,6.431048e+06,3.576315e+01,,,1.413841e+00,4
2018-04-23 04:15:16.000000,2.386600e+07,1.540977e+07,5.795600e+01,6.433775e+06,3.576044e+01,,,1.417979e+00,4
2018-04-23 04:15:17.000000,2.386579e+07,1.550514e+07,5.816200e+01,6.436502e+06,3.575772e+01,,,1.418062e+00,4
2018-04-23 04:15:18.000000,2.386557e+07,1.560052e+07,5.836800e+01,6.439230e+06,3.575500e+01,,,1.418145e+00,4
2018-04-23 04:15:19.000000,2.386536e+07,1.569705e+07,5.857800e+01,6.441957e+06,3.575229e+01,,,1.418228e+00,4
2018-04-23 04:15:20.000000,2.386514e+07,1.579357e+07,5.878800e+01,6.444685e+06,3.574957e+01,,,1.418311e+00,4
2018-04-23 04:15:21.000000,2.386534e+07,1.568843e+07,5.864800e+01,6.447412e+06,3.574685e+01,,,1.418395e+00,4
2018-04-23 04:15:22.000000,2.386554e+07,1.558328e+07,5.850800e+01,6.450139e+06,3.574413e+01,,,1.418478e+00,4
2018-04-23 04:15:23.000000,2.386573e+07,1.547814e+07,5.836800e+01,6.452866e+06,3.574141e+01,,,1.418561e+00,4
2018-04-23 04:15:24.000000,2.386593e+07,1.537299e+07,5.822800e+01,6.455594e+06,3.573870e+01,,,1.418644e+00,4
2018-04-23 04:15:25.000000,2.386613e+07,1.555915e+07,5.856600e+01,6.458321e+06,3.573598e+01,,,1.418727e+00,4
2018-04-23 04:15:26.000000,2.386633e+07,1.574531e+07,5.890400e+01,6.460139e+06,3.573326e+01,,,1.418811e+00,4
2018-04-23 04:15:27.000000,2.386653e+07,1.571773e+07,5.882100e+01,6.461957e+06,3.573055e+01,,,1.418894e+00,4
2018-04-23 04:15:28.000000,2.386672e+07,1.569015e+07,5.873800e+01,6.463775e+06,3.572783e+01,,,1.419105e+00,4
2018-04-23 04:15:29.000000,2.386692e+07,1.566257e+07,5.865500e+01,6.465594e+06,3.572511e+01,,,1.419317e+00,4
2018-04-23 04:15:30.000000,2.386712e+07,1.563499e+07,5.857200e+01,6.467412e+06,3.572239e+01,,,1.419528e+00,4
2018-04-23 04:15:31.000000,2.386732e+07,1.550399e+07,5.835000e+01,6.469230e+06,3.571967e+01,,,1.419740e+00,4
2018-04-23 04:15:32.000000,2.386751e+07,1.537299e+07,5.812800e+01,6.471048e+06,3.571696e+01,,,1.419951e+00,4
2018-04-23 04:15:33.000000,2.386771e+07,1.553157e+07,5.840800e+01,6.472866e+06,3.571424e+01,,,1.420162e+00,4
2018-04-23 04:15:34.000000,2.386791e+07,1.569015e+07,5.868800e+01,6.474685e+06,3.571152e+01,,,1.420374e+00,4
2018-04-23 04:15:35.000000,2.386811e+07,1.573497e+07,5.871200e+01,6.476502e+06,3.570881e+01,,,1.420585e+00,4
2018-04-23 04:15:36.000000,2.386830e+07,1.577978e+07,5.873600e+01,6.478321e+06,3.570609e+01,,,1.420797e+00,4
2018-04-23 04:15:37.000000,2.386850e+07,1.566142e+07,5.843200e+01,6.476124e+06,3.570337e+01,,,1.421008e+00,4
2018-04-23 04:15:38.000000,2.386870e+07,1.554306e+07,5.812800e+01,6.473927e+06,3.570065e+01,,,1.421220e+00,4
2018-04-23 04:15:39.000000,2.386890e+07,1.546492e+07,5.804400e+01,6.471730e+06,3.569794e+01,,,1.418762e+00,4
2018-04-23 04:15:40.000000,2.386909e+07,1.538678e+07,5.796000e+01,6.469533e+06,3.569522e+01,,,1.416305e+00,4
2018-04-23 04:15:41.000000,2.386929e+07,1.545573e+07,5.810200e+01,6.467336e+06,3.569250e+01,,,1.413847e+00,4
2018-04-23 04:15:42.000000,2.386949e+07,1.552468e+07,5.824400e+01,6.465139e+06,3.568979e+01,,,1.411390e+00,4
2018-04-23 04:15:43.000000,2.386969e+07,1.564074e+07,5.839000e+01,6.462942e+06,3.568707e+01,,,1.408932e+00,4
2018-04-23 04:15:44.000000,2.386988e+07,1.575680e+07,5.853600e+01,6.460745e+06,3.568435e+01,,,1.406474e+00,4
2018-04-23 04:15:45.000000,2.387008e+07,1.568211e+07,5.838800e+01,6.458548e+06,3.568163e+01,,,1.404017e+00,4
2018-04-23 04:15:46.000000,2.387028e+07,1.560741e+07,5.824000e+01,6.456351e+06,3.567891e+01,,,1.401559e+00,4
2018-04-23 04:15:47.000000,2.387048e+07,1.553272e+07,5.809200e+01,6.454154e+06,3.567620e+01,,,1.399102e+00,4
2018-04-23 04:15:48.000000,2.387067e+07,1.545803e+07,5.794400e+01,6.446957e+06,3.567348e+01,,,1.396644e+00,4
2018-04-23 04:15:49.000000,2.387087e+07,1.549250e+07,5.799800e+01,6.439760e+06,3.567076e+01,,,1.394187e+00,4
2018-04-23 04:15:50.000000,2.387107e+07,1.552698e+07,5.805200e+01,6.432563e+06,3.566805e+01,,,1.394827e+00,4
2018-04-23 04:15:51.000000,2.387127e+07,1.567177e+07,5.827200e+01,6.425366e+06,3.566533e+01,,,1.395467e+00,4
2018-04-23 04:15:52.000000,2.387146e+07,1.581656e+07,5.849200e+01,6.418169e+06,3.566261e+01,,,1.396107e+00,4
2018-04-23 04:15:53.000000,2.387146e+07,1.563614e+07,5.821600e+01,6.410972e+06,3.565989e+01,,,1.396747e+00,4
2018-04-23 04:15:54.000000,2.387146e+07,1.545573e+07,5.794000e+01,6.403775e+06,3.565717e+01,,,1.397388e+00,4
2018-04-23 04:15:55.000000,2.387145e+07,1.542815e+07,5.794200e+01,6.396578e+06,3.565446e+01,,,1.398028e+00,4
2018-04-23 04:15:56.000000,2.387145e+07,1.540057e+07,5.794400e+01,6.389381e+06,3.565174e+01,,,1.398668e+00,4
2018-04-23 04:15:57.000000,2.387144e+07,1.546090e+07,5.802900e+01,6.382184e+06,3.564902e+01,,,1.399308e+00,4
2018-04-23 04:15:58.000000,2.387144e+07,1.552123e+07,5.811400e+01,6.374987e+06,3.564631e+01,,,1.399948e+00,4
2018-04-23 04:15:59.000000,2.387143e+07,1.558156e+07,5.819900e+01,6.354002e+06,3.564359e+01,,,1.400589e+00,4
2018-04-23 04:16:00.000000,2.387143e+07,1.564189e+07,5.828400e+01,6.333018e+06,3.564087e+01,,,1.401229e+00,4
2018-04-23 04:16:01.000000,2.387143e+07,1.571428e+07,5.837800e+01,6.312033e+06,3.563815e+01,,,1.400732e+00,4
2018-04-23 04:16:02.000000,2.387142e+07,1.578668e+07,5.847200e+01,6.291048e+06,3.563544e+01,,,1.400235e+00,4
2018-04-23 04:16:03.000000,2.387142e+07,1.559822e+07,5.813600e+01,6.270063e+06,3.563272e+01,,,1.399739e+00,4
2018-04-23 04:16:04.000000,2.387141e+07,1.540977e+07,5.780000e+01,6.249079e+06,3.563000e+01,,,1.399242e+00,4
2018-04-23 04:16:05.000000,2.387141e+07,1.549250e+07,5.786400e+01,6.228094e+06,3.560000e+01,,,1.398745e+00,4
2018-04-23 04:16:06.000000,2.387141e+07,1.557524e+07,5.792800e+01,6.207109e+06,3.557000e+01,,,1.398249e+00,4
2018-04-23 04:16:07.000000,2.387140e+07,1.565223e+07,5.800800e+01,6.186124e+06,3.554000e+01,,,1.397752e+00,4
2018-04-23 04:16:08.000000,2.387140e+07,1.572922e+07,5.808800e+01,6.165139e+06,3.551000e+01,,,1.397255e+00,4
2018-04-23 04:16:09.000000,2.387139e+07,1.574014e+07,5.811200e+01,6.144154e+06,3.548000e+01,,,1.396759e+00,4
2018-04-23 04:16:10.000000,2.387139e+07,1.575106e+07,5.813600e+01,6.124912e+06,3.545000e+01,,,1.396262e+00,4
2018-04-23 04:16:11.000000,2.387138e+07,1.576197e+07,5.816000e+01,6.105669e+06,3.542000e+01,,,1.395765e+00,4
2018-04-23 04:16:12.000000,2.387138e+07,1.577289e+07,5.818400e+01,6.086427e+06,3.539000e+01,,,1.397817e+00,4
2018-04-23 04:16:13.000000,2.387137e+07,1.560512e+07,5.795400e+01,6.067185e+06,3.536000e+01,,,1.399868e+00,4
2018-04-23 04:16:14.000000,2.387137e+07,1.543734e+07,5.772400e+01,6.047942e+06,3.533000e+01,,,1.401919e+00,4
2018-04-23 04:16:15.000000,2.387137e+07,1.542470e+07,5.775600e+01,6.028700e+06,3.530000e+01,,,1.403971e+00,4
2018-04-23 04:16:16.000000,2.387136e+07,1.541206e+07,5.778800e+01,6.009458e+06,3.527000e+01,,,1.406022e+00,4
2018-04-23 04:16:17.000000,2.387136e+07,1.549825e+07,5.799000e+01,5.990215e+06,3.524000e+01,,,1.408073e+00,4
2018-04-23 04:16:18.000000,2.387135e+07,1.558443e+07,5.819200e+01,5.970973e+06,3.521000e+01,,,1.410125e+00,4
2018-04-23 04:16:19.000000,2.387135e+07,1.569475e+07,5.833200e+01,5.951730e+06,3.518000e+01,,,1.412176e+00,4
2018-04-23 04:16:20.000000,2.387134e+07,1.580506e+07,5.847200e+01,5.932488e+06,3.515000e+01,,,1.414227e+00,4
2018-04-23 04:16:21.000000,2.387134e+07,1.573497e+07,5.839500e+01,5.914079e+06,3.512000e+01,,,1.416278e+00,4
2018-04-23 04:16:22.000000,2.387134e+07,1.566487e+07,5.831800e+01,5.895670e+06,3.509000e+01,,,1.418330e+00,4
2018-04-23 04:16:23.000000,2.387133e+07,1.559478e+07,5.824100e+01,5.877261e+06,3.506000e+01,,,1.416185e+00,4
2018-04-23 04:16:24.000000,2.387133e+07,1.552468e+07,5.816400e+01,5.858852e+06,3.503000e+01,,,1.414039e+00,4
2018-04-23 04:16:25.000000,2.387025e+07,1.546148e+07,5.807200e+01,5.840442e+06,3.500000e+01,,,1.411894e+00,4
2018-04-23 04:16:26.000000,2.386917e+07,1.539827e+07,5.798000e+01,5.822034e+06,3.497000e+01,,,1.409749e+00,4
2018-04-23 04:16:27.000000,2.386808e+07,1.554421e+07,5.820200e+01,5.803625e+06,3.494000e+01,,,1.407604e+00,4
2018-04-23 04:16:28.000000,2.386700e+07,1.569015e+07,5.842400e+01,5.785215e+06,3.483217e+01,,,1.405459e+00,4
2018-04-23 04:16:29.000000,2.386592e+07,1.572692e+07,5.847400e+01,5.766806e+06,3.472435e+01,,,1.403313e+00,4
2018-04-23 04:16:30.000000,2.386484e+07,1.576370e+07,5.852400e+01,5.748397e+06,3.461652e+01,,,1.401168e+00,4
2018-04-23 04:16:31.000000,2.386376e+07,1.556490e+07,5.825000e+01,5.729988e+06,3.450869e+01,,,1.399023e+00,4
2018-04-23 04:16:32.000000,2.386268e+07,1.536610e+07,5.797600e+01,5.724609e+06,3.440087e+01,,,1.396878e+00,4
2018-04-23 04:16:33.000000,2.386160e+07,1.545803e+07,5.812200e+01,5.719230e+06,3.429304e+01,,,1.394733e+00,4
2018-04-23 04:16:34.000000,2.386052e+07,1.554996e+07,5.826800e+01,5.713852e+06,3.418521e+01,,,1.396313e+00,4
2018-04-23 04:16:35.000000,2.385944e+07,1.560512e+07,5.836800e+01,5.708473e+06,3.407739e+01,,,1.397893e+00,4
2018-04-23 04:16:36.000000,2.385836e+07,1.566028e+07,5.846800e+01,5.703094e+06,3.396956e+01,,,1.399472e+00,4
2018-04-23 04:16:37.000000,2.385728e+07,1.571543e+07,5.856800e+01,5.697715e+06,3.386174e+01,,,1.401052e+00,4
2018-04-23 04:16:38.000000,2.385620e+07,1.577059e+07,5.866800e+01,5.692336e+06,3.375391e+01,,,1.402632e+00,4
2018-04-23 04:16:39.000000,2.385512e+07,1.564878e+07,5.839600e+01,5.686958e+06,3.364609e+01,,,1.404212e+00,4
2018-04-23 04:16:40.000000,2.385404e+07,1.552698e+07,5.812400e+01,5.681579e+06,3.353826e+01,,,1.405792e+00,4
2018-04-23 04:16:41.000000,2.385296e+07,1.542011e+07,5.792000e+01,5.676200e+06,3.343044e+01,,,1.407372e+00,4
2018-04-23 04:16:42.000000,2.385188e+07,1.531324e+07,5.771600e+01,5.670821e+06,3.332261e+01,,,1.408952e+00,4
2018-04-23 04:16:43.000000,2.385079e+07,1.541436e+07,5.778000e+01,5.681200e+06,3.321478e+01,,,1.410532e+00,4
2018-04-23 04:16:44.000000,2.384971e+07,1.551548e+07,5.784400e+01,5.691579e+06,3.310696e+01,,,1.412112e+00,4
2018-04-23 04:16:45.000000,2.384863e+07,1.563155e+07,5.795600e+01,5.701958e+06,3.299913e+01,,,1.412129e+00,4
2018-04-23 04:16:46.000000,2.384755e+07,1.574761e+07,5.806800e+01,5.712336e+06,3.289130e+01,,,1.412145e+00,4
2018-04-23 04:16:47.000000,2.384647e+07,1.571888e+07,5.802200e+01,5.722715e+06,3.278348e+01,,,1.412162e+00,4
2018-04-23 04:16:48.000000,2.384539e+07,1.569015e+07,5.797600e+01,5.733094e+06,3.267565e+01,,,1.412179e+00,4
2018-04-23 04:16:49.000000,2.384431e+07,1.566142e+07,5.793000e+01,5.743473e+06,3.256783e+01,,,1.412196e+00,4
2018-04-23 04:16:50.000000,2.384323e+07,1.563270e+07,5.788400e+01,5.753852e+06,3.246000e+01,,,1.412213e+00,4
2018-04-23 04:16:51.000000,2.384215e+07,1.547527e+07,5.768000e+01,5.764230e+06,3.237304e+01,,,1.412229e+00,4
2018-04-23 04:16:52.000000,2.384107e+07,1.531783e+07,5.747600e+01,5.774609e+06,3.228609e+01,,,1.412246e+00,4
2018-04-23 04:16:53.000000,2.383999e+07,1.531669e+07,5.745800e+01,5.784988e+06,3.219913e+01,,,1.412263e+00,4
2018-04-23 04:16:54.000000,2.383891e+07,1.531554e+07,5.744000e+01,5.782261e+06,3.211217e+01,,,1.412280e+00,4
2018-04-23 04:16:55.000000,2.383783e+07,1.547527e+07,5.787800e+01,5.779534e+06,3.202522e+01,,,1.412297e+00,4
2018-04-23 04:16:56.000000,2.383675e+07,1.563499e+07,5.831600e+01,5.776807e+06,3.193826e+01,,,1.411377e+00,4
2018-04-23 04:16:57.000000,2.383660e+07,1.563729e+07,5.837600e+01,5.774079e+06,3.185130e+01,,,1.410457e+00,4
2018-04-23 04:16:58.000000,2.383645e+07,1.563959e+07,5.843600e+01,5.771352e+06,3.176435e+01,,,1.409538e+00,4
2018-04-23 04:16:59.000000,2.383630e+07,1.551089e+07,5.834000e+01,5.768625e+06,3.167739e+01,,,1.408619e+00,4
2018-04-23 04:17:00.000000,2.383615e+07,1.538219e+07,5.824400e+01,5.765897e+06,3.159043e+01,,,1.407699e+00,4
2018-04-23 04:17:01.000000,2.383600e+07,1.531783e+07,5.816400e+01,5.763170e+06,3.150348e+01,,,1.406780e+00,4
2018-04-23 04:17:02.000000,2.383586e+07,1.525348e+07,5.808400e+01,5.760443e+06,3.141652e+01,,,1.405860e+00,4
2018-04-23 04:17:03.000000,2.383571e+07,1.529140e+07,5.820800e+01,5.757715e+06,3.132957e+01,,,1.404940e+00,4
2018-04-23 04:17:04.000000,2.383556e+07,1.532933e+07,5.833200e+01,5.754988e+06,3.124261e+01,,,1.404021e+00,4
2018-04-23 04:17:05.000000,2.383541e+07,1.536725e+07,5.845600e+01,5.763700e+06,3.115565e+01,,,1.403101e+00,4
2018-04-23 04:17:06.000000,2.383526e+07,1.540517e+07,5.858000e+01,5.772413e+06,3.106870e+01,,,1.402182e+00,4
2018-04-23 04:17:07.000000,2.383511e+07,1.551778e+07,5.879600e+01,5.781125e+06,3.098174e+01,,,1.404044e+00,4
2018-04-23 04:17:08.000000,2.383496e+07,1.563040e+07,5.901200e+01,5.789836e+06,3.089478e+01,,,1.405905e+00,4
2018-04-23 04:17:09.000000,2.383481e+07,1.564763e+07,5.908600e+01,5.798549e+06,3.080783e+01,,,1.407767e+00,4
2018-04-23 04:17:10.000000,2.383466e+07,1.566487e+07,5.916000e+01,5.807261e+06,3.072087e+01,,,1.409628e+00,4
2018-04-23 04:17:11.000000,2.383452e+07,1.550629e+07,5.886800e+01,5.815973e+06,3.063391e+01,,,1.411490e+00,4
2018-04-23 04:17:12.000000,2.383437e+07,1.534771e+07,5.857600e+01,5.824685e+06,3.054696e+01,,,1.413351e+00,4
2018-04-23 04:17:13.000000,2.383422e+07,1.530864e+07,5.837000e+01,5.833397e+06,3.046000e+01,,,1.415213e+00,4
2018-04-23 04:17:14.000000,2.383407e+07,1.526957e+07,5.816400e+01,5.842109e+06,3.047869e+01,,,1.417074e+00,4
2018-04-23 04:17:15.000000,2.383392e+07,1.542355e+07,5.837600e+01,5.850821e+06,3.049739e+01,,,1.418936e+00,4
2018-04-23 04:17:16.000000,2.383377e+07,1.557754e+07,5.858800e+01,5.857715e+06,3.051609e+01,,,1.420797e+00,4
2018-04-23 04:17:17.000000,2.383362e+07,1.549710e+07,5.856200e+01,5.864609e+06,3.053478e+01,,,1.422659e+00,4
2018-04-23 04:17:18.000000,2.383347e+07,1.541666e+07,5.853600e+01,5.871503e+06,3.055348e+01,,,1.422530e+00,4
2018-04-23 04:17:19.000000,2.383333e+07,1.533622e+07,5.851000e+01,5.878397e+06,3.057217e+01,,,1.422400e+00,4
2018-04-23 04:17:20.000000,2.383318e+07,1.525578e+07,5.848400e+01,5.885291e+06,3.059087e+01,,,1.422271e+00,4
2018-04-23 04:17:21.000000,2.383303e+07,1.526210e+07,5.852700e+01,5.892185e+06,3.060956e+01,,,1.422142e+00,4
2018-04-23 04:17:22.000000,2.383288e+07,1.526842e+07,5.857000e+01,5.899079e+06,3.062826e+01,,,1.422013e+00,4
2018-04-23 04:17:23.000000,2.383273e+07,1.527474e+07,5.861300e+01,5.905973e+06,3.064696e+01,,,1.421884e+00,4
2018-04-23 04:17:24.000000,2.383258e+07,1.528106e+07,5.865600e+01,5.912867e+06,3.066565e+01,,,1.421755e+00,4
2018-04-23 04:17:25.000000,2.383243e+07,1.542126e+07,5.885400e+01,5.919761e+06,3.068435e+01,,,1.421626e+00,4
2018-04-23 04:17:26.000000,2.383228e+07,1.556145e+07,5.905200e+01,5.926655e+06,3.070304e+01,,,1.421497e+00,4
2018-04-23 04:17:27.000000,2.383214e+07,1.559018e+07,5.918000e+01,5.929988e+06,3.072174e+01,,,1.421367e+00,4
2018-04-23 04:17:28.000000,2.383199e+07,1.561891e+07,5.930800e+01,5.933321e+06,3.074043e+01,,,1.421238e+00,4
2018-04-23 04:17:29.000000,2.383184e+07,1.548446e+07,5.905400e+01,5.936655e+06,3.075913e+01,,,1.420125e+00,4
2018-04-23 04:17:30.000000,2.383169e+07,1.535001e+07,5.880000e+01,5.939988e+06,3.077783e+01,,,1.419011e+00,4
2018-04-23 04:17:31.000000,2.383208e+07,1.531094e+07,5.874000e+01,5.943321e+06,3.079652e+01,,,1.417897e+00,4
2018-04-23 04:17:32.000000,2.383246e+07,1.527187e+07,5.868000e+01,5.946655e+06,3.081522e+01,,,1.416784e+00,4
2018-04-23 04:17:33.000000,2.383285e+07,1.534484e+07,5.876500e+01,5.949988e+06,3.083391e+01,,,1.415670e+00,4
2018-04-23 04:17:34.000000,2.383324e+07,1.541781e+07,5.885000e+01,5.953321e+06,3.085261e+01,,,1.414556e+00,4
2018-04-23 04:17:35.000000,2.383363e+07,1.549078e+07,5.893500e+01,5.956655e+06,3.087130e+01,,,1.413442e+00,4
2018-04-23 04:17:36.000000,2.383401e+07,1.556375e+07,5.902000e+01,5.959988e+06,3.089000e+01,,,1.412329e+00,4
2018-04-23 04:17:37.000000,2.383440e+07,1.562350e+07,5.917200e+01,5.963321e+06,3.095130e+01,,,1.411215e+00,4
2018-04-23 04:17:38.000000,2.383479e+07,1.568326e+07,5.932400e+01,5.962033e+06,3.101261e+01,,,1.410101e+00,4
2018-04-23 04:17:39.000000,2.383518e+07,1.553272e+07,5.909200e+01,5.960746e+06,3.107391e+01,,,1.408988e+00,4
2018-04-23 04:17:40.000000,2.383557e+07,1.538219e+07,5.886000e+01,5.959458e+06,3.113522e+01,,,1.409416e+00,4
2018-04-23 04:17:41.000000,2.383595e+07,1.535920e+07,5.881000e+01,5.958170e+06,3.119652e+01,,,1.409845e+00,4
2018-04-23 04:17:42.000000,2.383634e+07,1.533622e+07,5.876000e+01,5.956882e+06,3.125783e+01,,,1.410273e+00,4
2018-04-23 04:17:43.000000,2.383673e+07,1.544769e+07,5.890000e+01,5.955594e+06,3.131913e+01,,,1.410701e+00,4
2018-04-23 04:17:44.000000,2.383712e+07,1.555915e+07,5.904000e+01,5.954306e+06,3.138043e+01,,,1.411130e+00,4
2018-04-23 04:17:45.000000,2.383750e+07,1.559305e+07,5.914300e+01,5.953019e+06,3.144174e+01,,,1.411558e+00,4
2018-04-23 04:17:46.000000,2.383789e+07,1.562695e+07,5.924600e+01,5.951730e+06,3.150304e+01,,,1.411987e+00,4
2018-04-23 04:17:47.000000,2.383828e+07,1.566085e+07,5.934900e+01,5.950443e+06,3.156435e+01,,,1.412415e+00,4
2018-04-23 04:17:48.000000,2.383866e+07,1.569475e+07,5.945200e+01,5.949155e+06,3.162565e+01,,,1.412844e+00,4
2018-04-23 04:17:49.000000,2.383905e+07,1.562925e+07,5.932600e+01,5.954458e+06,3.168696e+01,,,1.413272e+00,4
2018-04-23 04:17:50.000000,2.383944e+07,1.556375e+07,5.920000e+01,5.959761e+06,3.174826e+01,,,1.413701e+00,4
2018-04-23 04:17:51.000000,2.383983e+07,1.546492e+07,5.885400e+01,5.965064e+06,3.180956e+01,,,1.413390e+00,4
2018-04-23 04:17:52.000000,2.384021e+07,1.536610e+07,5.850800e+01,5.970367e+06,3.187087e+01,,,1.413079e+00,4
2018-04-23 04:17:53.000000,2.384060e+07,1.538793e+07,5.859400e+01,5.975670e+06,3.193217e+01,,,1.412768e+00,4
2018-04-23 04:17:54.000000,2.384099e+07,1.540977e+07,5.868000e+01,5.980973e+06,3.199348e+01,,,1.412457e+00,4
2018-04-23 04:17:55.000000,2.384138e+07,1.554536e+07,5.895200e+01,5.986276e+06,3.205478e+01,,,1.412146e+00,4
2018-04-23 04:17:56.000000,2.384176e+07,1.568096e+07,5.922400e+01,5.991579e+06,3.211609e+01,,,1.411835e+00,4
2018-04-23 04:17:57.000000,2.384215e+07,1.564246e+07,5.912300e+01,5.996882e+06,3.217739e+01,,,1.411524e+00,4
2018-04-23 04:17:58.000000,2.384254e+07,1.560397e+07,5.902200e+01,6.002185e+06,3.223869e+01,,,1.411213e+00,4
2018-04-23 04:17:59.000000,2.384293e+07,1.556547e+07,5.892100e+01,6.007488e+06,3.230000e+01,,,1.410902e+00,4
2018-04-23 04:18:00.000000,2.384332e+07,1.552698e+07,5.882000e+01,6.009154e+06,3.233935e+01,,,1.410591e+00,4
2018-04-23 04:18:01.000000,2.384348e+07,1.540977e+07,5.857800e+01,6.010821e+06,3.237870e+01,,,1.410280e+00,4
2018-04-23 04:18:02.000000,2.384365e+07,1.529255e+07,5.833600e+01,6.012488e+06,3.241804e+01,,,1.410349e+00,4
2018-04-23 04:18:03.000000,2.384382e+07,1.539942e+07,5.852400e+01,6.014154e+06,3.245739e+01,,,1.410419e+00,4
2018-04-23 04:18:04.000000,2.384399e+07,1.550629e+07,5.871200e+01,6.015821e+06,3.249674e+01,,,1.410488e+00,4
2018-04-23 04:18:05.000000,2.384416e+07,1.560052e+07,5.891400e+01,6.017488e+06,3.253609e+01,,,1.410558e+00,4
2018-04-23 04:18:06.000000,2.384433e+07,1.569475e+07,5.911600e+01,6.019155e+06,3.257544e+01,,,1.410627e+00,4
2018-04-23 04:18:07.000000,2.384450e+07,1.567521e+07,5.911800e+01,6.020821e+06,3.261478e+01,,,1.410697e+00,4
2018-04-23 04:18:08.000000,2.384466e+07,1.565568e+07,5.912000e+01,6.022488e+06,3.265413e+01,,,1.410766e+00,4
2018-04-23 04:18:09.000000,2.384483e+07,1.557352e+07,5.897700e+01,6.024155e+06,3.269348e+01,,,1.410836e+00,4
2018-04-23 04:18:10.000000,2.384500e+07,1.549135e+07,5.883400e+01,6.025821e+06,3.273283e+01,,,1.410905e+00,4
2018-04-23 04:18:11.000000,2.384517e+07,1.540919e+07,5.869100e+01,6.024836e+06,3.277217e+01,,,1.410975e+00,4
2018-04-23 04:18:12.000000,2.384534e+07,1.532703e+07,5.854800e+01,6.023852e+06,3.281152e+01,,,1.411045e+00,4
2018-04-23 04:18:13.000000,2.384551e+07,1.541494e+07,5.849600e+01,6.022867e+06,3.285087e+01,,,1.409640e+00,4
2018-04-23 04:18:14.000000,2.384568e+07,1.550284e+07,5.844400e+01,6.021882e+06,3.289022e+01,,,1.408235e+00,4
2018-04-23 04:18:15.000000,2.384585e+07,1.559075e+07,5.867200e+01,6.020897e+06,3.292957e+01,,,1.406831e+00,4
2018-04-23 04:18:16.000000,2.384601e+07,1.567866e+07,5.890000e+01,6.019912e+06,3.296891e+01,,,1.405426e+00,4
2018-04-23 04:18:17.000000,2.384618e+07,1.569820e+07,5.887667e+01,6.018927e+06,3.300826e+01,,,1.404021e+00,4
2018-04-23 04:18:18.000000,2.384635e+07,1.571773e+07,5.885333e+01,6.017942e+06,3.304761e+01,,,1.402617e+00,4
2018-04-23 04:18:19.000000,2.384652e+07,1.570739e+07,5.883000e+01,6.016958e+06,3.308696e+01,,,1.401212e+00,4
2018-04-23 04:18:20.000000,2.384669e+07,1.569705e+07,5.880667e+01,6.015973e+06,3.312630e+01,,,1.399807e+00,4
2018-04-23 04:18:21.000000,2.384686e+07,1.568671e+07,5.878333e+01,6.014988e+06,3.316565e+01,,,1.398403e+00,4
2018-04-23 04:18:22.000000,2.384703e+07,1.567636e+07,5.876000e+01,6.017942e+06,3.320500e+01,,,1.396998e+00,4
2018-04-23 04:18:23.000000,2.384719e+07,1.557294e+07,5.867800e+01,6.020897e+06,3.324435e+01,,,1.395593e+00,4
2018-04-23 04:18:24.000000,2.384736e+07,1.546952e+07,5.859600e+01,6.023852e+06,3.328370e+01,,,1.397509e+00,4
2018-04-23 04:18:25.000000,2.384753e+07,1.540057e+07,5.842800e+01,6.026806e+06,3.332304e+01,,,1.399425e+00,4
2018-04-23 04:18:26.000000,2.384770e+07,1.533162e+07,5.826000e+01,6.029761e+06,3.336239e+01,,,1.401341e+00,4
2018-04-23 04:18:27.000000,2.384787e+07,1.535920e+07,5.832600e+01,6.032715e+06,3.340174e+01,,,1.403257e+00,4
2018-04-23 04:18:28.000000,2.384804e+07,1.538678e+07,5.839200e+01,6.035669e+06,3.344109e+01,,,1.405173e+00,4
2018-04-23 04:18:29.000000,2.384821e+07,1.550744e+07,5.839400e+01,6.038624e+06,3.348043e+01,,,1.407089e+00,4
2018-04-23 04:18:30.000000,2.384837e+07,1.562810e+07,5.839600e+01,6.041579e+06,3.351978e+01,,,1.409006e+00,4
2018-04-23 04:18:31.000000,2.384854e+07,1.567292e+07,5.838600e+01,6.044533e+06,3.355913e+01,,,1.410921e+00,4
2018-04-23 04:18:32.000000,2.384871e+07,1.571773e+07,5.837600e+01,6.047488e+06,3.359848e+01,,,1.412837e+00,4
2018-04-23 04:18:33.000000,2.384888e+07,1.570911e+07,5.845400e+01,6.054912e+06,3.363783e+01,,,1.414754e+00,4
2018-04-23 04:18:34.000000,2.384905e+07,1.570049e+07,5.853200e+01,6.062336e+06,3.367717e+01,,,1.416670e+00,4
2018-04-23 04:18:35.000000,2.384910e+07,1.569187e+07,5.861000e+01,6.069760e+06,3.371652e+01,,,1.414744e+00,4
2018-04-23 04:18:36.000000,2.384914e+07,1.568326e+07,5.868800e+01,6.077185e+06,3.375587e+01,,,1.412819e+00,4
2018-04-23 04:18:37.000000,2.384919e+07,1.555226e+07,5.847400e+01,6.084609e+06,3.379522e+01,,,1.410894e+00,4
2018-04-23 04:18:38.000000,2.384923e+07,1.542126e+07,5.826000e+01,6.092033e+06,3.383456e+01,,,1.408969e+00,4
2018-04-23 04:18:39.000000,2.384928e+07,1.539827e+07,5.812800e+01,6.099458e+06,3.387391e+01,,,1.407044e+00,4
2018-04-23 04:18:40.000000,2.384932e+07,1.537529e+07,5.799600e+01,6.106882e+06,3.391326e+01,,,1.405119e+00,4
2018-04-23 04:18:41.000000,2.384937e+07,1.550284e+07,5.828400e+01,6.114306e+06,3.395261e+01,,,1.403193e+00,4
2018-04-23 04:18:42.000000,2.384941e+07,1.563040e+07,5.857200e+01,6.121730e+06,3.399196e+01,,,1.401268e+00,4
2018-04-23 04:18:43.000000,2.384946e+07,1.565683e+07,5.858200e+01,6.129154e+06,3.403130e+01,,,1.399343e+00,4
2018-04-23 04:18:44.000000,2.384951e+07,1.568326e+07,5.859200e+01,6.136958e+06,3.407065e+01,,,1.397418e+00,4
2018-04-23 04:18:45.000000,2.384955e+07,1.560512e+07,5.844300e+01,6.144760e+06,3.411000e+01,,,1.395493e+00,4
2018-04-23 04:18:46.000000,2.384960e+07,1.552697e+07,5.829400e+01,6.152563e+06,3.413011e+01,,,1.396954e+00,4
2018-04-23 04:18:47.000000,2.384964e+07,1.544883e+07,5.814500e+01,6.160367e+06,3.415022e+01,,,1.398416e+00,4
2018-04-23 04:18:48.000000,2.384969e+07,1.537069e+07,5.799600e+01,6.168169e+06,3.417033e+01,,,1.399878e+00,4
2018-04-23 04:18:49.000000,2.384973e+07,1.536610e+07,5.796600e+01,6.175973e+06,3.419043e+01,,,1.401339e+00,4
2018-04-23 04:18:50.000000,2.384978e+07,1.536150e+07,5.793600e+01,6.183775e+06,3.421054e+01,,,1.402801e+00,4
2018-04-23 04:18:51.000000,2.384982e+07,1.551663e+07,5.822200e+01,6.191579e+06,3.423065e+01,,,1.404263e+00,4
2018-04-23 04:18:52.000000,2.384987e+07,1.567177e+07,5.850800e+01,6.199382e+06,3.425076e+01,,,1.405724e+00,4
2018-04-23 04:18:53.000000,2.384991e+07,1.566372e+07,5.851200e+01,6.207185e+06,3.427087e+01,,,1.407186e+00,4
2018-04-23 04:18:54.000000,2.384996e+07,1.565568e+07,5.851600e+01,6.214988e+06,3.429098e+01,,,1.408648e+00,4
2018-04-23 04:18:55.000000,2.385001e+07,1.557754e+07,5.841500e+01,6.220367e+06,3.431109e+01,,,1.410109e+00,4
2018-04-23 04:18:56.000000,2.385005e+07,1.549940e+07,5.831400e+01,6.225745e+06,3.433120e+01,,,1.411571e+00,4
2018-04-23 04:18:57.000000,2.385010e+07,1.542126e+07,5.821300e+01,6.231124e+06,3.435130e+01,,,1.412020e+00,4
2018-04-23 04:18:58.000000,2.385014e+07,1.534312e+07,5.811200e+01,6.236503e+06,3.437141e+01,,,1.412469e+00,4
2018-04-23 04:18:59.000000,2.385019e+07,1.538448e+07,5.811800e+01,6.241882e+06,3.439152e+01,,,1.412919e+00,4
2018-04-23 04:19:00.000000,2.385023e+07,1.542585e+07,5.812400e+01,6.247260e+06,3.441163e+01,,,1.413368e+00,4
2018-04-23 04:19:01.000000,2.385028e+07,1.553042e+07,5.824600e+01,6.252639e+06,3.443174e+01,,,1.413817e+00,4
2018-04-23 04:19:02.000000,2.385033e+07,1.563499e+07,5.836800e+01,6.258018e+06,3.445185e+01,,,1.414266e+00,4
2018-04-23 04:19:03.000000,2.385037e+07,1.567866e+07,5.834800e+01,6.263397e+06,3.447196e+01,,,1.414716e+00,4
2018-04-23 04:19:04.000000,2.385042e+07,1.572233e+07,5.832800e+01,6.268775e+06,3.449207e+01,,,1.415165e+00,4
2018-04-23 04:19:05.000000,2.385082e+07,1.552468e+07,5.808800e+01,6.274154e+06,3.451217e+01,,,1.415614e+00,4
2018-04-23 04:19:06.000000,2.385122e+07,1.532703e+07,5.784800e+01,6.278169e+06,3.453228e+01,,,1.416063e+00,4
2018-04-23 04:19:07.000000,2.385162e+07,1.543390e+07,5.797000e+01,6.282185e+06,3.455239e+01,,,1.416512e+00,4
2018-04-23 04:19:08.000000,2.385202e+07,1.554077e+07,5.809200e+01,6.286200e+06,3.457250e+01,,,1.418735e+00,4
2018-04-23 04:19:09.000000,2.385242e+07,1.559362e+07,5.822300e+01,6.290215e+06,3.459261e+01,,,1.420958e+00,4
2018-04-23 04:19:10.000000,2.385282e+07,1.564648e+07,5.835400e+01,6.294230e+06,3.461272e+01,,,1.423180e+00,4
2018-04-23 04:19:11.000000,2.385322e+07,1.569935e+07,5.848500e+01,6.298245e+06,3.463283e+01,,,1.425403e+00,4
2018-04-23 04:19:12.000000,2.385362e+07,1.575220e+07,5.861600e+01,6.302260e+06,3.465294e+01,,,1.427626e+00,4
2018-04-23 04:19:13.000000,2.385402e+07,1.562810e+07,5.839800e+01,6.306275e+06,3.467304e+01,,,1.429848e+00,4
2018-04-23 04:19:14.000000,2.385442e+07,1.550399e+07,5.818000e+01,6.310291e+06,3.469315e+01,,,1.432071e+00,4
2018-04-23 04:19:15.000000,2.385482e+07,1.541781e+07,5.797200e+01,6.314306e+06,3.471326e+01,,,1.434294e+00,4
2018-04-23 04:19:16.000000,2.385522e+07,1.533162e+07,5.776400e+01,6.318321e+06,3.473337e+01,,,1.436517e+00,4
2018-04-23 04:19:17.000000,2.385562e+07,1.540747e+07,5.797400e+01,6.320594e+06,3.475348e+01,,,1.438739e+00,4
2018-04-23 04:19:18.000000,2.385602e+07,1.548331e+07,5.818400e+01,6.322866e+06,3.477359e+01,,,1.440962e+00,4
2018-04-23 04:19:19.000000,2.385642e+07,1.555283e+07,5.830100e+01,6.325139e+06,3.479370e+01,,,1.439430e+00,4
2018-04-23 04:19:20.000000,2.385682e+07,1.562235e+07,5.841800e+01,6.327412e+06,3.481380e+01,,,1.437899e+00,4
2018-04-23 04:19:21.000000,2.385722e+07,1.569187e+07,5.853500e+01,6.329685e+06,3.483391e+01,,,1.436367e+00,4
2018-04-23 04:19:22.000000,2.385762e+07,1.576140e+07,5.865200e+01,6.331957e+06,3.485402e+01,,,1.434835e+00,4
2018-04-23 04:19:23.000000,2.385802e+07,1.565683e+07,5.839800e+01,6.334230e+06,3.487413e+01,,,1.433304e+00,4
2018-04-23 04:19:24.000000,2.385842e+07,1.555226e+07,5.814400e+01,6.336502e+06,3.489424e+01,,,1.431772e+00,4
2018-04-23 04:19:25.000000,2.385882e+07,1.549480e+07,5.790400e+01,6.338775e+06,3.491435e+01,,,1.430240e+00,4
2018-04-23 04:19:26.000000,2.385922e+07,1.543734e+07,5.766400e+01,6.341048e+06,3.493446e+01,,,1.428709e+00,4
2018-04-23 04:19:27.000000,2.385962e+07,1.558673e+07,5.799400e+01,6.343321e+06,3.495457e+01,,,1.427177e+00,4
2018-04-23 04:19:28.000000,2.386002e+07,1.573612e+07,5.832400e+01,6.344836e+06,3.497467e+01,,,1.425646e+00,4
2018-04-23 04:19:29.000000,2.386042e+07,1.566142e+07,5.805400e+01,6.346351e+06,3.499478e+01,,,1.424114e+00,4
2018-04-23 04:19:30.000000,2.386082e+07,1.558673e+07,5.778400e+01,6.347866e+06,3.501489e+01,,,1.423627e+00,4
2018-04-23 04:19:31.000000,2.386122e+07,1.552870e+07,5.768500e+01,6.349381e+06,3.503500e+01,,,1.423139e+00,4
2018-04-23 04:19:32.000000,2.386161e+07,1.547067e+07,5.758600e+01,6.350896e+06,3.505511e+01,,,1.422652e+00,4
2018-04-23 04:19:33.000000,2.386201e+07,1.541264e+07,5.748700e+01,6.352412e+06,3.507522e+01,,,1.422165e+00,4
2018-04-23 04:19:34.000000,2.386242e+07,1.535461e+07,5.738800e+01,6.353927e+06,3.509533e+01,,,1.421677e+00,4
2018-04-23 04:19:35.000000,2.386282e+07,1.542241e+07,5.742000e+01,6.355442e+06,3.511543e+01,,,1.421190e+00,4
2018-04-23 04:19:36.000000,2.386322e+07,1.549020e+07,5.745200e+01,6.356957e+06,3.513554e+01,,,1.420703e+00,4
2018-04-23 04:19:37.000000,2.386362e+07,1.563729e+07,5.781200e+01,6.358472e+06,3.515565e+01,,,1.420215e+00,4
2018-04-23 04:19:38.000000,2.386402e+07,1.578438e+07,5.817200e+01,6.359987e+06,3.517576e+01,,,1.419728e+00,4
2018-04-23 04:19:39.000000,2.386419e+07,1.566142e+07,5.800800e+01,6.361578e+06,3.519587e+01,,,1.419241e+00,4
2018-04-23 04:19:40.000000,2.386437e+07,1.553847e+07,5.784400e+01,6.363169e+06,3.521598e+01,,,1.418753e+00,4
2018-04-23 04:19:41.000000,2.386455e+07,1.550284e+07,5.790000e+01,6.364760e+06,3.523609e+01,,,1.420139e+00,4
2018-04-23 04:19:42.000000,2.386473e+07,1.546722e+07,5.795600e+01,6.366351e+06,3.525620e+01,,,1.421525e+00,4
2018-04-23 04:19:43.000000,2.386490e+07,1.562695e+07,5.819400e+01,6.367942e+06,3.527630e+01,,,1.422911e+00,4
2018-04-23 04:19:44.000000,2.386508e+07,1.578668e+07,5.843200e+01,6.369533e+06,3.529641e+01,,,1.424297e+00,4
2018-04-23 04:19:45.000000,2.386526e+07,1.567406e+07,5.832800e+01,6.371124e+06,3.531652e+01,,,1.425683e+00,4
2018-04-23 04:19:46.000000,2.386544e+07,1.556145e+07,5.822400e+01,6.372714e+06,3.533663e+01,,,1.427069e+00,4
2018-04-23 04:19:47.000000,2.386562e+07,1.551261e+07,5.811200e+01,6.374306e+06,3.535674e+01,,,1.428455e+00,4
2018-04-23 04:19:48.000000,2.386580e+07,1.546377e+07,5.800000e+01,6.375896e+06,3.537685e+01,,,1.429841e+00,4
2018-04-23 04:19:49.000000,2.386597e+07,1.541494e+07,5.788800e+01,6.377487e+06,3.539696e+01,,,1.431227e+00,4
2018-04-23 04:19:50.000000,2.386615e+07,1.536610e+07,5.777600e+01,6.378699e+06,3.541706e+01,,,1.432613e+00,4
2018-04-23 04:19:51.000000,2.386633e+07,1.545688e+07,5.796400e+01,6.379912e+06,3.543717e+01,,,1.433999e+00,4
2018-04-23 04:19:52.000000,2.386651e+07,1.554766e+07,5.815200e+01,6.381124e+06,3.545728e+01,,,1.432220e+00,4
2018-04-23 04:19:53.000000,2.386669e+07,1.567062e+07,5.826200e+01,6.382336e+06,3.547739e+01,,,1.430442e+00,4
2018-04-23 04:19:54.000000,2.386686e+07,1.579357e+07,5.837200e+01,6.383548e+06,3.549750e+01,,,1.428663e+00,4
2018-04-23 04:19:55.000000,2.386704e+07,1.570624e+07,5.822200e+01,6.384760e+06,3.551761e+01,,,1.426885e+00,4
2018-04-23 04:19:56.000000,2.386722e+07,1.561891e+07,5.807200e+01,6.385972e+06,3.553772e+01,,,1.425106e+00,4
2018-04-23 04:19:57.000000,2.386740e+07,1.549825e+07,5.790800e+01,6.387185e+06,3.555783e+01,,,1.423327e+00,4
2018-04-23 04:19:58.000000,2.386758e+07,1.537759e+07,5.774400e+01,6.388396e+06,3.557793e+01,,,1.421549e+00,4
2018-04-23 04:19:59.000000,2.386775e+07,1.554651e+07,5.808400e+01,6.389609e+06,3.559804e+01,,,1.419770e+00,4
2018-04-23 04:20:00.000000,2.386793e+07,1.571543e+07,5.842400e+01,6.390821e+06,3.561815e+01,,,1.417992e+00,4
2018-04-23 04:20:01.000000,2.386811e+07,1.564189e+07,5.826900e+01,6.391200e+06,3.563826e+01,,,1.416213e+00,4
2018-04-23 04:20:02.000000,2.386829e+07,1.556834e+07,5.811400e+01,6.391578e+06,3.565837e+01,,,1.414435e+00,4
2018-04-23 04:20:03.000000,2.386847e+07,1.549480e+07,5.795900e+01,6.391957e+06,3.567848e+01,,,1.412798e+00,4
2018-04-23 04:20:04.000000,2.386864e+07,1.542126e+07,5.780400e+01,6.392336e+06,3.569859e+01,,,1.411162e+00,4
2018-04-23 04:20:05.000000,2.386882e+07,1.545688e+07,5.787000e+01,6.392715e+06,3.571870e+01,,,1.409525e+00,4
2018-04-23 04:20:06.000000,2.386900e+07,1.549250e+07,5.793600e+01,6.393093e+06,3.573880e+01,,,1.407889e+00,4
2018-04-23 04:20:07.000000,2.386918e+07,1.552812e+07,5.800200e+01,6.393472e+06,3.575891e+01,,,1.406252e+00,4
2018-04-23 04:20:08.000000,2.386936e+07,1.556375e+07,5.806800e+01,6.393851e+06,3.577902e+01,,,1.404616e+00,4
2018-04-23 04:20:09.000000,2.386953e+07,1.568556e+07,5.825200e+01,6.394230e+06,3.579913e+01,,,1.402980e+00,4
2018-04-23 04:20:10.000000,2.386971e+07,1.580736e+07,5.843600e+01,6.394608e+06,3.581924e+01,,,1.401343e+00,4
2018-04-23 04:20:11.000000,2.386976e+07,1.566028e+07,5.827800e+01,6.394987e+06,3.583935e+01,,,1.399707e+00,4
2018-04-23 04:20:12.000000,2.386981e+07,1.551319e+07,5.812000e+01,6.390896e+06,3.585946e+01,,,1.398070e+00,4
2018-04-23 04:20:13.000000,2.386986e+07,1.546148e+07,5.802800e+01,6.386806e+06,3.587957e+01,,,1.396434e+00,4
2018-04-23 04:20:14.000000,2.386991e+07,1.540977e+07,5.793600e+01,6.382714e+06,3.589967e+01,,,1.396390e+00,4
2018-04-23 04:20:15.000000,2.386995e+07,1.558673e+07,5.820200e+01,6.378624e+06,3.591978e+01,,,1.396345e+00,4
2018-04-23 04:20:16.000000,2.387000e+07,1.576370e+07,5.846800e+01,6.374533e+06,3.593989e+01,,,1.396301e+00,4
2018-04-23 04:20:17.000000,2.387005e+07,1.571658e+07,5.839200e+01,6.370442e+06,3.596000e+01,,,1.396256e+00,4
2018-04-23 04:20:18.000000,2.387010e+07,1.566947e+07,5.831600e+01,6.366351e+06,3.596435e+01,,,1.396212e+00,4
2018-04-23 04:20:19.000000,2.387014e+07,1.559822e+07,5.820800e+01,6.362260e+06,3.596870e+01,,,1.396167e+00,4
2018-04-23 04:20:20.000000,2.387019e+07,1.552698e+07,5.810000e+01,6.358169e+06,3.597304e+01,,,1.396123e+00,4
2018-04-23 04:20:21.000000,2.387024e+07,1.545573e+07,5.799200e+01,6.354078e+06,3.597739e+01,,,1.396078e+00,4
2018-04-23 04:20:22.000000,2.387029e+07,1.538448e+07,5.788400e+01,6.349987e+06,3.598174e+01,,,1.396034e+00,4
2018-04-23 04:20:23.000000,2.387034e+07,1.542011e+07,5.795400e+01,6.347714e+06,3.598609e+01,,,1.395990e+00,4
2018-04-23 04:20:24.000000,2.387038e+07,1.545573e+07,5.802400e+01,6.345442e+06,3.599043e+01,,,1.395945e+00,4
2018-04-23 04:20:25.000000,2.387043e+07,1.561316e+07,5.831800e+01,6.343169e+06,3.599478e+01,,,1.396761e+00,4
2018-04-23 04:20:26.000000,2.387048e+07,1.577059e+07,5.861200e+01,6.340896e+06,3.599913e+01,,,1.397577e+00,4
2018-04-23 04:20:27.000000,2.387053e+07,1.566602e+07,5.836600e+01,6.338624e+06,3.600348e+01,,,1.398393e+00,4
2018-04-23 04:20:28.000000,2.387057e+07,1.556145e+07,5.812000e+01,6.336351e+06,3.600783e+01,,,1.399209e+00,4
2018-04-23 04:20:29.000000,2.387062e+07,1.547756e+07,5.801000e+01,6.334078e+06,3.601217e+01,,,1.400025e+00,4
2018-04-23 04:20:30.000000,2.387067e+07,1.539368e+07,5.790000e+01,6.331806e+06,3.601652e+01,,,1.400841e+00,4
2018-04-23 04:20:31.000000,2.387072e+07,1.545056e+07,5.797600e+01,6.329533e+06,3.602087e+01,,,1.401657e+00,4
2018-04-23 04:20:32.000000,2.387077e+07,1.550744e+07,5.805200e+01,6.327260e+06,3.602522e+01,,,1.402473e+00,4
2018-04-23 04:20:33.000000,2.387081e+07,1.556432e+07,5.812800e+01,6.324987e+06,3.602957e+01,,,1.403289e+00,4
2018-04-23 04:20:34.000000,2.387086e+07,1.562120e+07,5.820400e+01,6.320896e+06,3.603391e+01,,,1.404105e+00,4
2018-04-23 04:20:35.000000,2.387091e+07,1.571888e+07,5.834600e+01,6.316806e+06,3.603826e+01,,,1.404921e+00,4
2018-04-23 04:20:36.000000,2.387096e+07,1.581656e+07,5.848800e+01,6.312715e+06,3.604261e+01,,,1.405151e+00,4
2018-04-23 04:20:37.000000,2.387101e+07,1.570279e+07,5.839000e+01,6.308624e+06,3.604696e+01,,,1.405380e+00,4
2018-04-23 04:20:38.000000,2.387105e+07,1.558903e+07,5.829200e+01,6.304533e+06,3.605130e+01,,,1.405609e+00,4
2018-04-23 04:20:39.000000,2.387110e+07,1.549710e+07,5.811800e+01,6.300442e+06,3.605565e+01,,,1.405839e+00,4
2018-04-23 04:20:40.000000,2.387115e+07,1.540517e+07,5.794400e+01,6.296351e+06,3.606000e+01,,,1.406068e+00,4
2018-04-23 04:20:41.000000,2.387120e+07,1.543505e+07,5.798000e+01,6.292260e+06,3.603087e+01,,,1.406298e+00,4
2018-04-23 04:20:42.000000,2.387124e+07,1.546492e+07,5.801600e+01,6.288169e+06,3.600174e+01,,,1.406527e+00,4
2018-04-23 04:20:43.000000,2.387129e+07,1.549480e+07,5.805200e+01,6.284079e+06,3.597261e+01,,,1.406757e+00,4
2018-04-23 04:20:44.000000,2.387134e+07,1.552468e+07,5.808800e+01,6.279988e+06,3.594348e+01,,,1.406986e+00,4
2018-04-23 04:20:45.000000,2.387102e+07,1.567292e+07,5.837200e+01,6.289382e+06,3.591435e+01,,,1.407215e+00,4
2018-04-23 04:20:46.000000,2.387071e+07,1.582115e+07,5.865600e+01,6.298775e+06,3.588522e+01,,,1.407445e+00,4
2018-04-23 04:20:47.000000,2.387039e+07,1.576599e+07,5.858200e+01,6.308169e+06,3.585609e+01,,,1.404193e+00,4
2018-04-23 04:20:48.000000,2.387007e+07,1.571084e+07,5.850800e+01,6.317563e+06,3.582696e+01,,,1.400941e+00,4
2018-04-23 04:20:49.000000,2.386976e+07,1.555915e+07,5.836600e+01,6.326958e+06,3.579782e+01,,,1.397690e+00,4
2018-04-23 04:20:50.000000,2.386944e+07,1.540747e+07,5.822400e+01,6.336351e+06,3.576870e+01,,,1.394438e+00,4
2018-04-23 04:20:51.000000,2.386912e+07,1.548561e+07,5.829600e+01,6.345745e+06,3.573957e+01,,,1.391186e+00,4
2018-04-23 04:20:52.000000,2.386880e+07,1.556375e+07,5.836800e+01,6.355139e+06,3.571043e+01,,,1.387934e+00,4
2018-04-23 04:20:53.000000,2.386849e+07,1.567177e+07,5.856800e+01,6.364533e+06,3.568130e+01,,,1.384683e+00,4
2018-04-23 04:20:54.000000,2.386817e+07,1.577978e+07,5.876800e+01,6.373927e+06,3.565218e+01,,,1.381431e+00,4
2018-04-23 04:20:55.000000,2.386785e+07,1.572750e+07,5.861900e+01,6.383321e+06,3.562304e+01,,,1.378179e+00,4
2018-04-23 04:20:56.000000,2.386754e+07,1.567521e+07,5.847000e+01,6.389002e+06,3.559391e+01,,,1.374927e+00,4
2018-04-23 04:20:57.000000,2.386722e+07,1.562293e+07,5.832100e+01,6.394685e+06,3.556478e+01,,,1.371676e+00,4
2018-04-23 04:20:58.000000,2.386690e+07,1.557064e+07,5.817200e+01,6.400366e+06,3.553565e+01,,,1.373444e+00,4
2018-04-23 04:20:59.000000,2.386658e+07,1.546492e+07,5.803400e+01,6.406048e+06,3.550652e+01,,,1.375212e+00,4
2018-04-23 04:21:00.000000,2.386627e+07,1.535920e+07,5.789600e+01,6.411730e+06,3.547739e+01,,,1.376980e+00,4
2018-04-23 04:21:01.000000,2.386595e+07,1.547756e+07,5.798800e+01,6.417412e+06,3.544826e+01,,,1.378748e+00,4
2018-04-23 04:21:02.000000,2.386563e+07,1.559592e+07,5.808000e+01,6.423094e+06,3.541913e+01,,,1.380516e+00,4
2018-04-23 04:21:03.000000,2.386531e+07,1.568900e+07,5.824200e+01,6.428775e+06,3.539000e+01,,,1.382284e+00,4
2018-04-23 04:21:04.000000,2.386500e+07,1.578208e+07,5.840400e+01,6.434457e+06,3.538826e+01,,,1.384052e+00,4
2018-04-23 04:21:05.000000,2.386468e+07,1.571486e+07,5.823900e+01,6.440139e+06,3.538652e+01,,,1.385820e+00,4
2018-04-23 04:21:06.000000,2.386436e+07,1.564763e+07,5.807400e+01,6.445821e+06,3.538478e+01,,,1.387588e+00,4
2018-04-23 04:21:07.000000,2.386405e+07,1.558041e+07,5.790900e+01,6.447639e+06,3.538304e+01,,,1.389356e+00,4
2018-04-23 04:21:08.000000,2.386373e+07,1.551319e+07,5.774400e+01,6.449457e+06,3.538131e+01,,,1.391124e+00,4
2018-04-23 04:21:09.000000,2.386341e+07,1.543390e+07,5.755800e+01,6.451275e+06,3.537957e+01,,,1.390513e+00,4
2018-04-23 04:21:10.000000,2.386309e+07,1.535461e+07,5.737200e+01,6.453094e+06,3.537783e+01,,,1.389901e+00,4
2018-04-23 04:21:11.000000,2.386278e+07,1.544769e+07,5.758800e+01,6.454912e+06,3.537609e+01,,,1.389289e+00,4
2018-04-23 04:21:12.000000,2.386246e+07,1.554077e+07,5.780400e+01,6.456730e+06,3.537435e+01,,,1.388678e+00,4
2018-04-23 04:21:13.000000,2.386214e+07,1.566372e+07,5.793800e+01,6.458548e+06,3.537261e+01,,,1.388066e+00,4
2018-04-23 04:21:14.000000,2.386183e+07,1.578668e+07,5.807200e+01,6.460366e+06,3.537087e+01,,,1.387455e+00,4
2018-04-23 04:21:15.000000,2.386151e+07,1.568096e+07,5.789600e+01,6.462185e+06,3.536913e+01,,,1.386843e+00,4
2018-04-23 04:21:16.000000,2.386119e+07,1.557524e+07,5.772000e+01,6.464002e+06,3.536739e+01,,,1.386231e+00,4
2018-04-23 04:21:17.000000,2.386142e+07,1.546837e+07,5.760800e+01,6.465821e+06,3.536565e+01,,,1.385620e+00,4
2018-04-23 04:21:18.000000,2.386164e+07,1.536150e+07,5.749600e+01,6.467412e+06,3.536391e+01,,,1.385008e+00,4
2018-04-23 04:21:19.000000,2.386187e+07,1.542068e+07,5.759600e+01,6.469002e+06,3.536217e+01,,,1.384397e+00,4
2018-04-23 04:21:20.000000,2.386209e+07,1.547986e+07,5.769600e+01,6.470594e+06,3.536044e+01,,,1.383816e+00,4
2018-04-23 04:21:21.000000,2.386232e+07,1.553904e+07,5.779600e+01,6.472185e+06,3.535870e+01,,,1.383235e+00,4
2018-04-23 04:21:22.000000,2.386254e+07,1.559822e+07,5.789600e+01,6.473775e+06,3.535696e+01,,,1.382655e+00,4
2018-04-23 04:21:23.000000,2.386277e+07,1.569130e+07,5.816600e+01,6.475366e+06,3.535522e+01,,,1.382074e+00,4
2018-04-23 04:21:24.000000,2.386299e+07,1.578438e+07,5.843600e+01,6.476957e+06,3.535348e+01,,,1.381493e+00,4
2018-04-23 04:21:25.000000,2.386322e+07,1.569475e+07,5.829400e+01,6.478548e+06,3.535174e+01,,,1.380913e+00,4
2018-04-23 04:21:26.000000,2.386344e+07,1.560512e+07,5.815200e+01,6.480139e+06,3.535000e+01,,,1.380332e+00,4
2018-04-23 04:21:27.000000,2.386367e+07,1.548446e+07,5.792200e+01,6.481730e+06,3.534826e+01,,,1.379752e+00,4
2018-04-23 04:21:28.000000,2.386389e+07,1.536380e+07,5.769200e+01,6.483321e+06,3.534652e+01,,,1.379171e+00,4
2018-04-23 04:21:29.000000,2.386412e+07,1.544998e+07,5.782800e+01,6.481048e+06,3.534478e+01,,,1.378590e+00,4
2018-04-23 04:21:30.000000,2.386434e+07,1.553617e+07,5.796400e+01,6.478775e+06,3.534304e+01,,,1.378010e+00,4
2018-04-23 04:21:31.000000,2.386457e+07,1.564304e+07,5.821800e+01,6.476502e+06,3.534130e+01,,,1.377251e+00,4
2018-04-23 04:21:32.000000,2.386479e+07,1.574991e+07,5.847200e+01,6.474230e+06,3.533957e+01,,,1.376492e+00,4
2018-04-23 04:21:33.000000,2.386502e+07,1.567866e+07,5.836500e+01,6.471957e+06,3.533783e+01,,,1.375733e+00,4
2018-04-23 04:21:34.000000,2.386524e+07,1.560742e+07,5.825800e+01,6.469685e+06,3.533609e+01,,,1.374975e+00,4
2018-04-23 04:21:35.000000,2.386547e+07,1.553617e+07,5.815100e+01,6.467412e+06,3.533435e+01,,,1.374216e+00,4
2018-04-23 04:21:36.000000,2.386569e+07,1.546492e+07,5.804400e+01,6.465139e+06,3.533261e+01,,,1.373457e+00,4
2018-04-23 04:21:37.000000,2.386592e+07,1.544252e+07,5.803000e+01,6.462866e+06,3.533087e+01,,,1.372699e+00,4
2018-04-23 04:21:38.000000,2.386614e+07,1.542011e+07,5.801600e+01,6.460594e+06,3.532913e+01,,,1.371940e+00,4
2018-04-23 04:21:39.000000,2.386637e+07,1.539770e+07,5.800200e+01,6.458321e+06,3.532739e+01,,,1.371181e+00,4
2018-04-23 04:21:40.000000,2.386659e+07,1.537529e+07,5.798800e+01,6.455291e+06,3.532565e+01,,,1.370422e+00,4
2018-04-23 04:21:41.000000,2.386682e+07,1.549710e+07,5.825200e+01,6.452260e+06,3.532391e+01,,,1.369664e+00,4
2018-04-23 04:21:42.000000,2.386704e+07,1.561891e+07,5.851600e+01,6.449230e+06,3.532217e+01,,,1.370330e+00,4
2018-04-23 04:21:43.000000,2.386727e+07,1.570394e+07,5.863400e+01,6.446200e+06,3.532043e+01,,,1.370997e+00,4
2018-04-23 04:21:44.000000,2.386749e+07,1.578898e+07,5.875200e+01,6.443169e+06,3.531870e+01,,,1.371663e+00,4
2018-04-23 04:21:45.000000,2.386772e+07,1.566487e+07,5.856000e+01,6.440139e+06,3.531696e+01,,,1.372330e+00,4
2018-04-23 04:21:46.000000,2.386794e+07,1.554077e+07,5.836800e+01,6.437108e+06,3.531522e+01,,,1.372996e+00,4
2018-04-23 04:21:47.000000,2.386817e+07,1.550687e+07,5.828200e+01,6.434078e+06,3.531348e+01,,,1.373663e+00,4
2018-04-23 04:21:48.000000,2.386839e+07,1.547297e+07,5.819600e+01,6.431048e+06,3.531174e+01,,,1.374329e+00,4
2018-04-23 04:21:49.000000,2.386862e+07,1.543907e+07,5.811000e+01,6.428018e+06,3.531000e+01,,,1.374996e+00,4
2018-04-23 04:21:50.000000,2.386884e+07,1.540517e+07,5.802400e+01,6.424987e+06,3.530826e+01,,,1.375662e+00,4
2018-04-23 04:21:51.000000,2.386880e+07,1.541321e+07,5.801600e+01,6.408624e+06,3.530652e+01,,,1.376329e+00,4
2018-04-23 04:21:52.000000,2.386875e+07,1.542126e+07,5.800800e+01,6.392260e+06,3.530478e+01,,,1.376996e+00,4
2018-04-23 04:21:53.000000,2.386871e+07,1.557409e+07,5.832000e+01,6.375896e+06,3.530304e+01,,,1.377020e+00,4
2018-04-23 04:21:54.000000,2.386866e+07,1.572692e+07,5.863200e+01,6.359533e+06,3.530130e+01,,,1.377044e+00,4
2018-04-23 04:21:55.000000,2.386861e+07,1.570739e+07,5.856000e+01,6.343169e+06,3.529956e+01,,,1.377068e+00,4
2018-04-23 04:21:56.000000,2.386857e+07,1.568785e+07,5.848800e+01,6.326806e+06,3.529782e+01,,,1.377092e+00,4
2018-04-23 04:21:57.000000,2.386852e+07,1.554421e+07,5.820800e+01,6.310442e+06,3.529609e+01,,,1.377116e+00,4
2018-04-23 04:21:58.000000,2.386848e+07,1.540057e+07,5.792800e+01,6.294079e+06,3.529435e+01,,,1.377140e+00,4
2018-04-23 04:21:59.000000,2.386843e+07,1.542241e+07,5.786600e+01,6.277715e+06,3.529261e+01,,,1.377164e+00,4
2018-04-23 04:22:00.000000,2.386838e+07,1.544424e+07,5.780400e+01,6.261352e+06,3.529087e+01,,,1.377188e+00,4
2018-04-23 04:22:01.000000,2.386834e+07,1.553042e+07,5.799000e+01,6.244988e+06,3.528913e+01,,,1.377212e+00,4
2018-04-23 04:22:02.000000,2.386829e+07,1.561661e+07,5.817600e+01,6.231352e+06,3.528739e+01,,,1.377236e+00,4
2018-04-23 04:22:03.000000,2.386824e+07,1.570279e+07,5.836200e+01,6.217715e+06,3.528565e+01,,,1.377260e+00,4
2018-04-23 04:22:04.000000,2.386820e+07,1.578898e+07,5.854800e+01,6.204079e+06,3.528391e+01,,,1.378910e+00,4
2018-04-23 04:22:05.000000,2.386815e+07,1.571428e+07,5.842800e+01,6.190442e+06,3.528217e+01,,,1.380560e+00,4
2018-04-23 04:22:06.000000,2.386811e+07,1.563959e+07,5.830800e+01,6.176806e+06,3.528043e+01,,,1.382210e+00,4
2018-04-23 04:22:07.000000,2.386806e+07,1.550514e+07,5.814800e+01,6.163169e+06,3.527869e+01,,,1.383860e+00,4
2018-04-23 04:22:08.000000,2.386801e+07,1.537069e+07,5.798800e+01,6.149533e+06,3.527696e+01,,,1.385509e+00,4
2018-04-23 04:22:09.000000,2.386797e+07,1.546722e+07,5.812400e+01,6.135897e+06,3.527522e+01,,,1.387159e+00,4
2018-04-23 04:22:10.000000,2.386792e+07,1.556375e+07,5.826000e+01,6.122261e+06,3.527348e+01,,,1.388809e+00,4
2018-04-23 04:22:11.000000,2.386788e+07,1.567981e+07,5.853800e+01,6.108624e+06,3.527174e+01,,,1.390459e+00,4
2018-04-23 04:22:12.000000,2.386783e+07,1.579587e+07,5.881600e+01,6.094988e+06,3.527000e+01,,,1.392109e+00,4
2018-04-23 04:22:13.000000,2.386778e+07,1.570279e+07,5.850400e+01,6.084458e+06,3.521065e+01,,,1.393759e+00,4
2018-04-23 04:22:14.000000,2.386774e+07,1.560971e+07,5.819200e+01,6.073927e+06,3.515131e+01,,,1.395408e+00,4
2018-04-23 04:22:15.000000,2.386769e+07,1.549020e+07,5.797400e+01,6.063397e+06,3.509196e+01,,,1.398221e+00,4
2018-04-23 04:22:16.000000,2.386765e+07,1.537069e+07,5.775600e+01,6.052867e+06,3.503261e+01,,,1.401034e+00,4
2018-04-23 04:22:17.000000,2.386760e+07,1.545975e+07,5.788200e+01,6.042336e+06,3.497326e+01,,,1.403847e+00,4
2018-04-23 04:22:18.000000,2.386755e+07,1.554881e+07,5.800800e+01,6.031806e+06,3.491391e+01,,,1.406660e+00,4
2018-04-23 04:22:19.000000,2.386751e+07,1.563787e+07,5.813400e+01,6.021275e+06,3.485456e+01,,,1.409473e+00,4
2018-04-23 04:22:20.000000,2.386746e+07,1.572692e+07,5.826000e+01,6.010745e+06,3.479522e+01,,,1.412286e+00,4
2018-04-23 04:22:21.000000,2.386742e+07,1.574761e+07,5.828200e+01,6.000215e+06,3.473587e+01,,,1.415099e+00,4
2018-04-23 04:22:22.000000,2.386737e+07,1.576829e+07,5.830400e+01,5.989685e+06,3.467652e+01,,,1.417912e+00,4
2018-04-23 04:22:23.000000,2.386732e+07,1.564074e+07,5.810400e+01,5.979154e+06,3.461718e+01,,,1.420726e+00,4
2018-04-23 04:22:24.000000,2.386728e+07,1.551319e+07,5.790400e+01,5.989306e+06,3.455783e+01,,,1.423538e+00,4
2018-04-23 04:22:25.000000,2.386653e+07,1.543160e+07,5.782000e+01,5.999458e+06,3.449848e+01,,,1.426351e+00,4
2018-04-23 04:22:26.000000,2.386579e+07,1.535001e+07,5.773600e+01,6.009609e+06,3.443913e+01,,,1.424258e+00,4
2018-04-23 04:22:27.000000,2.386505e+07,1.549825e+07,5.803600e+01,6.019760e+06,3.437978e+01,,,1.422164e+00,4
2018-04-23 04:22:28.000000,2.386430e+07,1.564648e+07,5.833600e+01,6.029912e+06,3.432043e+01,,,1.420071e+00,4
2018-04-23 04:22:29.000000,2.386356e+07,1.566372e+07,5.836600e+01,6.040063e+06,3.426109e+01,,,1.417977e+00,4
2018-04-23 04:22:30.000000,2.386282e+07,1.568096e+07,5.839600e+01,6.050215e+06,3.420174e+01,,,1.415884e+00,4
2018-04-23 04:22:31.000000,2.386207e+07,1.569820e+07,5.842600e+01,6.060367e+06,3.414239e+01,,,1.413790e+00,4
2018-04-23 04:22:32.000000,2.386133e+07,1.571543e+07,5.845600e+01,6.070518e+06,3.408305e+01,,,1.411697e+00,4
2018-04-23 04:22:33.000000,2.386059e+07,1.554077e+07,5.804000e+01,6.080670e+06,3.402370e+01,,,1.409603e+00,4
2018-04-23 04:22:34.000000,2.385984e+07,1.536610e+07,5.762400e+01,6.090821e+06,3.396435e+01,,,1.407510e+00,4
2018-04-23 04:22:35.000000,2.385910e+07,1.538219e+07,5.774200e+01,6.078700e+06,3.390500e+01,,,1.405416e+00,4
2018-04-23 04:22:36.000000,2.385836e+07,1.539827e+07,5.786000e+01,6.066579e+06,3.384565e+01,,,1.403323e+00,4
2018-04-23 04:22:37.000000,2.385761e+07,1.555111e+07,5.813400e+01,6.054458e+06,3.378630e+01,,,1.404149e+00,4
2018-04-23 04:22:38.000000,2.385687e+07,1.570394e+07,5.840800e+01,6.042336e+06,3.372696e+01,,,1.404975e+00,4
2018-04-23 04:22:39.000000,2.385613e+07,1.569360e+07,5.829600e+01,6.030215e+06,3.366761e+01,,,1.405800e+00,4
2018-04-23 04:22:40.000000,2.385538e+07,1.568326e+07,5.818400e+01,6.018094e+06,3.360826e+01,,,1.406626e+00,4
2018-04-23 04:22:41.000000,2.385464e+07,1.559420e+07,5.796300e+01,6.005973e+06,3.354891e+01,,,1.407452e+00,4
2018-04-23 04:22:42.000000,2.385390e+07,1.550514e+07,5.774200e+01,5.993852e+06,3.348957e+01,,,1.408278e+00,4
2018-04-23 04:22:43.000000,2.385316e+07,1.541609e+07,5.752100e+01,5.981730e+06,3.343022e+01,,,1.409103e+00,4
2018-04-23 04:22:44.000000,2.385241e+07,1.532703e+07,5.730000e+01,5.969609e+06,3.337087e+01,,,1.409929e+00,4
2018-04-23 04:22:45.000000,2.385167e+07,1.532358e+07,5.724400e+01,5.957488e+06,3.331152e+01,,,1.410755e+00,4
2018-04-23 04:22:46.000000,2.385092e+07,1.532013e+07,5.718800e+01,5.946352e+06,3.325217e+01,,,1.411581e+00,4
2018-04-23 04:22:47.000000,2.385018e+07,1.545458e+07,5.738200e+01,5.935215e+06,3.319283e+01,,,1.412407e+00,4
2018-04-23 04:22:48.000000,2.384944e+07,1.558903e+07,5.757600e+01,5.924079e+06,3.313348e+01,,,1.412379e+00,4
2018-04-23 04:22:49.000000,2.384870e+07,1.564993e+07,5.786400e+01,5.912942e+06,3.307413e+01,,,1.412351e+00,4
2018-04-23 04:22:50.000000,2.384795e+07,1.571084e+07,5.815200e+01,5.901806e+06,3.301478e+01,,,1.412322e+00,4
2018-04-23 04:22:51.000000,2.384721e+07,1.561316e+07,5.786200e+01,5.890669e+06,3.295544e+01,,,1.412294e+00,4
2018-04-23 04:22:52.000000,2.384647e+07,1.551548e+07,5.757200e+01,5.879533e+06,3.289609e+01,,,1.412266e+00,4
2018-04-23 04:22:53.000000,2.384572e+07,1.541206e+07,5.760800e+01,5.868397e+06,3.283674e+01,,,1.412238e+00,4
2018-04-23 04:22:54.000000,2.384498e+07,1.530864e+07,5.764400e+01,5.857261e+06,3.277739e+01,,,1.412210e+00,4
2018-04-23 04:22:55.000000,2.384424e+07,1.537414e+07,5.780100e+01,5.846124e+06,3.271804e+01,,,1.412182e+00,4
2018-04-23 04:22:56.000000,2.384349e+07,1.543964e+07,5.795800e+01,5.834988e+06,3.265870e+01,,,1.412154e+00,4
2018-04-23 04:22:57.000000,2.384327e+07,1.550514e+07,5.811500e+01,5.830139e+06,3.259935e+01,,,1.412126e+00,4
2018-04-23 04:22:58.000000,2.384305e+07,1.557064e+07,5.827200e+01,5.825291e+06,3.254000e+01,,,1.412098e+00,4
2018-04-23 04:22:59.000000,2.384283e+07,1.564648e+07,5.852200e+01,5.820442e+06,3.251913e+01,,,1.413025e+00,4
2018-04-23 04:23:00.000000,2.384260e+07,1.572233e+07,5.877200e+01,5.815594e+06,3.249826e+01,,,1.413952e+00,4
2018-04-23 04:23:01.000000,2.384238e+07,1.561316e+07,5.863000e+01,5.810746e+06,3.247739e+01,,,1.414879e+00,4
2018-04-23 04:23:02.000000,2.384216e+07,1.550399e+07,5.848800e+01,5.805897e+06,3.245652e+01,,,1.415806e+00,4
2018-04-23 04:23:03.000000,2.384194e+07,1.540287e+07,5.820800e+01,5.801049e+06,3.243565e+01,,,1.416733e+00,4
2018-04-23 04:23:04.000000,2.384171e+07,1.530175e+07,5.792800e+01,5.796200e+06,3.241478e+01,,,1.417661e+00,4
2018-04-23 04:23:05.000000,2.384149e+07,1.537299e+07,5.796800e+01,5.791352e+06,3.239391e+01,,,1.418588e+00,4
2018-04-23 04:23:06.000000,2.384127e+07,1.544424e+07,5.800800e+01,5.786503e+06,3.237304e+01,,,1.419515e+00,4
2018-04-23 04:23:07.000000,2.384105e+07,1.550629e+07,5.816300e+01,5.781655e+06,3.235218e+01,,,1.420442e+00,4
2018-04-23 04:23:08.000000,2.384083e+07,1.556834e+07,5.831800e+01,5.782261e+06,3.233131e+01,,,1.421369e+00,4
2018-04-23 04:23:09.000000,2.384061e+07,1.563040e+07,5.847300e+01,5.782867e+06,3.231044e+01,,,1.422296e+00,4
2018-04-23 04:23:10.000000,2.384038e+07,1.569245e+07,5.862800e+01,5.783473e+06,3.228957e+01,,,1.420500e+00,4
2018-04-23 04:23:11.000000,2.384016e+07,1.563557e+07,5.860800e+01,5.784079e+06,3.226870e+01,,,1.418705e+00,4
2018-04-23 04:23:12.000000,2.383994e+07,1.557869e+07,5.858800e+01,5.784685e+06,3.224783e+01,,,1.416910e+00,4
2018-04-23 04:23:13.000000,2.383972e+07,1.552180e+07,5.856800e+01,5.785291e+06,3.222696e+01,,,1.415114e+00,4
2018-04-23 04:23:14.000000,2.383949e+07,1.546492e+07,5.854800e+01,5.785897e+06,3.220609e+01,,,1.413319e+00,4
2018-04-23 04:23:15.000000,2.383927e+07,1.539023e+07,5.841000e+01,5.786503e+06,3.218522e+01,,,1.411523e+00,4
2018-04-23 04:23:16.000000,2.383905e+07,1.531554e+07,5.827200e+01,5.787109e+06,3.216435e+01,,,1.409728e+00,4
2018-04-23 04:23:17.000000,2.383883e+07,1.532128e+07,5.839000e+01,5.787715e+06,3.214348e+01,,,1.407932e+00,4
2018-04-23 04:23:18.000000,2.383861e+07,1.532703e+07,5.850800e+01,5.788321e+06,3.212261e+01,,,1.406137e+00,4
2018-04-23 04:23:19.000000,2.383838e+07,1.547871e+07,5.867200e+01,5.793700e+06,3.210174e+01,,,1.404341e+00,4
2018-04-23 04:23:20.000000,2.383816e+07,1.563040e+07,5.883600e+01,5.799079e+06,3.208087e+01,,,1.402546e+00,4
2018-04-23 04:23:21.000000,2.383794e+07,1.563155e+07,5.877600e+01,5.804458e+06,3.206000e+01,,,1.402209e+00,4
2018-04-23 04:23:22.000000,2.383772e+07,1.563270e+07,5.871600e+01,5.809836e+06,3.205957e+01,,,1.401872e+00,4
2018-04-23 04:23:23.000000,2.383750e+07,1.557696e+07,5.857900e+01,5.815215e+06,3.205913e+01,,,1.401535e+00,4
2018-04-23 04:23:24.000000,2.383727e+07,1.552123e+07,5.844200e+01,5.820594e+06,3.205870e+01,,,1.401198e+00,4
2018-04-23 04:23:25.000000,2.383705e+07,1.546550e+07,5.830500e+01,5.825973e+06,3.205826e+01,,,1.400862e+00,4
2018-04-23 04:23:26.000000,2.383683e+07,1.540977e+07,5.816800e+01,5.831352e+06,3.205783e+01,,,1.400525e+00,4
2018-04-23 04:23:27.000000,2.383686e+07,1.536380e+07,5.812400e+01,5.836730e+06,3.205739e+01,,,1.400188e+00,4
2018-04-23 04:23:28.000000,2.383690e+07,1.531783e+07,5.808000e+01,5.842109e+06,3.205696e+01,,,1.399851e+00,4
2018-04-23 04:23:29.000000,2.383693e+07,1.535805e+07,5.817200e+01,5.847488e+06,3.205652e+01,,,1.399514e+00,4
2018-04-23 04:23:30.000000,2.383696e+07,1.539827e+07,5.826400e+01,5.852261e+06,3.205609e+01,,,1.399177e+00,4
2018-04-23 04:23:31.000000,2.383700e+07,1.552468e+07,5.846600e+01,5.857033e+06,3.205565e+01,,,1.398840e+00,4
2018-04-23 04:23:32.000000,2.383703e+07,1.565108e+07,5.866800e+01,5.861806e+06,3.205522e+01,,,1.398287e+00,4
2018-04-23 04:23:33.000000,2.383706e+07,1.563959e+07,5.873400e+01,5.866579e+06,3.205478e+01,,,1.397734e+00,4
2018-04-23 04:23:34.000000,2.383710e+07,1.562810e+07,5.880000e+01,5.871352e+06,3.205435e+01,,,1.397181e+00,4
2018-04-23 04:23:35.000000,2.383713e+07,1.546033e+07,5.858800e+01,5.876124e+06,3.205391e+01,,,1.396628e+00,4
2018-04-23 04:23:36.000000,2.383716e+07,1.529255e+07,5.837600e+01,5.880897e+06,3.205348e+01,,,1.396075e+00,4
2018-04-23 04:23:37.000000,2.383720e+07,1.529887e+07,5.837500e+01,5.885669e+06,3.205304e+01,,,1.395522e+00,4
2018-04-23 04:23:38.000000,2.383723e+07,1.530519e+07,5.837400e+01,5.890442e+06,3.205261e+01,,,1.394968e+00,4
2018-04-23 04:23:39.000000,2.383726e+07,1.531151e+07,5.837300e+01,5.895215e+06,3.205217e+01,,,1.394415e+00,4
2018-04-23 04:23:40.000000,2.383730e+07,1.531783e+07,5.837200e+01,5.899988e+06,3.205174e+01,,,1.393862e+00,4
2018-04-23 04:23:41.000000,2.383733e+07,1.545803e+07,5.872800e+01,5.902412e+06,3.205130e+01,,,1.393309e+00,4
2018-04-23 04:23:42.000000,2.383736e+07,1.559822e+07,5.908400e+01,5.904836e+06,3.205087e+01,,,1.392756e+00,4
2018-04-23 04:23:43.000000,2.383740e+07,1.561316e+07,5.891600e+01,5.907261e+06,3.205043e+01,,,1.393769e+00,4
2018-04-23 04:23:44.000000,2.383743e+07,1.562810e+07,5.874800e+01,5.909685e+06,3.205000e+01,,,1.394782e+00,4
2018-04-23 04:23:45.000000,2.383746e+07,1.556490e+07,5.858200e+01,5.912109e+06,3.208087e+01,,,1.395795e+00,4
2018-04-23 04:23:46.000000,2.383750e+07,1.550170e+07,5.841600e+01,5.914533e+06,3.211174e+01,,,1.396807e+00,4
2018-04-23 04:23:47.000000,2.383753e+07,1.553445e+07,5.859200e+01,5.916958e+06,3.214261e+01,,,1.397820e+00,4
2018-04-23 04:23:48.000000,2.383757e+07,1.556720e+07,5.876800e+01,5.919382e+06,3.217348e+01,,,1.398833e+00,4
2018-04-23 04:23:49.000000,2.383760e+07,1.559995e+07,5.894400e+01,5.921806e+06,3.220435e+01,,,1.399846e+00,4
2018-04-23 04:23:50.000000,2.383763e+07,1.563270e+07,5.912000e+01,5.924230e+06,3.223522e+01,,,1.400859e+00,4
2018-04-23 04:23:51.000000,2.383767e+07,1.560109e+07,5.898400e+01,5.926655e+06,3.226609e+01,,,1.401872e+00,4
2018-04-23 04:23:52.000000,2.383770e+07,1.556949e+07,5.884800e+01,5.928700e+06,3.229696e+01,,,1.402884e+00,4
2018-04-23 04:23:53.000000,2.383773e+07,1.553789e+07,5.871200e+01,5.930746e+06,3.232782e+01,,,1.403897e+00,4
2018-04-23 04:23:54.000000,2.383777e+07,1.550629e+07,5.857600e+01,5.932791e+06,3.235870e+01,,,1.405608e+00,4
2018-04-23 04:23:55.000000,2.383780e+07,1.538908e+07,5.839000e+01,5.934836e+06,3.238956e+01,,,1.407319e+00,4
2018-04-23 04:23:56.000000,2.383783e+07,1.527187e+07,5.820400e+01,5.936882e+06,3.242043e+01,,,1.409030e+00,4
2018-04-23 04:23:57.000000,2.383787e+07,1.528451e+07,5.807000e+01,5.938928e+06,3.245131e+01,,,1.410742e+00,4
2018-04-23 04:23:58.000000,2.383790e+07,1.529715e+07,5.793600e+01,5.940973e+06,3.248217e+01,,,1.412453e+00,4
2018-04-23 04:23:59.000000,2.383793e+07,1.538908e+07,5.813900e+01,5.943019e+06,3.251304e+01,,,1.414164e+00,4
2018-04-23 04:24:00.000000,2.383797e+07,1.548101e+07,5.834200e+01,5.945064e+06,3.254391e+01,,,1.415875e+00,4
2018-04-23 04:24:01.000000,2.383822e+07,1.557294e+07,5.854500e+01,5.947109e+06,3.257478e+01,,,1.417586e+00,4
2018-04-23 04:24:02.000000,2.383847e+07,1.566487e+07,5.874800e+01,5.949155e+06,3.260565e+01,,,1.419297e+00,4
2018-04-23 04:24:03.000000,2.383873e+07,1.563614e+07,5.879600e+01,5.953321e+06,3.263652e+01,,,1.421008e+00,4
2018-04-23 04:24:04.000000,2.383898e+07,1.560741e+07,5.884400e+01,5.957488e+06,3.266739e+01,,,1.422719e+00,4
2018-04-23 04:24:05.000000,2.383923e+07,1.544883e+07,5.849200e+01,5.961655e+06,3.269826e+01,,,1.421185e+00,4
2018-04-23 04:24:06.000000,2.383949e+07,1.529026e+07,5.814000e+01,5.965821e+06,3.272913e+01,,,1.419650e+00,4
2018-04-23 04:24:07.000000,2.383974e+07,1.541206e+07,5.838800e+01,5.969988e+06,3.276000e+01,,,1.418116e+00,4
2018-04-23 04:24:08.000000,2.383999e+07,1.553387e+07,5.863600e+01,5.974155e+06,3.279087e+01,,,1.416582e+00,4
2018-04-23 04:24:09.000000,2.384025e+07,1.561201e+07,5.884400e+01,5.978321e+06,3.282174e+01,,,1.415047e+00,4
2018-04-23 04:24:10.000000,2.384050e+07,1.569015e+07,5.905200e+01,5.982488e+06,3.285261e+01,,,1.413513e+00,4
2018-04-23 04:24:11.000000,2.384075e+07,1.556605e+07,5.882400e+01,5.986654e+06,3.288348e+01,,,1.411979e+00,4
2018-04-23 04:24:12.000000,2.384101e+07,1.544194e+07,5.859600e+01,5.990821e+06,3.291435e+01,,,1.410444e+00,4
2018-04-23 04:24:13.000000,2.384126e+07,1.540517e+07,5.847000e+01,5.994988e+06,3.294522e+01,,,1.408910e+00,4
2018-04-23 04:24:14.000000,2.384151e+07,1.536840e+07,5.834400e+01,6.000063e+06,3.297609e+01,,,1.407376e+00,4
2018-04-23 04:24:15.000000,2.384177e+07,1.533162e+07,5.821800e+01,6.005139e+06,3.300695e+01,,,1.405841e+00,4
2018-04-23 04:24:16.000000,2.384202e+07,1.529485e+07,5.809200e+01,6.010215e+06,3.303783e+01,,,1.406006e+00,4
2018-04-23 04:24:17.000000,2.384227e+07,1.544194e+07,5.834000e+01,6.015291e+06,3.306870e+01,,,1.406171e+00,4
2018-04-23 04:24:18.000000,2.384253e+07,1.558903e+07,5.858800e+01,6.020367e+06,3.309956e+01,,,1.406337e+00,4
2018-04-23 04:24:19.000000,2.384278e+07,1.564993e+07,5.879200e+01,6.025442e+06,3.313044e+01,,,1.406502e+00,4
2018-04-23 04:24:20.000000,2.384303e+07,1.571084e+07,5.899600e+01,6.030518e+06,3.316130e+01,,,1.406667e+00,4
2018-04-23 04:24:21.000000,2.384329e+07,1.564706e+07,5.892400e+01,6.035594e+06,3.319217e+01,,,1.406832e+00,4
2018-04-23 04:24:22.000000,2.384354e+07,1.558328e+07,5.885200e+01,6.040670e+06,3.322304e+01,,,1.406997e+00,4
2018-04-23 04:24:23.000000,2.384379e+07,1.551951e+07,5.878000e+01,6.045746e+06,3.325391e+01,,,1.407162e+00,4
2018-04-23 04:24:24.000000,2.384405e+07,1.545573e+07,5.870800e+01,6.050821e+06,3.328478e+01,,,1.407327e+00,4
2018-04-23 04:24:25.000000,2.384430e+07,1.540977e+07,5.848400e+01,6.056958e+06,3.331565e+01,,,1.407492e+00,4
2018-04-23 04:24:26.000000,2.384456e+07,1.536380e+07,5.826000e+01,6.063094e+06,3.334652e+01,,,1.407657e+00,4
2018-04-23 04:24:27.000000,2.384481e+07,1.546263e+07,5.856200e+01,6.069230e+06,3.337739e+01,,,1.405529e+00,4
2018-04-23 04:24:28.000000,2.384506e+07,1.556145e+07,5.886400e+01,6.075367e+06,3.340826e+01,,,1.403400e+00,4
2018-04-23 04:24:29.000000,2.384532e+07,1.563729e+07,5.882200e+01,6.081503e+06,3.343913e+01,,,1.401271e+00,4
2018-04-23 04:24:30.000000,2.384557e+07,1.571313e+07,5.878000e+01,6.087640e+06,3.347000e+01,,,1.399142e+00,4
2018-04-23 04:24:31.000000,2.384582e+07,1.550744e+07,5.826800e+01,6.093776e+06,3.350087e+01,,,1.397014e+00,4
2018-04-23 04:24:32.000000,2.384608e+07,1.530175e+07,5.775600e+01,6.099912e+06,3.353174e+01,,,1.394885e+00,4
2018-04-23 04:24:33.000000,2.384629e+07,1.542241e+07,5.802600e+01,6.106048e+06,3.356261e+01,,,1.392756e+00,4
2018-04-23 04:24:34.000000,2.384651e+07,1.554306e+07,5.829600e+01,6.112185e+06,3.359348e+01,,,1.390628e+00,4
2018-04-23 04:24:35.000000,2.384672e+07,1.562925e+07,5.842600e+01,6.118321e+06,3.362435e+01,,,1.388499e+00,4
2018-04-23 04:24:36.000000,2.384694e+07,1.571543e+07,5.855600e+01,6.125973e+06,3.365522e+01,,,1.386370e+00,4
2018-04-23 04:24:37.000000,2.384715e+07,1.565625e+07,5.851100e+01,6.133625e+06,3.368608e+01,,,1.384242e+00,4
2018-04-23 04:24:38.000000,2.384737e+07,1.559707e+07,5.846600e+01,6.141276e+06,3.371696e+01,,,1.386143e+00,4
2018-04-23 04:24:39.000000,2.384758e+07,1.553789e+07,5.842100e+01,6.148927e+06,3.374783e+01,,,1.388045e+00,4
2018-04-23 04:24:40.000000,2.384780e+07,1.547871e+07,5.837600e+01,6.156579e+06,3.377869e+01,,,1.389946e+00,4
2018-04-23 04:24:41.000000,2.384801e+07,1.538793e+07,5.807800e+01,6.164230e+06,3.380956e+01,,,1.391848e+00,4
2018-04-23 04:24:42.000000,2.384823e+07,1.529715e+07,5.778000e+01,6.171882e+06,3.384044e+01,,,1.393750e+00,4
2018-04-23 04:24:43.000000,2.384844e+07,1.540747e+07,5.801000e+01,6.179533e+06,3.387130e+01,,,1.395651e+00,4
2018-04-23 04:24:44.000000,2.384866e+07,1.551778e+07,5.824000e+01,6.187185e+06,3.390217e+01,,,1.397553e+00,4
2018-04-23 04:24:45.000000,2.384887e+07,1.549652e+07,5.828300e+01,6.194836e+06,3.393304e+01,,,1.399454e+00,4
2018-04-23 04:24:46.000000,2.384909e+07,1.547527e+07,5.832600e+01,6.202488e+06,3.396391e+01,,,1.401356e+00,4
2018-04-23 04:24:47.000000,2.384930e+07,1.545401e+07,5.836900e+01,6.209306e+06,3.399478e+01,,,1.403258e+00,4
2018-04-23 04:24:48.000000,2.384952e+07,1.543275e+07,5.841200e+01,6.216124e+06,3.402565e+01,,,1.405159e+00,4
2018-04-23 04:24:49.000000,2.384973e+07,1.541666e+07,5.842400e+01,6.222942e+06,3.405652e+01,,,1.404030e+00,4
2018-04-23 04:24:50.000000,2.384995e+07,1.540057e+07,5.843600e+01,6.229761e+06,3.408739e+01,,,1.402901e+00,4
2018-04-23 04:24:51.000000,2.385016e+07,1.548446e+07,5.854700e+01,6.236579e+06,3.411826e+01,,,1.401772e+00,4
2018-04-23 04:24:52.000000,2.385038e+07,1.556834e+07,5.865800e+01,6.243397e+06,3.414913e+01,,,1.400643e+00,4
2018-04-23 04:24:53.000000,2.385060e+07,1.565223e+07,5.876900e+01,6.250215e+06,3.418000e+01,,,1.399514e+00,4
2018-04-23 04:24:54.000000,2.385081e+07,1.573612e+07,5.888000e+01,6.257033e+06,3.421087e+01,,,1.398385e+00,4
2018-04-23 04:24:55.000000,2.385103e+07,1.558558e+07,5.854400e+01,6.263852e+06,3.424174e+01,,,1.397256e+00,4
2018-04-23 04:24:56.000000,2.385124e+07,1.543505e+07,5.820800e+01,6.270669e+06,3.427261e+01,,,1.396127e+00,4
2018-04-23 04:24:57.000000,2.385146e+07,1.538678e+07,5.807600e+01,6.277488e+06,3.430348e+01,,,1.394998e+00,4
2018-04-23 04:24:58.000000,2.385167e+07,1.533852e+07,5.794400e+01,6.281958e+06,3.433435e+01,,,1.393869e+00,4
2018-04-23 04:24:59.000000,2.385189e+07,1.552583e+07,5.825600e+01,6.286427e+06,3.436522e+01,,,1.392740e+00,4
2018-04-23 04:25:00.000000,2.385210e+07,1.571313e+07,5.856800e+01,6.290897e+06,3.439609e+01,,,1.392043e+00,4
2018-04-23 04:25:01.000000,2.385232e+07,1.568326e+07,5.857000e+01,6.295367e+06,3.442696e+01,,,1.391347e+00,4
2018-04-23 04:25:02.000000,2.385253e+07,1.565338e+07,5.857200e+01,6.299836e+06,3.445782e+01,,,1.390650e+00,4
2018-04-23 04:25:03.000000,2.385275e+07,1.559305e+07,5.839100e+01,6.304306e+06,3.448869e+01,,,1.389954e+00,4
2018-04-23 04:25:04.000000,2.385296e+07,1.553272e+07,5.821000e+01,6.308775e+06,3.451957e+01,,,1.389257e+00,4
2018-04-23 04:25:05.000000,2.385332e+07,1.547239e+07,5.802900e+01,6.313245e+06,3.455043e+01,,,1.388561e+00,4
2018-04-23 04:25:06.000000,2.385367e+07,1.541206e+07,5.784800e+01,6.317715e+06,3.458130e+01,,,1.387864e+00,4
2018-04-23 04:25:07.000000,2.385403e+07,1.542930e+07,5.782400e+01,6.322185e+06,3.461217e+01,,,1.387168e+00,4
2018-04-23 04:25:08.000000,2.385438e+07,1.544654e+07,5.780000e+01,6.326654e+06,3.464304e+01,,,1.386471e+00,4
2018-04-23 04:25:09.000000,2.385474e+07,1.559018e+07,5.810400e+01,6.329760e+06,3.467391e+01,,,1.385775e+00,4
2018-04-23 04:25:10.000000,2.385509e+07,1.573382e+07,5.840800e+01,6.332866e+06,3.470478e+01,,,1.385078e+00,4
2018-04-23 04:25:11.000000,2.385545e+07,1.568900e+07,5.827400e+01,6.335973e+06,3.473565e+01,,,1.386593e+00,4
2018-04-23 04:25:12.000000,2.385581e+07,1.564419e+07,5.814000e+01,6.339079e+06,3.476652e+01,,,1.388109e+00,4
2018-04-23 04:25:13.000000,2.385616e+07,1.550284e+07,5.792600e+01,6.342185e+06,3.479739e+01,,,1.389624e+00,4
2018-04-23 04:25:14.000000,2.385652e+07,1.536150e+07,5.771200e+01,6.345291e+06,3.482826e+01,,,1.391139e+00,4
2018-04-23 04:25:15.000000,2.385687e+07,1.536667e+07,5.777400e+01,6.348396e+06,3.485913e+01,,,1.392654e+00,4
2018-04-23 04:25:16.000000,2.385723e+07,1.537184e+07,5.783600e+01,6.351502e+06,3.489000e+01,,,1.394170e+00,4
2018-04-23 04:25:17.000000,2.385758e+07,1.537701e+07,5.789800e+01,6.354609e+06,3.490797e+01,,,1.395685e+00,4
2018-04-23 04:25:18.000000,2.385794e+07,1.538219e+07,5.796000e+01,6.357715e+06,3.492594e+01,,,1.397200e+00,4
2018-04-23 04:25:19.000000,2.385829e+07,1.556375e+07,5.825200e+01,6.360821e+06,3.494391e+01,,,1.398715e+00,4
2018-04-23 04:25:20.000000,2.385865e+07,1.574531e+07,5.854400e+01,6.364381e+06,3.496188e+01,,,1.400230e+00,4
2018-04-23 04:25:21.000000,2.385900e+07,1.573382e+07,5.850000e+01,6.367942e+06,3.497985e+01,,,1.401746e+00,4
2018-04-23 04:25:22.000000,2.385936e+07,1.572233e+07,5.845600e+01,6.371502e+06,3.499783e+01,,,1.402835e+00,4
2018-04-23 04:25:23.000000,2.385971e+07,1.557754e+07,5.812600e+01,6.375063e+06,3.501580e+01,,,1.403925e+00,4
2018-04-23 04:25:24.000000,2.386007e+07,1.543275e+07,5.779600e+01,6.378624e+06,3.503377e+01,,,1.405015e+00,4
2018-04-23 04:25:25.000000,2.386042e+07,1.542241e+07,5.776800e+01,6.382185e+06,3.505174e+01,,,1.406105e+00,4
2018-04-23 04:25:26.000000,2.386078e+07,1.541206e+07,5.774000e+01,6.385745e+06,3.506971e+01,,,1.407195e+00,4
2018-04-23 04:25:27.000000,2.386113e+07,1.547814e+07,5.784600e+01,6.389306e+06,3.508768e+01,,,1.408285e+00,4
2018-04-23 04:25:28.000000,2.386149e+07,1.554421e+07,5.795200e+01,6.392866e+06,3.510565e+01,,,1.409374e+00,4
2018-04-23 04:25:29.000000,2.386185e+07,1.561029e+07,5.805800e+01,6.396427e+06,3.512362e+01,,,1.410464e+00,4
2018-04-23 04:25:30.000000,2.386220e+07,1.567636e+07,5.816400e+01,6.399987e+06,3.514159e+01,,,1.411554e+00,4
2018-04-23 04:25:31.000000,2.386256e+07,1.568211e+07,5.821800e+01,6.402487e+06,3.515956e+01,,,1.412644e+00,4
2018-04-23 04:25:32.000000,2.386291e+07,1.568785e+07,5.827200e+01,6.404987e+06,3.517754e+01,,,1.413734e+00,4
2018-04-23 04:25:33.000000,2.386327e+07,1.553617e+07,5.804600e+01,6.407487e+06,3.519551e+01,,,1.414171e+00,4
2018-04-23 04:25:34.000000,2.386362e+07,1.538448e+07,5.782000e+01,6.409987e+06,3.521348e+01,,,1.414609e+00,4
2018-04-23 04:25:35.000000,2.386398e+07,1.540977e+07,5.792000e+01,6.412487e+06,3.523145e+01,,,1.415046e+00,4
2018-04-23 04:25:36.000000,2.386433e+07,1.543505e+07,5.802000e+01,6.414987e+06,3.524942e+01,,,1.415484e+00,4
2018-04-23 04:25:37.000000,2.386456e+07,1.560856e+07,5.824400e+01,6.417487e+06,3.526739e+01,,,1.415921e+00,4
2018-04-23 04:25:38.000000,2.386478e+07,1.578208e+07,5.846800e+01,6.419987e+06,3.528536e+01,,,1.416359e+00,4
2018-04-23 04:25:39.000000,2.386501e+07,1.573324e+07,5.841300e+01,6.422487e+06,3.530333e+01,,,1.416797e+00,4
2018-04-23 04:25:40.000000,2.386523e+07,1.568441e+07,5.835800e+01,6.424987e+06,3.532130e+01,,,1.417234e+00,4
2018-04-23 04:25:41.000000,2.386546e+07,1.563557e+07,5.830300e+01,6.427487e+06,3.533928e+01,,,1.417672e+00,4
2018-04-23 04:25:42.000000,2.386568e+07,1.558673e+07,5.824800e+01,6.428396e+06,3.535725e+01,,,1.418109e+00,4
2018-04-23 04:25:43.000000,2.386591e+07,1.547986e+07,5.804600e+01,6.429306e+06,3.537522e+01,,,1.418547e+00,4
2018-04-23 04:25:44.000000,2.386613e+07,1.537299e+07,5.784400e+01,6.430214e+06,3.539319e+01,,,1.418282e+00,4
2018-04-23 04:25:45.000000,2.386636e+07,1.548905e+07,5.800800e+01,6.431124e+06,3.541116e+01,,,1.418018e+00,4
2018-04-23 04:25:46.000000,2.386659e+07,1.560512e+07,5.817200e+01,6.432033e+06,3.542913e+01,,,1.417753e+00,4
2018-04-23 04:25:47.000000,2.386681e+07,1.569705e+07,5.831200e+01,6.432942e+06,3.544710e+01,,,1.417489e+00,4
2018-04-23 04:25:48.000000,2.386704e+07,1.578898e+07,5.845200e+01,6.433851e+06,3.546507e+01,,,1.417224e+00,4
2018-04-23 04:25:49.000000,2.386726e+07,1.566372e+07,5.821400e+01,6.434760e+06,3.548304e+01,,,1.416959e+00,4
2018-04-23 04:25:50.000000,2.386749e+07,1.553847e+07,5.797600e+01,6.435669e+06,3.550101e+01,,,1.416695e+00,4
2018-04-23 04:25:51.000000,2.386771e+07,1.554134e+07,5.799500e+01,6.436578e+06,3.551899e+01,,,1.416430e+00,4
2018-04-23 04:25:52.000000,2.386794e+07,1.554421e+07,5.801400e+01,6.437487e+06,3.553696e+01,,,1.416166e+00,4
2018-04-23 04:25:53.000000,2.386816e+07,1.554709e+07,5.803300e+01,6.437866e+06,3.555493e+01,,,1.415901e+00,4
2018-04-23 04:25:54.000000,2.386839e+07,1.554996e+07,5.805200e+01,6.438245e+06,3.557290e+01,,,1.415637e+00,4
2018-04-23 04:25:55.000000,2.386861e+07,1.561201e+07,5.815200e+01,6.438624e+06,3.559087e+01,,,1.415573e+00,4
2018-04-23 04:25:56.000000,2.386884e+07,1.567406e+07,5.825200e+01,6.439002e+06,3.560884e+01,,,1.415509e+00,4
2018-04-23 04:25:57.000000,2.386906e+07,1.573612e+07,5.835200e+01,6.439381e+06,3.562681e+01,,,1.415446e+00,4
2018-04-23 04:25:58.000000,2.386929e+07,1.579817e+07,5.845200e+01,6.439760e+06,3.564478e+01,,,1.415382e+00,4
2018-04-23 04:25:59.000000,2.386952e+07,1.576025e+07,5.836000e+01,6.440139e+06,3.566275e+01,,,1.415318e+00,4
2018-04-23 04:26:00.000000,2.386974e+07,1.572233e+07,5.826800e+01,6.440518e+06,3.568073e+01,,,1.415255e+00,4
2018-04-23 04:26:01.000000,2.386997e+07,1.555455e+07,5.797600e+01,6.440896e+06,3.569870e+01,,,1.415191e+00,4
2018-04-23 04:26:02.000000,2.387019e+07,1.538678e+07,5.768400e+01,6.441275e+06,3.571667e+01,,,1.415127e+00,4
2018-04-23 04:26:03.000000,2.387042e+07,1.538448e+07,5.769800e+01,6.441654e+06,3.573464e+01,,,1.415064e+00,4
2018-04-23 04:26:04.000000,2.387064e+07,1.538219e+07,5.771200e+01,6.438245e+06,3.575261e+01,,,1.415000e+00,4
2018-04-23 04:26:05.000000,2.387087e+07,1.537989e+07,5.772600e+01,6.434836e+06,3.577058e+01,,,1.414936e+00,4
2018-04-23 04:26:06.000000,2.387109e+07,1.537759e+07,5.774000e+01,6.431427e+06,3.578855e+01,,,1.414211e+00,4
2018-04-23 04:26:07.000000,2.387132e+07,1.550399e+07,5.800000e+01,6.428018e+06,3.580652e+01,,,1.413485e+00,4
2018-04-23 04:26:08.000000,2.387154e+07,1.563040e+07,5.826000e+01,6.424609e+06,3.582449e+01,,,1.412759e+00,4
2018-04-23 04:26:09.000000,2.387156e+07,1.568326e+07,5.830400e+01,6.421200e+06,3.584246e+01,,,1.412034e+00,4
2018-04-23 04:26:10.000000,2.387158e+07,1.573612e+07,5.834800e+01,6.417791e+06,3.586044e+01,,,1.411308e+00,4
2018-04-23 04:26:11.000000,2.387159e+07,1.574301e+07,5.840800e+01,6.414381e+06,3.587841e+01,,,1.410583e+00,4
2018-04-23 04:26:12.000000,2.387161e+07,1.574991e+07,5.846800e+01,6.410973e+06,3.589638e+01,,,1.409857e+00,4
2018-04-23 04:26:13.000000,2.387163e+07,1.560167e+07,5.830800e+01,6.407563e+06,3.591435e+01,,,1.409131e+00,4
2018-04-23 04:26:14.000000,2.387164e+07,1.545343e+07,5.814800e+01,6.404154e+06,3.593232e+01,,,1.408406e+00,4
2018-04-23 04:26:15.000000,2.387166e+07,1.549595e+07,5.808600e+01,6.388094e+06,3.595029e+01,,,1.407680e+00,4
2018-04-23 04:26:16.000000,2.387168e+07,1.553847e+07,5.802400e+01,6.372033e+06,3.596826e+01,,,1.406954e+00,4
2018-04-23 04:26:17.000000,2.387169e+07,1.560339e+07,5.816200e+01,6.355973e+06,3.598623e+01,,,1.405888e+00,4
2018-04-23 04:26:18.000000,2.387171e+07,1.566832e+07,5.830000e+01,6.339912e+06,3.600420e+01,,,1.404822e+00,4
2018-04-23 04:26:19.000000,2.387173e+07,1.573324e+07,5.843800e+01,6.323852e+06,3.602217e+01,,,1.403755e+00,4
2018-04-23 04:26:20.000000,2.387174e+07,1.579817e+07,5.857600e+01,6.307791e+06,3.604015e+01,,,1.402689e+00,4
2018-04-23 04:26:21.000000,2.387176e+07,1.578438e+07,5.856800e+01,6.291730e+06,3.605812e+01,,,1.401623e+00,4
2018-04-23 04:26:22.000000,2.387178e+07,1.577059e+07,5.856000e+01,6.275669e+06,3.607609e+01,,,1.400556e+00,4
2018-04-23 04:26:23.000000,2.387179e+07,1.562005e+07,5.835600e+01,6.259609e+06,3.609406e+01,,,1.399490e+00,4
2018-04-23 04:26:24.000000,2.387181e+07,1.546952e+07,5.815200e+01,6.243548e+06,3.611203e+01,,,1.398424e+00,4
2018-04-23 04:26:25.000000,2.387183e+07,1.546377e+07,5.810000e+01,6.227488e+06,3.613000e+01,,,1.397357e+00,4
2018-04-23 04:26:26.000000,2.387184e+07,1.545803e+07,5.804800e+01,6.219306e+06,3.610348e+01,,,1.396291e+00,4
2018-04-23 04:26:27.000000,2.387186e+07,1.558098e+07,5.828200e+01,6.211124e+06,3.607696e+01,,,1.395224e+00,4
2018-04-23 04:26:28.000000,2.387187e+07,1.570394e+07,5.851600e+01,6.202942e+06,3.605043e+01,,,1.399185e+00,4
2018-04-23 04:26:29.000000,2.387189e+07,1.573094e+07,5.856500e+01,6.194761e+06,3.602391e+01,,,1.403146e+00,4
2018-04-23 04:26:30.000000,2.387191e+07,1.575795e+07,5.861400e+01,6.186579e+06,3.599739e+01,,,1.407107e+00,4
2018-04-23 04:26:31.000000,2.387193e+07,1.578495e+07,5.866300e+01,6.178397e+06,3.597087e+01,,,1.411067e+00,4
2018-04-23 04:26:32.000000,2.387194e+07,1.581196e+07,5.871200e+01,6.170215e+06,3.594435e+01,,,1.415028e+00,4
2018-04-23 04:26:33.000000,2.387196e+07,1.562810e+07,5.840800e+01,6.162033e+06,3.591783e+01,,,1.418989e+00,4
2018-04-23 04:26:34.000000,2.387197e+07,1.544424e+07,5.810400e+01,6.153852e+06,3.589130e+01,,,1.422950e+00,4
2018-04-23 04:26:35.000000,2.387199e+07,1.541436e+07,5.793000e+01,6.145669e+06,3.586478e+01,,,1.426911e+00,4
2018-04-23 04:26:36.000000,2.387201e+07,1.538448e+07,5.775600e+01,6.137488e+06,3.583826e+01,,,1.430871e+00,4
2018-04-23 04:26:37.000000,2.387202e+07,1.546033e+07,5.794400e+01,6.146806e+06,3.581174e+01,,,1.434832e+00,4
2018-04-23 04:26:38.000000,2.387204e+07,1.553617e+07,5.813200e+01,6.156124e+06,3.578522e+01,,,1.438793e+00,4
2018-04-23 04:26:39.000000,2.387206e+07,1.558386e+07,5.827700e+01,6.165442e+06,3.575870e+01,,,1.434775e+00,4
2018-04-23 04:26:40.000000,2.387207e+07,1.563155e+07,5.842200e+01,6.174761e+06,3.573217e+01,,,1.430758e+00,4
2018-04-23 04:26:41.000000,2.387209e+07,1.567924e+07,5.856700e+01,6.184079e+06,3.570565e+01,,,1.426741e+00,4
2018-04-23 04:26:42.000000,2.387211e+07,1.572692e+07,5.871200e+01,6.193397e+06,3.567913e+01,,,1.422723e+00,4
2018-04-23 04:26:43.000000,2.387128e+07,1.574876e+07,5.873600e+01,6.202715e+06,3.565261e+01,,,1.418706e+00,4
2018-04-23 04:26:44.000000,2.387046e+07,1.577059e+07,5.876000e+01,6.212033e+06,3.562609e+01,,,1.414688e+00,4
2018-04-23 04:26:45.000000,2.386964e+07,1.565223e+07,5.854600e+01,6.221352e+06,3.559957e+01,,,1.410671e+00,4
2018-04-23 04:26:46.000000,2.386882e+07,1.553387e+07,5.833200e+01,6.230669e+06,3.557304e+01,,,1.406654e+00,4
2018-04-23 04:26:47.000000,2.386800e+07,1.548561e+07,5.829000e+01,6.239988e+06,3.554652e+01,,,1.402636e+00,4
2018-04-23 04:26:48.000000,2.386718e+07,1.543734e+07,5.824800e+01,6.253245e+06,3.552000e+01,,,1.398619e+00,4
2018-04-23 04:26:49.000000,2.386635e+07,1.558098e+07,5.847800e+01,6.266503e+06,3.544826e+01,,,1.394601e+00,4
2018-04-23 04:26:50.000000,2.386553e+07,1.572463e+07,5.870800e+01,6.279760e+06,3.537652e+01,,,1.395782e+00,4
2018-04-23 04:26:51.000000,2.386471e+07,1.572175e+07,5.869100e+01,6.293018e+06,3.530478e+01,,,1.396963e+00,4
2018-04-23 04:26:52.000000,2.386389e+07,1.571888e+07,5.867400e+01,6.306275e+06,3.523304e+01,,,1.398143e+00,4
2018-04-23 04:26:53.000000,2.386306e+07,1.571601e+07,5.865700e+01,6.319533e+06,3.516130e+01,,,1.399324e+00,4
2018-04-23 04:26:54.000000,2.386224e+07,1.571313e+07,5.864000e+01,6.332791e+06,3.508957e+01,,,1.400505e+00,4
2018-04-23 04:26:55.000000,2.386142e+07,1.556030e+07,5.841000e+01,6.346048e+06,3.501783e+01,,,1.401686e+00,4
2018-04-23 04:26:56.000000,2.386060e+07,1.540747e+07,5.818000e+01,6.359306e+06,3.494609e+01,,,1.402866e+00,4
2018-04-23 04:26:57.000000,2.385978e+07,1.539597e+07,5.816600e+01,6.372563e+06,3.487435e+01,,,1.404047e+00,4
2018-04-23 04:26:58.000000,2.385895e+07,1.538448e+07,5.815200e+01,6.385821e+06,3.480261e+01,,,1.405228e+00,4
2018-04-23 04:26:59.000000,2.385813e+07,1.553732e+07,5.837000e+01,6.392109e+06,3.473087e+01,,,1.406408e+00,4
2018-04-23 04:27:00.000000,2.385731e+07,1.569015e+07,5.858800e+01,6.398396e+06,3.465913e+01,,,1.407589e+00,4
2018-04-23 04:27:01.000000,2.385649e+07,1.568556e+07,5.853200e+01,6.404685e+06,3.458739e+01,,,1.407053e+00,4
2018-04-23 04:27:02.000000,2.385567e+07,1.568096e+07,5.847600e+01,6.410972e+06,3.451565e+01,,,1.406517e+00,4
2018-04-23 04:27:03.000000,2.385484e+07,1.563672e+07,5.840800e+01,6.417260e+06,3.444391e+01,,,1.405980e+00,4
2018-04-23 04:27:04.000000,2.385402e+07,1.559248e+07,5.834000e+01,6.423548e+06,3.437217e+01,,,1.405444e+00,4
2018-04-23 04:27:05.000000,2.385320e+07,1.554823e+07,5.827200e+01,6.429836e+06,3.430043e+01,,,1.404908e+00,4
2018-04-23 04:27:06.000000,2.385238e+07,1.550399e+07,5.820400e+01,6.436124e+06,3.422869e+01,,,1.404372e+00,4
2018-04-23 04:27:07.000000,2.385156e+07,1.541091e+07,5.812400e+01,6.442412e+06,3.415696e+01,,,1.403835e+00,4
2018-04-23 04:27:08.000000,2.385073e+07,1.531783e+07,5.804400e+01,6.448699e+06,3.408522e+01,,,1.403299e+00,4
2018-04-23 04:27:09.000000,2.384991e+07,1.548676e+07,5.827000e+01,6.454987e+06,3.401348e+01,,,1.402763e+00,4
2018-04-23 04:27:10.000000,2.384909e+07,1.565568e+07,5.849600e+01,6.457639e+06,3.394174e+01,,,1.402227e+00,4
2018-04-23 04:27:11.000000,2.384827e+07,1.569475e+07,5.862200e+01,6.460291e+06,3.387000e+01,,,1.401691e+00,4
2018-04-23 04:27:12.000000,2.384745e+07,1.573382e+07,5.874800e+01,6.462942e+06,3.387478e+01,,,1.402224e+00,4
2018-04-23 04:27:13.000000,2.384662e+07,1.563499e+07,5.855200e+01,6.465593e+06,3.387956e+01,,,1.402758e+00,4
2018-04-23 04:27:14.000000,2.384580e+07,1.553617e+07,5.835600e+01,6.468245e+06,3.388435e+01,,,1.403291e+00,4
2018-04-23 04:27:15.000000,2.384644e+07,1.543734e+07,5.817600e+01,6.470896e+06,3.388913e+01,,,1.403825e+00,4
2018-04-23 04:27:16.000000,2.384709e+07,1.533852e+07,5.799600e+01,6.473548e+06,3.389391e+01,,,1.404359e+00,4
2018-04-23 04:27:17.000000,2.384773e+07,1.538621e+07,5.808800e+01,6.476199e+06,3.389869e+01,,,1.404892e+00,4
2018-04-23 04:27:18.000000,2.384837e+07,1.543390e+07,5.818000e+01,6.478851e+06,3.390348e+01,,,1.405426e+00,4
2018-04-23 04:27:19.000000,2.384902e+07,1.548159e+07,5.827200e+01,6.481502e+06,3.390826e+01,,,1.405959e+00,4
2018-04-23 04:27:20.000000,2.384966e+07,1.552927e+07,5.836400e+01,6.484154e+06,3.391304e+01,,,1.406493e+00,4
2018-04-23 04:27:21.000000,2.385030e+07,1.563959e+07,5.857800e+01,6.480139e+06,3.391782e+01,,,1.407027e+00,4
2018-04-23 04:27:22.000000,2.385094e+07,1.574991e+07,5.879200e+01,6.476124e+06,3.392261e+01,,,1.407560e+00,4
2018-04-23 04:27:23.000000,2.385159e+07,1.568441e+07,5.860800e+01,6.472108e+06,3.392739e+01,,,1.406314e+00,4
2018-04-23 04:27:24.000000,2.385223e+07,1.561891e+07,5.842400e+01,6.468093e+06,3.393217e+01,,,1.405068e+00,4
2018-04-23 04:27:25.000000,2.385287e+07,1.548561e+07,5.829400e+01,6.464078e+06,3.393695e+01,,,1.403822e+00,4
2018-04-23 04:27:26.000000,2.385352e+07,1.535231e+07,5.816400e+01,6.460063e+06,3.394174e+01,,,1.402576e+00,4
2018-04-23 04:27:27.000000,2.385416e+07,1.536840e+07,5.814200e+01,6.456048e+06,3.394652e+01,,,1.401330e+00,4
2018-04-23 04:27:28.000000,2.385480e+07,1.538448e+07,5.812000e+01,6.452033e+06,3.395131e+01,,,1.400084e+00,4
2018-04-23 04:27:29.000000,2.385544e+07,1.545516e+07,5.819700e+01,6.448018e+06,3.395609e+01,,,1.398838e+00,4
2018-04-23 04:27:30.000000,2.385609e+07,1.552583e+07,5.827400e+01,6.444002e+06,3.396087e+01,,,1.397593e+00,4
2018-04-23 04:27:31.000000,2.385673e+07,1.559650e+07,5.835100e+01,6.439987e+06,3.396565e+01,,,1.396346e+00,4
2018-04-23 04:27:32.000000,2.385737e+07,1.566717e+07,5.842800e+01,6.426502e+06,3.397044e+01,,,1.395101e+00,4
2018-04-23 04:27:33.000000,2.385802e+07,1.568900e+07,5.843600e+01,6.413018e+06,3.397522e+01,,,1.393855e+00,4
2018-04-23 04:27:34.000000,2.385866e+07,1.571084e+07,5.844400e+01,6.399533e+06,3.398000e+01,,,1.393166e+00,4
2018-04-23 04:27:35.000000,2.385930e+07,1.554306e+07,5.819200e+01,6.386048e+06,3.400348e+01,,,1.392477e+00,4
2018-04-23 04:27:36.000000,2.385994e+07,1.537529e+07,5.794000e+01,6.372563e+06,3.402695e+01,,,1.391788e+00,4
2018-04-23 04:27:37.000000,2.386059e+07,1.543160e+07,5.791200e+01,6.359079e+06,3.405043e+01,,,1.391099e+00,4
2018-04-23 04:27:38.000000,2.386123e+07,1.548791e+07,5.788400e+01,6.345594e+06,3.407391e+01,,,1.390410e+00,4
2018-04-23 04:27:39.000000,2.386187e+07,1.560742e+07,5.825600e+01,6.332109e+06,3.409739e+01,,,1.389721e+00,4
2018-04-23 04:27:40.000000,2.386252e+07,1.572692e+07,5.862800e+01,6.318624e+06,3.412087e+01,,,1.389032e+00,4
2018-04-23 04:27:41.000000,2.386316e+07,1.574761e+07,5.854600e+01,6.305139e+06,3.414435e+01,,,1.388343e+00,4
2018-04-23 04:27:42.000000,2.386380e+07,1.576829e+07,5.846400e+01,6.291654e+06,3.416783e+01,,,1.387654e+00,4
2018-04-23 04:27:43.000000,2.386444e+07,1.571658e+07,5.853200e+01,6.271730e+06,3.419130e+01,,,1.386965e+00,4
2018-04-23 04:27:44.000000,2.386509e+07,1.566487e+07,5.860000e+01,6.251806e+06,3.421478e+01,,,1.386276e+00,4
2018-04-23 04:27:45.000000,2.386573e+07,1.563327e+07,5.852800e+01,6.231882e+06,3.423826e+01,,,1.386686e+00,4
2018-04-23 04:27:46.000000,2.386637e+07,1.560167e+07,5.845600e+01,6.211958e+06,3.426174e+01,,,1.387096e+00,4
2018-04-23 04:27:47.000000,2.386602e+07,1.557007e+07,5.838400e+01,6.192033e+06,3.428522e+01,,,1.387506e+00,4
2018-04-23 04:27:48.000000,2.386567e+07,1.553847e+07,5.831200e+01,6.172109e+06,3.430870e+01,,,1.387916e+00,4
2018-04-23 04:27:49.000000,2.386531e+07,1.546033e+07,5.818000e+01,6.152185e+06,3.433217e+01,,,1.388327e+00,4
2018-04-23 04:27:50.000000,2.386496e+07,1.538219e+07,5.804800e+01,6.132260e+06,3.435565e+01,,,1.388737e+00,4
2018-04-23 04:27:51.000000,2.386461e+07,1.547756e+07,5.826800e+01,6.112336e+06,3.437913e+01,,,1.389147e+00,4
2018-04-23 04:27:52.000000,2.386425e+07,1.557294e+07,5.848800e+01,6.092412e+06,3.440261e+01,,,1.389557e+00,4
2018-04-23 04:27:53.000000,2.386390e+07,1.566142e+07,5.857400e+01,6.072488e+06,3.442609e+01,,,1.389967e+00,4
2018-04-23 04:27:54.000000,2.386355e+07,1.574991e+07,5.866000e+01,6.052563e+06,3.444957e+01,,,1.390377e+00,4
2018-04-23 04:27:55.000000,2.386320e+07,1.576485e+07,5.860400e+01,6.032639e+06,3.447305e+01,,,1.390787e+00,4
2018-04-23 04:27:56.000000,2.386284e+07,1.577978e+07,5.854800e+01,6.012715e+06,3.449652e+01,,,1.392300e+00,4
2018-04-23 04:27:57.000000,2.386249e+07,1.568211e+07,5.839000e+01,5.992791e+06,3.452000e+01,,,1.393812e+00,4
2018-04-23 04:27:58.000000,2.386214e+07,1.558443e+07,5.823200e+01,5.972867e+06,3.446957e+01,,,1.395324e+00,4
2018-04-23 04:27:59.000000,2.386179e+07,1.553445e+07,5.815500e+01,5.952942e+06,3.441913e+01,,,1.396837e+00,4
2018-04-23 04:28:00.000000,2.386143e+07,1.548446e+07,5.807800e+01,5.933018e+06,3.436869e+01,,,1.398349e+00,4
2018-04-23 04:28:01.000000,2.386108e+07,1.543447e+07,5.800100e+01,5.913094e+06,3.431826e+01,,,1.399861e+00,4
2018-04-23 04:28:02.000000,2.386073e+07,1.538448e+07,5.792400e+01,5.893170e+06,3.426783e+01,,,1.401374e+00,4
2018-04-23 04:28:03.000000,2.386037e+07,1.539597e+07,5.803800e+01,5.873246e+06,3.421739e+01,,,1.402886e+00,4
2018-04-23 04:28:04.000000,2.386002e+07,1.540747e+07,5.815200e+01,5.853321e+06,3.416696e+01,,,1.404399e+00,4
2018-04-23 04:28:05.000000,2.385967e+07,1.553732e+07,5.842000e+01,5.840594e+06,3.411652e+01,,,1.405911e+00,4
2018-04-23 04:28:06.000000,2.385932e+07,1.566717e+07,5.868800e+01,5.827867e+06,3.406609e+01,,,1.407423e+00,4
2018-04-23 04:28:07.000000,2.385896e+07,1.567406e+07,5.866800e+01,5.815140e+06,3.401565e+01,,,1.406221e+00,4
2018-04-23 04:28:08.000000,2.385861e+07,1.568096e+07,5.864800e+01,5.802412e+06,3.396522e+01,,,1.405019e+00,4
2018-04-23 04:28:09.000000,2.385826e+07,1.551778e+07,5.846400e+01,5.789685e+06,3.391478e+01,,,1.403817e+00,4
2018-04-23 04:28:10.000000,2.385790e+07,1.535461e+07,5.828000e+01,5.776958e+06,3.386435e+01,,,1.402615e+00,4
2018-04-23 04:28:11.000000,2.385755e+07,1.536035e+07,5.830800e+01,5.764230e+06,3.381392e+01,,,1.401413e+00,4
2018-04-23 04:28:12.000000,2.385720e+07,1.536610e+07,5.833600e+01,5.751503e+06,3.376348e+01,,,1.400211e+00,4
2018-04-23 04:28:13.000000,2.385685e+07,1.544366e+07,5.847100e+01,5.738776e+06,3.371304e+01,,,1.399009e+00,4
2018-04-23 04:28:14.000000,2.385649e+07,1.552123e+07,5.860600e+01,5.726048e+06,3.366261e+01,,,1.397807e+00,4
2018-04-23 04:28:15.000000,2.385614e+07,1.559880e+07,5.874100e+01,5.713321e+06,3.361217e+01,,,1.396605e+00,4
2018-04-23 04:28:16.000000,2.385579e+07,1.567636e+07,5.887600e+01,5.709761e+06,3.356174e+01,,,1.395403e+00,4
2018-04-23 04:28:17.000000,2.385543e+07,1.566028e+07,5.881400e+01,5.706200e+06,3.351131e+01,,,1.394201e+00,4
2018-04-23 04:28:18.000000,2.385508e+07,1.564419e+07,5.875200e+01,5.702640e+06,3.346087e+01,,,1.392489e+00,4
2018-04-23 04:28:19.000000,2.385416e+07,1.548791e+07,5.845800e+01,5.699079e+06,3.341043e+01,,,1.390777e+00,4
2018-04-23 04:28:20.000000,2.385323e+07,1.533162e+07,5.816400e+01,5.695519e+06,3.336000e+01,,,1.389066e+00,4
2018-04-23 04:28:21.000000,2.385231e+07,1.544194e+07,5.830800e+01,5.691958e+06,3.324870e+01,,,1.387354e+00,4
2018-04-23 04:28:22.000000,2.385138e+07,1.555226e+07,5.845200e+01,5.688397e+06,3.313739e+01,,,1.385642e+00,4
2018-04-23 04:28:23.000000,2.385046e+07,1.562925e+07,5.850400e+01,5.684836e+06,3.302609e+01,,,1.383930e+00,4
2018-04-23 04:28:24.000000,2.384953e+07,1.570624e+07,5.855600e+01,5.681276e+06,3.291478e+01,,,1.382218e+00,4
2018-04-23 04:28:25.000000,2.384861e+07,1.563557e+07,5.846000e+01,5.677715e+06,3.280348e+01,,,1.380507e+00,4
2018-04-23 04:28:26.000000,2.384768e+07,1.556490e+07,5.836400e+01,5.674155e+06,3.269217e+01,,,1.378795e+00,4
2018-04-23 04:28:27.000000,2.384676e+07,1.549423e+07,5.826800e+01,5.691200e+06,3.258087e+01,,,1.377083e+00,4
2018-04-23 04:28:28.000000,2.384583e+07,1.542355e+07,5.817200e+01,5.708246e+06,3.246957e+01,,,1.375371e+00,4
2018-04-23 04:28:29.000000,2.384491e+07,1.541436e+07,5.817800e+01,5.725291e+06,3.235826e+01,,,1.376888e+00,4
2018-04-23 04:28:30.000000,2.384398e+07,1.540517e+07,5.818400e+01,5.742336e+06,3.224696e+01,,,1.378404e+00,4
2018-04-23 04:28:31.000000,2.384306e+07,1.554651e+07,5.852200e+01,5.759382e+06,3.213565e+01,,,1.379921e+00,4
2018-04-23 04:28:32.000000,2.384213e+07,1.568785e+07,5.886000e+01,5.776428e+06,3.202435e+01,,,1.381437e+00,4
2018-04-23 04:28:33.000000,2.384120e+07,1.557064e+07,5.857600e+01,5.793473e+06,3.191304e+01,,,1.382953e+00,4
2018-04-23 04:28:34.000000,2.384028e+07,1.545343e+07,5.829200e+01,5.810519e+06,3.180174e+01,,,1.384470e+00,4
2018-04-23 04:28:35.000000,2.383936e+07,1.536955e+07,5.808400e+01,5.827564e+06,3.169044e+01,,,1.385986e+00,4
2018-04-23 04:28:36.000000,2.383843e+07,1.528566e+07,5.787600e+01,5.844609e+06,3.157913e+01,,,1.387502e+00,4
2018-04-23 04:28:37.000000,2.383751e+07,1.534312e+07,5.800500e+01,5.861655e+06,3.146782e+01,,,1.389019e+00,4
2018-04-23 04:28:38.000000,2.383658e+07,1.540057e+07,5.813400e+01,5.858019e+06,3.135652e+01,,,1.390535e+00,4
2018-04-23 04:28:39.000000,2.383566e+07,1.545803e+07,5.826300e+01,5.854382e+06,3.124522e+01,,,1.392052e+00,4
2018-04-23 04:28:40.000000,2.383473e+07,1.551548e+07,5.839200e+01,5.850746e+06,3.113391e+01,,,1.392420e+00,4
2018-04-23 04:28:41.000000,2.383381e+07,1.554881e+07,5.855000e+01,5.847109e+06,3.102261e+01,,,1.392787e+00,4
2018-04-23 04:28:42.000000,2.383288e+07,1.558213e+07,5.870800e+01,5.843473e+06,3.091130e+01,,,1.393155e+00,4
2018-04-23 04:28:43.000000,2.383195e+07,1.541781e+07,5.853200e+01,5.839836e+06,3.080000e+01,,,1.393523e+00,4
2018-04-23 04:28:44.000000,2.383103e+07,1.525348e+07,5.835600e+01,5.836200e+06,3.079304e+01,,,1.393891e+00,4
2018-04-23 04:28:45.000000,2.383011e+07,1.531439e+07,5.836200e+01,5.832564e+06,3.078609e+01,,,1.394258e+00,4
2018-04-23 04:28:46.000000,2.382918e+07,1.537529e+07,5.836800e+01,5.828928e+06,3.077913e+01,,,1.394626e+00,4
2018-04-23 04:28:47.000000,2.382825e+07,1.551548e+07,5.856800e+01,5.825291e+06,3.077217e+01,,,1.394994e+00,4
2018-04-23 04:28:48.000000,2.382733e+07,1.565568e+07,5.876800e+01,5.821655e+06,3.076522e+01,,,1.395362e+00,4
2018-04-23 04:28:49.000000,2.382641e+07,1.559822e+07,5.872600e+01,5.829534e+06,3.075826e+01,,,1.395730e+00,4
2018-04-23 04:28:50.000000,2.382548e+07,1.554077e+07,5.868400e+01,5.837412e+06,3.075130e+01,,,1.396098e+00,4
2018-04-23 04:28:51.000000,2.382455e+07,1.548331e+07,5.864200e+01,5.845291e+06,3.074435e+01,,,1.395514e+00,4
2018-04-23 04:28:52.000000,2.382363e+07,1.542585e+07,5.860000e+01,5.853170e+06,3.073739e+01,,,1.394931e+00,4
2018-04-23 04:28:53.000000,2.382404e+07,1.533507e+07,5.847800e+01,5.861049e+06,3.073043e+01,,,1.394348e+00,4
2018-04-23 04:28:54.000000,2.382446e+07,1.524429e+07,5.835600e+01,5.868927e+06,3.072348e+01,,,1.393764e+00,4
2018-04-23 04:28:55.000000,2.382487e+07,1.540287e+07,5.865000e+01,5.876806e+06,3.071652e+01,,,1.393181e+00,4
2018-04-23 04:28:56.000000,2.382529e+07,1.556145e+07,5.894400e+01,5.884685e+06,3.070956e+01,,,1.392598e+00,4
2018-04-23 04:28:57.000000,2.382570e+07,1.555570e+07,5.891200e+01,5.892564e+06,3.070261e+01,,,1.392014e+00,4
2018-04-23 04:28:58.000000,2.382611e+07,1.554996e+07,5.888000e+01,5.900442e+06,3.069565e+01,,,1.391431e+00,4
2018-04-23 04:28:59.000000,2.382653e+07,1.540517e+07,5.868600e+01,5.908321e+06,3.068870e+01,,,1.390848e+00,4
2018-04-23 04:29:00.000000,2.382694e+07,1.526038e+07,5.849200e+01,5.910821e+06,3.068174e+01,,,1.390265e+00,4
2018-04-23 04:29:01.000000,2.382735e+07,1.529773e+07,5.856300e+01,5.913321e+06,3.067478e+01,,,1.389681e+00,4
2018-04-23 04:29:02.000000,2.382777e+07,1.533507e+07,5.863400e+01,5.915821e+06,3.066783e+01,,,1.391761e+00,4
2018-04-23 04:29:03.000000,2.382818e+07,1.537242e+07,5.870500e+01,5.918321e+06,3.066087e+01,,,1.393842e+00,4
2018-04-23 04:29:04.000000,2.382859e+07,1.540977e+07,5.877600e+01,5.920821e+06,3.065391e+01,,,1.395922e+00,4
2018-04-23 04:29:05.000000,2.382901e+07,1.553732e+07,5.902000e+01,5.923321e+06,3.064696e+01,,,1.398002e+00,4
2018-04-23 04:29:06.000000,2.382942e+07,1.566487e+07,5.926400e+01,5.925821e+06,3.064000e+01,,,1.400082e+00,4
2018-04-23 04:29:07.000000,2.382984e+07,1.553272e+07,5.908400e+01,5.928321e+06,3.068797e+01,,,1.402162e+00,4
2018-04-23 04:29:08.000000,2.383025e+07,1.540057e+07,5.890400e+01,5.930821e+06,3.073594e+01,,,1.404242e+00,4
2018-04-23 04:29:09.000000,2.383066e+07,1.533622e+07,5.873800e+01,5.933321e+06,3.078391e+01,,,1.406322e+00,4
2018-04-23 04:29:10.000000,2.383108e+07,1.527187e+07,5.857200e+01,5.935821e+06,3.083188e+01,,,1.408403e+00,4
2018-04-23 04:29:11.000000,2.383149e+07,1.547067e+07,5.885400e+01,5.936958e+06,3.087985e+01,,,1.410483e+00,4
2018-04-23 04:29:12.000000,2.383191e+07,1.566947e+07,5.913600e+01,5.938094e+06,3.092783e+01,,,1.412563e+00,4
2018-04-23 04:29:13.000000,2.383232e+07,1.559018e+07,5.901800e+01,5.939230e+06,3.097580e+01,,,1.411396e+00,4
2018-04-23 04:29:14.000000,2.383273e+07,1.551089e+07,5.890000e+01,5.940367e+06,3.102377e+01,,,1.410230e+00,4
2018-04-23 04:29:15.000000,2.383315e+07,1.544481e+07,5.882300e+01,5.941503e+06,3.107174e+01,,,1.409063e+00,4
2018-04-23 04:29:16.000000,2.383356e+07,1.537874e+07,5.874600e+01,5.942640e+06,3.111971e+01,,,1.407897e+00,4
2018-04-23 04:29:17.000000,2.383398e+07,1.531266e+07,5.866900e+01,5.943776e+06,3.116768e+01,,,1.406731e+00,4
2018-04-23 04:29:18.000000,2.383439e+07,1.524659e+07,5.859200e+01,5.944912e+06,3.121565e+01,,,1.405564e+00,4
2018-04-23 04:29:19.000000,2.383480e+07,1.535231e+07,5.872400e+01,5.946048e+06,3.126362e+01,,,1.404398e+00,4
2018-04-23 04:29:20.000000,2.383522e+07,1.545803e+07,5.885600e+01,5.947185e+06,3.131159e+01,,,1.403231e+00,4
2018-04-23 04:29:21.000000,2.383563e+07,1.556490e+07,5.907600e+01,5.948321e+06,3.135957e+01,,,1.402065e+00,4
2018-04-23 04:29:22.000000,2.383604e+07,1.567177e+07,5.929600e+01,5.953700e+06,3.140754e+01,,,1.400898e+00,4
2018-04-23 04:29:23.000000,2.383646e+07,1.553847e+07,5.897800e+01,5.959079e+06,3.145551e+01,,,1.399732e+00,4
2018-04-23 04:29:24.000000,2.383687e+07,1.540517e+07,5.866000e+01,5.964458e+06,3.150348e+01,,,1.400236e+00,4
2018-04-23 04:29:25.000000,2.383715e+07,1.534082e+07,5.849800e+01,5.969836e+06,3.155145e+01,,,1.400740e+00,4
2018-04-23 04:29:26.000000,2.383743e+07,1.527647e+07,5.833600e+01,5.975215e+06,3.159942e+01,,,1.401245e+00,4
2018-04-23 04:29:27.000000,2.383771e+07,1.533680e+07,5.845600e+01,5.980594e+06,3.164739e+01,,,1.401749e+00,4
2018-04-23 04:29:28.000000,2.383799e+07,1.539713e+07,5.857600e+01,5.985973e+06,3.169536e+01,,,1.402253e+00,4
2018-04-23 04:29:29.000000,2.383827e+07,1.545745e+07,5.869600e+01,5.991352e+06,3.174333e+01,,,1.402758e+00,4
2018-04-23 04:29:30.000000,2.383855e+07,1.551778e+07,5.881600e+01,5.996730e+06,3.179130e+01,,,1.403262e+00,4
2018-04-23 04:29:31.000000,2.383883e+07,1.560512e+07,5.902800e+01,6.002109e+06,3.183928e+01,,,1.403766e+00,4
2018-04-23 04:29:32.000000,2.383911e+07,1.569245e+07,5.924000e+01,6.007488e+06,3.188725e+01,,,1.404270e+00,4
2018-04-23 04:29:33.000000,2.383938e+07,1.562580e+07,5.899000e+01,6.012791e+06,3.193522e+01,,,1.404775e+00,4
2018-04-23 04:29:34.000000,2.383966e+07,1.555915e+07,5.874000e+01,6.018094e+06,3.198319e+01,,,1.405279e+00,4
2018-04-23 04:29:35.000000,2.383994e+07,1.544309e+07,5.847400e+01,6.023397e+06,3.203116e+01,,,1.406576e+00,4
2018-04-23 04:29:36.000000,2.384022e+07,1.532703e+07,5.820800e+01,6.028700e+06,3.207913e+01,,,1.407872e+00,4
2018-04-23 04:29:37.000000,2.384050e+07,1.546033e+07,5.849400e+01,6.034003e+06,3.212710e+01,,,1.409168e+00,4
2018-04-23 04:29:38.000000,2.384078e+07,1.559362e+07,5.878000e+01,6.039306e+06,3.217507e+01,,,1.410465e+00,4
2018-04-23 04:29:39.000000,2.384106e+07,1.561891e+07,5.869800e+01,6.044609e+06,3.222305e+01,,,1.411761e+00,4
2018-04-23 04:29:40.000000,2.384134e+07,1.564419e+07,5.861600e+01,6.049912e+06,3.227102e+01,,,1.413058e+00,4
2018-04-23 04:29:41.000000,2.384162e+07,1.558903e+07,5.857300e+01,6.055215e+06,3.231898e+01,,,1.414354e+00,4
2018-04-23 04:29:42.000000,2.384190e+07,1.553387e+07,5.853000e+01,6.060518e+06,3.236695e+01,,,1.415651e+00,4
2018-04-23 04:29:43.000000,2.384218e+07,1.547871e+07,5.848700e+01,6.065821e+06,3.241493e+01,,,1.416947e+00,4
2018-04-23 04:29:44.000000,2.384245e+07,1.542355e+07,5.844400e+01,6.071579e+06,3.246290e+01,,,1.418244e+00,4
2018-04-23 04:29:45.000000,2.384273e+07,1.537069e+07,5.840600e+01,6.077336e+06,3.251087e+01,,,1.419540e+00,4
2018-04-23 04:29:46.000000,2.384301e+07,1.531783e+07,5.836800e+01,6.083094e+06,3.255884e+01,,,1.420343e+00,4
2018-04-23 04:29:47.000000,2.384329e+07,1.550284e+07,5.868200e+01,6.088852e+06,3.260681e+01,,,1.421146e+00,4
2018-04-23 04:29:48.000000,2.384357e+07,1.568785e+07,5.899600e+01,6.094609e+06,3.265478e+01,,,1.421949e+00,4
2018-04-23 04:29:49.000000,2.384385e+07,1.557409e+07,5.872400e+01,6.100367e+06,3.270275e+01,,,1.422752e+00,4
2018-04-23 04:29:50.000000,2.384413e+07,1.546033e+07,5.845200e+01,6.106124e+06,3.275072e+01,,,1.423555e+00,4
2018-04-23 04:29:51.000000,2.384441e+07,1.537184e+07,5.834600e+01,6.111882e+06,3.279869e+01,,,1.424358e+00,4
2018-04-23 04:29:52.000000,2.384469e+07,1.528336e+07,5.824000e+01,6.117639e+06,3.284667e+01,,,1.425161e+00,4
2018-04-23 04:29:53.000000,2.384497e+07,1.543045e+07,5.857600e+01,6.123397e+06,3.289464e+01,,,1.425964e+00,4
2018-04-23 04:29:54.000000,2.384525e+07,1.557754e+07,5.891200e+01,6.129154e+06,3.294261e+01,,,1.426767e+00,4
2018-04-23 04:29:55.000000,2.384552e+07,1.562235e+07,5.897400e+01,6.134458e+06,3.299058e+01,,,1.427570e+00,4
2018-04-23 04:29:56.000000,2.384580e+07,1.566717e+07,5.903600e+01,6.139760e+06,3.303855e+01,,,1.428373e+00,4
2018-04-23 04:29:57.000000,2.384608e+07,1.556605e+07,5.879600e+01,6.145063e+06,3.308652e+01,,,1.427241e+00,4
2018-04-23 04:29:58.000000,2.384636e+07,1.546492e+07,5.855600e+01,6.150367e+06,3.313449e+01,,,1.426109e+00,4
2018-04-23 04:29:59.000000,2.384659e+07,1.542126e+07,5.832300e+01,6.155669e+06,3.318246e+01,,,1.424977e+00,4
2018-04-23 04:30:00.000000,2.384682e+07,1.537759e+07,5.809000e+01,6.160973e+06,3.323043e+01,,,1.423845e+00,4
2018-04-23 04:30:01.000000,2.384705e+07,1.533392e+07,5.785700e+01,6.166275e+06,3.327841e+01,,,1.422714e+00,4
2018-04-23 04:30:02.000000,2.384728e+07,1.529026e+07,5.762400e+01,6.171579e+06,3.332638e+01,,,1.421582e+00,4
2018-04-23 04:30:03.000000,2.384751e+07,1.543734e+07,5.802600e+01,6.176882e+06,3.337435e+01,,,1.420450e+00,4
2018-04-23 04:30:04.000000,2.384774e+07,1.558443e+07,5.842800e+01,6.182185e+06,3.342232e+01,,,1.419318e+00,4
2018-04-23 04:30:05.000000,2.384797e+07,1.561546e+07,5.852800e+01,6.187488e+06,3.347029e+01,,,1.418186e+00,4
2018-04-23 04:30:06.000000,2.384820e+07,1.564648e+07,5.862800e+01,6.193700e+06,3.351826e+01,,,1.417055e+00,4
2018-04-23 04:30:07.000000,2.384843e+07,1.553042e+07,5.848000e+01,6.199912e+06,3.356623e+01,,,1.415923e+00,4
2018-04-23 04:30:08.000000,2.384866e+07,1.541436e+07,5.833200e+01,6.206124e+06,3.361420e+01,,,1.414342e+00,4
2018-04-23 04:30:09.000000,2.384889e+07,1.535461e+07,5.814600e+01,6.212336e+06,3.366217e+01,,,1.412761e+00,4
2018-04-23 04:30:10.000000,2.384912e+07,1.529485e+07,5.796000e+01,6.218548e+06,3.371014e+01,,,1.411180e+00,4
2018-04-23 04:30:11.000000,2.384935e+07,1.535576e+07,5.808600e+01,6.224760e+06,3.375812e+01,,,1.409599e+00,4
2018-04-23 04:30:12.000000,2.384957e+07,1.541666e+07,5.821200e+01,6.230973e+06,3.380609e+01,,,1.408018e+00,4
2018-04-23 04:30:13.000000,2.384980e+07,1.547756e+07,5.833800e+01,6.237185e+06,3.385406e+01,,,1.406437e+00,4
2018-04-23 04:30:14.000000,2.385003e+07,1.553847e+07,5.846400e+01,6.243396e+06,3.390203e+01,,,1.404856e+00,4
2018-04-23 04:30:15.000000,2.385026e+07,1.563155e+07,5.859000e+01,6.249609e+06,3.395000e+01,,,1.403276e+00,4
2018-04-23 04:30:16.000000,2.385049e+07,1.572463e+07,5.871600e+01,6.255821e+06,3.398130e+01,,,1.401695e+00,4
2018-04-23 04:30:17.000000,2.385072e+07,1.557409e+07,5.850400e+01,6.259760e+06,3.401261e+01,,,1.400114e+00,4
2018-04-23 04:30:18.000000,2.385095e+07,1.542355e+07,5.829200e+01,6.263700e+06,3.404391e+01,,,1.398533e+00,4
2018-04-23 04:30:19.000000,2.385118e+07,1.535920e+07,5.813000e+01,6.267639e+06,3.407522e+01,,,1.399742e+00,4
2018-04-23 04:30:20.000000,2.385141e+07,1.529485e+07,5.796800e+01,6.271579e+06,3.410652e+01,,,1.400952e+00,4
2018-04-23 04:30:21.000000,2.385164e+07,1.537529e+07,5.808400e+01,6.275518e+06,3.413783e+01,,,1.402161e+00,4
2018-04-23 04:30:22.000000,2.385187e+07,1.545573e+07,5.820000e+01,6.279457e+06,3.416913e+01,,,1.403371e+00,4
2018-04-23 04:30:23.000000,2.385210e+07,1.551204e+07,5.830800e+01,6.283396e+06,3.420044e+01,,,1.404580e+00,4
2018-04-23 04:30:24.000000,2.385233e+07,1.556834e+07,5.841600e+01,6.287336e+06,3.423174e+01,,,1.405790e+00,4
2018-04-23 04:30:25.000000,2.385256e+07,1.562465e+07,5.852400e+01,6.291275e+06,3.426304e+01,,,1.407000e+00,4
2018-04-23 04:30:26.000000,2.385279e+07,1.568096e+07,5.863200e+01,6.295215e+06,3.429435e+01,,,1.408209e+00,4
2018-04-23 04:30:27.000000,2.385302e+07,1.563729e+07,5.835000e+01,6.299154e+06,3.432565e+01,,,1.409418e+00,4
2018-04-23 04:30:28.000000,2.385325e+07,1.559362e+07,5.806800e+01,6.301881e+06,3.435696e+01,,,1.410628e+00,4
2018-04-23 04:30:29.000000,2.385348e+07,1.545113e+07,5.774200e+01,6.304609e+06,3.438826e+01,,,1.411837e+00,4
2018-04-23 04:30:30.000000,2.385370e+07,1.530864e+07,5.741600e+01,6.307336e+06,3.441957e+01,,,1.410511e+00,4
2018-04-23 04:30:31.000000,2.385394e+07,1.539942e+07,5.762000e+01,6.310063e+06,3.445087e+01,,,1.409185e+00,4
2018-04-23 04:30:32.000000,2.385416e+07,1.549020e+07,5.782400e+01,6.312791e+06,3.448217e+01,,,1.407858e+00,4
2018-04-23 04:30:33.000000,2.385450e+07,1.562006e+07,5.815400e+01,6.315518e+06,3.451348e+01,,,1.406532e+00,4
2018-04-23 04:30:34.000000,2.385484e+07,1.574991e+07,5.848400e+01,6.318245e+06,3.454478e+01,,,1.405206e+00,4
2018-04-23 04:30:35.000000,2.385518e+07,1.572118e+07,5.847400e+01,6.320973e+06,3.457609e+01,,,1.403879e+00,4
2018-04-23 04:30:36.000000,2.385552e+07,1.569245e+07,5.846400e+01,6.323700e+06,3.460739e+01,,,1.402553e+00,4
2018-04-23 04:30:37.000000,2.385586e+07,1.566372e+07,5.845400e+01,6.326427e+06,3.463869e+01,,,1.401227e+00,4
2018-04-23 04:30:38.000000,2.385620e+07,1.563499e+07,5.844400e+01,6.329154e+06,3.467000e+01,,,1.399900e+00,4
2018-04-23 04:30:39.000000,2.385654e+07,1.547986e+07,5.828800e+01,6.330896e+06,3.470131e+01,,,1.398574e+00,4
2018-04-23 04:30:40.000000,2.385687e+07,1.532473e+07,5.813200e+01,6.332639e+06,3.473261e+01,,,1.397248e+00,4
2018-04-23 04:30:41.000000,2.385721e+07,1.532588e+07,5.814000e+01,6.334381e+06,3.476391e+01,,,1.399419e+00,4
2018-04-23 04:30:42.000000,2.385755e+07,1.532703e+07,5.814800e+01,6.336124e+06,3.479522e+01,,,1.401590e+00,4
2018-04-23 04:30:43.000000,2.385789e+07,1.543505e+07,5.820800e+01,6.337866e+06,3.482652e+01,,,1.403762e+00,4
2018-04-23 04:30:44.000000,2.385823e+07,1.554306e+07,5.826800e+01,6.339609e+06,3.485783e+01,,,1.405933e+00,4
2018-04-23 04:30:45.000000,2.385857e+07,1.564993e+07,5.851000e+01,6.341351e+06,3.488913e+01,,,1.408104e+00,4
2018-04-23 04:30:46.000000,2.385891e+07,1.575680e+07,5.875200e+01,6.343094e+06,3.492043e+01,,,1.410275e+00,4
2018-04-23 04:30:47.000000,2.385925e+07,1.568843e+07,5.863800e+01,6.344836e+06,3.495174e+01,,,1.412447e+00,4
2018-04-23 04:30:48.000000,2.385959e+07,1.562005e+07,5.852400e+01,6.346579e+06,3.498304e+01,,,1.414618e+00,4
2018-04-23 04:30:49.000000,2.385992e+07,1.555168e+07,5.841000e+01,6.348321e+06,3.501435e+01,,,1.416790e+00,4
2018-04-23 04:30:50.000000,2.386026e+07,1.548331e+07,5.829600e+01,6.349154e+06,3.504565e+01,,,1.418961e+00,4
2018-04-23 04:30:51.000000,2.386060e+07,1.542470e+07,5.823200e+01,6.349987e+06,3.507696e+01,,,1.421132e+00,4
2018-04-23 04:30:52.000000,2.386094e+07,1.536610e+07,5.816800e+01,6.350821e+06,3.510826e+01,,,1.417788e+00,4
2018-04-23 04:30:53.000000,2.386128e+07,1.550514e+07,5.841400e+01,6.351654e+06,3.513956e+01,,,1.414443e+00,4
2018-04-23 04:30:54.000000,2.386162e+07,1.564419e+07,5.866000e+01,6.352487e+06,3.517087e+01,,,1.411098e+00,4
2018-04-23 04:30:55.000000,2.386196e+07,1.570739e+07,5.865600e+01,6.353321e+06,3.520218e+01,,,1.407754e+00,4
2018-04-23 04:30:56.000000,2.386230e+07,1.577059e+07,5.865200e+01,6.354154e+06,3.523348e+01,,,1.404409e+00,4
2018-04-23 04:30:57.000000,2.386263e+07,1.571198e+07,5.850400e+01,6.354987e+06,3.526478e+01,,,1.401065e+00,4
2018-04-23 04:30:58.000000,2.386297e+07,1.565338e+07,5.835600e+01,6.355821e+06,3.529609e+01,,,1.397720e+00,4
2018-04-23 04:30:59.000000,2.386331e+07,1.557754e+07,5.827400e+01,6.356654e+06,3.532739e+01,,,1.394376e+00,4
2018-04-23 04:31:00.000000,2.386365e+07,1.550170e+07,5.819200e+01,6.357487e+06,3.535870e+01,,,1.391031e+00,4
2018-04-23 04:31:01.000000,2.386399e+07,1.542585e+07,5.811000e+01,6.355972e+06,3.539000e+01,,,1.387687e+00,4
2018-04-23 04:31:02.000000,2.386433e+07,1.535001e+07,5.802800e+01,6.354457e+06,3.540739e+01,,,1.384342e+00,4
2018-04-23 04:31:03.000000,2.386442e+07,1.539942e+07,5.813400e+01,6.352942e+06,3.542478e+01,,,1.385009e+00,4
2018-04-23 04:31:04.000000,2.386452e+07,1.544884e+07,5.824000e+01,6.351427e+06,3.544217e+01,,,1.385676e+00,4
2018-04-23 04:31:05.000000,2.386461e+07,1.560856e+07,5.849600e+01,6.349912e+06,3.545956e+01,,,1.386343e+00,4
2018-04-23 04:31:06.000000,2.386470e+07,1.576829e+07,5.875200e+01,6.348396e+06,3.547696e+01,,,1.387010e+00,4
2018-04-23 04:31:07.000000,2.386480e+07,1.576370e+07,5.872600e+01,6.346881e+06,3.549435e+01,,,1.387677e+00,4
2018-04-23 04:31:08.000000,2.386489e+07,1.575910e+07,5.870000e+01,6.345366e+06,3.551174e+01,,,1.388344e+00,4
2018-04-23 04:31:09.000000,2.386499e+07,1.563614e+07,5.847000e+01,6.343851e+06,3.552913e+01,,,1.389011e+00,4
2018-04-23 04:31:10.000000,2.386508e+07,1.551319e+07,5.824000e+01,6.342336e+06,3.554652e+01,,,1.389678e+00,4
2018-04-23 04:31:11.000000,2.386518e+07,1.547469e+07,5.818000e+01,6.340821e+06,3.556391e+01,,,1.390345e+00,4
2018-04-23 04:31:12.000000,2.386527e+07,1.543620e+07,5.812000e+01,6.338927e+06,3.558130e+01,,,1.391012e+00,4
2018-04-23 04:31:13.000000,2.386536e+07,1.539770e+07,5.806000e+01,6.337033e+06,3.559870e+01,,,1.391679e+00,4
2018-04-23 04:31:14.000000,2.386546e+07,1.535920e+07,5.800000e+01,6.335139e+06,3.561609e+01,,,1.392307e+00,4
2018-04-23 04:31:15.000000,2.386555e+07,1.543045e+07,5.817600e+01,6.333245e+06,3.563348e+01,,,1.392936e+00,4
2018-04-23 04:31:16.000000,2.386565e+07,1.550170e+07,5.835200e+01,6.331351e+06,3.565087e+01,,,1.393565e+00,4
2018-04-23 04:31:17.000000,2.386574e+07,1.563729e+07,5.851400e+01,6.329457e+06,3.566826e+01,,,1.394194e+00,4
2018-04-23 04:31:18.000000,2.386584e+07,1.577289e+07,5.867600e+01,6.327563e+06,3.568565e+01,,,1.394823e+00,4
2018-04-23 04:31:19.000000,2.386593e+07,1.569130e+07,5.841400e+01,6.325669e+06,3.570304e+01,,,1.395452e+00,4
2018-04-23 04:31:20.000000,2.386602e+07,1.560971e+07,5.815200e+01,6.323775e+06,3.572044e+01,,,1.396081e+00,4
2018-04-23 04:31:21.000000,2.386612e+07,1.550399e+07,5.795600e+01,6.321881e+06,3.573783e+01,,,1.396710e+00,4
2018-04-23 04:31:22.000000,2.386621e+07,1.539827e+07,5.776000e+01,6.319987e+06,3.575522e+01,,,1.397338e+00,4
2018-04-23 04:31:23.000000,2.386631e+07,1.539885e+07,5.779900e+01,6.325366e+06,3.577261e+01,,,1.397967e+00,4
2018-04-23 04:31:24.000000,2.386640e+07,1.539942e+07,5.783800e+01,6.330745e+06,3.579000e+01,,,1.398596e+00,4
2018-04-23 04:31:25.000000,2.386649e+07,1.540000e+07,5.787700e+01,6.336124e+06,3.578464e+01,,,1.399407e+00,4
2018-04-23 04:31:26.000000,2.386659e+07,1.540057e+07,5.791600e+01,6.341502e+06,3.577928e+01,,,1.400219e+00,4
2018-04-23 04:31:27.000000,2.386668e+07,1.543275e+07,5.797000e+01,6.346881e+06,3.577391e+01,,,1.401030e+00,4
2018-04-23 04:31:28.000000,2.386678e+07,1.546492e+07,5.802400e+01,6.352260e+06,3.576855e+01,,,1.401842e+00,4
2018-04-23 04:31:29.000000,2.386687e+07,1.562350e+07,5.829000e+01,6.357639e+06,3.576319e+01,,,1.402653e+00,4
2018-04-23 04:31:30.000000,2.386697e+07,1.578208e+07,5.855600e+01,6.363018e+06,3.575783e+01,,,1.403464e+00,4
2018-04-23 04:31:31.000000,2.386706e+07,1.573842e+07,5.860200e+01,6.368396e+06,3.575246e+01,,,1.404276e+00,4
2018-04-23 04:31:32.000000,2.386715e+07,1.569475e+07,5.864800e+01,6.373775e+06,3.574710e+01,,,1.405087e+00,4
2018-04-23 04:31:33.000000,2.386725e+07,1.552812e+07,5.834000e+01,6.379154e+06,3.574174e+01,,,1.405899e+00,4
2018-04-23 04:31:34.000000,2.386734e+07,1.536150e+07,5.803200e+01,6.381881e+06,3.573638e+01,,,1.406710e+00,4
2018-04-23 04:31:35.000000,2.386744e+07,1.538448e+07,5.804400e+01,6.384609e+06,3.573101e+01,,,1.407522e+00,4
2018-04-23 04:31:36.000000,2.386753e+07,1.540747e+07,5.805600e+01,6.387336e+06,3.572565e+01,,,1.405049e+00,4
2018-04-23 04:31:37.000000,2.386753e+07,1.543045e+07,5.806800e+01,6.390063e+06,3.572029e+01,,,1.402576e+00,4
2018-04-23 04:31:38.000000,2.386753e+07,1.545343e+07,5.808000e+01,6.392791e+06,3.571493e+01,,,1.400104e+00,4
2018-04-23 04:31:39.000000,2.386752e+07,1.560052e+07,5.837400e+01,6.395518e+06,3.570956e+01,,,1.397631e+00,4
2018-04-23 04:31:40.000000,2.386752e+07,1.574761e+07,5.866800e+01,6.398245e+06,3.570420e+01,,,1.395158e+00,4
2018-04-23 04:31:41.000000,2.386752e+07,1.565568e+07,5.847600e+01,6.400973e+06,3.569884e+01,,,1.392686e+00,4
2018-04-23 04:31:42.000000,2.386752e+07,1.556375e+07,5.828400e+01,6.403700e+06,3.569348e+01,,,1.390213e+00,4
2018-04-23 04:31:43.000000,2.386751e+07,1.547986e+07,5.809400e+01,6.406427e+06,3.568812e+01,,,1.387740e+00,4
2018-04-23 04:31:44.000000,2.386751e+07,1.539597e+07,5.790400e+01,6.409154e+06,3.568275e+01,,,1.385268e+00,4
2018-04-23 04:31:45.000000,2.386751e+07,1.557754e+07,5.820600e+01,6.408624e+06,3.567739e+01,,,1.382795e+00,4
2018-04-23 04:31:46.000000,2.386750e+07,1.575910e+07,5.850800e+01,6.408094e+06,3.567203e+01,,,1.380322e+00,4
2018-04-23 04:31:47.000000,2.386750e+07,1.566487e+07,5.837400e+01,6.407563e+06,3.566667e+01,,,1.382410e+00,4
2018-04-23 04:31:48.000000,2.386750e+07,1.557064e+07,5.824000e+01,6.407033e+06,3.566130e+01,,,1.384497e+00,4
2018-04-23 04:31:49.000000,2.386750e+07,1.548561e+07,5.803800e+01,6.406503e+06,3.565594e+01,,,1.386584e+00,4
2018-04-23 04:31:50.000000,2.386749e+07,1.540057e+07,5.783600e+01,6.405972e+06,3.565058e+01,,,1.388672e+00,4
2018-04-23 04:31:51.000000,2.386749e+07,1.549538e+07,5.796100e+01,6.405442e+06,3.564522e+01,,,1.390759e+00,4
2018-04-23 04:31:52.000000,2.386749e+07,1.559018e+07,5.808600e+01,6.404912e+06,3.563985e+01,,,1.392847e+00,4
2018-04-23 04:31:53.000000,2.386749e+07,1.568498e+07,5.821100e+01,6.404381e+06,3.563449e+01,,,1.394934e+00,4
2018-04-23 04:31:54.000000,2.386749e+07,1.577978e+07,5.833600e+01,6.403851e+06,3.562913e+01,,,1.397021e+00,4
2018-04-23 04:31:55.000000,2.386748e+07,1.570969e+07,5.823100e+01,6.403321e+06,3.562377e+01,,,1.399109e+00,4
2018-04-23 04:31:56.000000,2.386748e+07,1.563959e+07,5.812600e+01,6.398851e+06,3.561840e+01,,,1.401196e+00,4
2018-04-23 04:31:57.000000,2.386748e+07,1.556949e+07,5.802100e+01,6.394381e+06,3.561304e+01,,,1.403283e+00,4
2018-04-23 04:31:58.000000,2.386747e+07,1.549940e+07,5.791600e+01,6.389912e+06,3.560768e+01,,,1.400865e+00,4
2018-04-23 04:31:59.000000,2.386747e+07,1.543160e+07,5.778600e+01,6.385442e+06,3.560232e+01,,,1.398447e+00,4
2018-04-23 04:32:00.000000,2.386747e+07,1.536380e+07,5.765600e+01,6.380972e+06,3.559695e+01,,,1.396028e+00,4
2018-04-23 04:32:01.000000,2.386747e+07,1.546722e+07,5.792200e+01,6.376503e+06,3.559159e+01,,,1.393610e+00,4
2018-04-23 04:32:02.000000,2.386746e+07,1.557064e+07,5.818800e+01,6.372033e+06,3.558623e+01,,,1.391191e+00,4
2018-04-23 04:32:03.000000,2.386746e+07,1.567177e+07,5.834200e+01,6.367563e+06,3.558087e+01,,,1.388773e+00,4
2018-04-23 04:32:04.000000,2.386746e+07,1.577289e+07,5.849600e+01,6.363094e+06,3.557551e+01,,,1.386354e+00,4
2018-04-23 04:32:05.000000,2.386746e+07,1.565798e+07,5.831200e+01,6.358624e+06,3.557014e+01,,,1.383936e+00,4
2018-04-23 04:32:06.000000,2.386745e+07,1.554306e+07,5.812800e+01,6.354154e+06,3.556478e+01,,,1.381517e+00,4
2018-04-23 04:32:07.000000,2.386745e+07,1.547067e+07,5.804800e+01,6.344836e+06,3.555942e+01,,,1.379099e+00,4
2018-04-23 04:32:08.000000,2.386745e+07,1.539827e+07,5.796800e+01,6.335518e+06,3.555406e+01,,,1.376681e+00,4
2018-04-23 04:32:09.000000,2.386733e+07,1.540977e+07,5.795200e+01,6.326200e+06,3.554869e+01,,,1.380348e+00,4
2018-04-23 04:32:10.000000,2.386721e+07,1.542126e+07,5.793600e+01,6.316881e+06,3.554333e+01,,,1.384016e+00,4
2018-04-23 04:32:11.000000,2.386709e+07,1.543275e+07,5.792000e+01,6.307563e+06,3.553797e+01,,,1.387683e+00,4
2018-04-23 04:32:12.000000,2.386697e+07,1.544424e+07,5.790400e+01,6.298245e+06,3.553261e+01,,,1.391351e+00,4
2018-04-23 04:32:13.000000,2.386685e+07,1.554191e+07,5.804200e+01,6.288927e+06,3.552724e+01,,,1.395018e+00,4
2018-04-23 04:32:14.000000,2.386673e+07,1.563959e+07,5.818000e+01,6.279609e+06,3.552188e+01,,,1.398686e+00,4
2018-04-23 04:32:15.000000,2.386661e+07,1.570739e+07,5.830200e+01,6.270291e+06,3.551652e+01,,,1.402354e+00,4
2018-04-23 04:32:16.000000,2.386649e+07,1.577519e+07,5.842400e+01,6.260973e+06,3.551116e+01,,,1.406021e+00,4
2018-04-23 04:32:17.000000,2.386637e+07,1.570509e+07,5.838600e+01,6.251654e+06,3.550579e+01,,,1.409689e+00,4
2018-04-23 04:32:18.000000,2.386625e+07,1.563499e+07,5.834800e+01,6.244458e+06,3.550043e+01,,,1.413356e+00,4
2018-04-23 04:32:19.000000,2.386613e+07,1.552238e+07,5.805600e+01,6.237260e+06,3.549507e+01,,,1.417024e+00,4
2018-04-23 04:32:20.000000,2.386600e+07,1.540977e+07,5.776400e+01,6.230063e+06,3.548971e+01,,,1.415700e+00,4
2018-04-23 04:32:21.000000,2.386588e+07,1.540287e+07,5.768800e+01,6.222867e+06,3.548435e+01,,,1.414376e+00,4
2018-04-23 04:32:22.000000,2.386576e+07,1.539597e+07,5.761200e+01,6.215669e+06,3.547898e+01,,,1.413052e+00,4
2018-04-23 04:32:23.000000,2.386564e+07,1.546147e+07,5.768800e+01,6.208473e+06,3.547362e+01,,,1.411728e+00,4
2018-04-23 04:32:24.000000,2.386552e+07,1.552697e+07,5.776400e+01,6.201275e+06,3.546826e+01,,,1.410404e+00,4
2018-04-23 04:32:25.000000,2.386540e+07,1.559248e+07,5.784000e+01,6.194079e+06,3.546290e+01,,,1.409081e+00,4
2018-04-23 04:32:26.000000,2.386528e+07,1.565798e+07,5.791600e+01,6.186882e+06,3.545753e+01,,,1.407757e+00,4
2018-04-23 04:32:27.000000,2.386516e+07,1.571084e+07,5.816600e+01,6.179685e+06,3.545217e+01,,,1.406433e+00,4
2018-04-23 04:32:28.000000,2.386504e+07,1.576370e+07,5.841600e+01,6.172488e+06,3.544681e+01,,,1.405109e+00,4
2018-04-23 04:32:29.000000,2.386492e+07,1.569934e+07,5.834800e+01,6.174761e+06,3.544145e+01,,,1.403785e+00,4
2018-04-23 04:32:30.000000,2.386480e+07,1.563499e+07,5.828000e+01,6.177033e+06,3.543608e+01,,,1.402461e+00,4
2018-04-23 04:32:31.000000,2.386468e+07,1.555341e+07,5.817200e+01,6.179306e+06,3.543072e+01,,,1.402956e+00,4
2018-04-23 04:32:32.000000,2.386456e+07,1.547182e+07,5.806400e+01,6.181579e+06,3.542536e+01,,,1.403451e+00,4
2018-04-23 04:32:33.000000,2.386444e+07,1.551778e+07,5.815400e+01,6.183852e+06,3.542000e+01,,,1.403945e+00,4
2018-04-23 04:32:34.000000,2.386432e+07,1.556375e+07,5.824400e+01,6.186124e+06,3.536043e+01,,,1.404440e+00,4
2018-04-23 04:32:35.000000,2.386420e+07,1.560799e+07,5.833500e+01,6.188397e+06,3.530087e+01,,,1.404935e+00,4
2018-04-23 04:32:36.000000,2.386408e+07,1.565223e+07,5.842600e+01,6.190669e+06,3.524130e+01,,,1.405429e+00,4
2018-04-23 04:32:37.000000,2.386396e+07,1.569647e+07,5.851700e+01,6.192942e+06,3.518174e+01,,,1.405924e+00,4
2018-04-23 04:32:38.000000,2.386384e+07,1.574071e+07,5.860800e+01,6.195215e+06,3.512217e+01,,,1.406419e+00,4
2018-04-23 04:32:39.000000,2.386372e+07,1.565798e+07,5.840400e+01,6.197488e+06,3.506261e+01,,,1.406914e+00,4
2018-04-23 04:32:40.000000,2.386360e+07,1.557524e+07,5.820000e+01,6.187942e+06,3.500304e+01,,,1.407408e+00,4
2018-04-23 04:32:41.000000,2.386348e+07,1.545688e+07,5.809200e+01,6.178397e+06,3.494348e+01,,,1.407903e+00,4
2018-04-23 04:32:42.000000,2.386336e+07,1.533852e+07,5.798400e+01,6.168852e+06,3.488391e+01,,,1.406430e+00,4
2018-04-23 04:32:43.000000,2.386300e+07,1.538448e+07,5.799400e+01,6.159306e+06,3.482434e+01,,,1.404957e+00,4
2018-04-23 04:32:44.000000,2.386264e+07,1.543045e+07,5.800400e+01,6.149761e+06,3.476478e+01,,,1.403484e+00,4
2018-04-23 04:32:45.000000,2.386228e+07,1.558788e+07,5.819800e+01,6.140215e+06,3.470522e+01,,,1.402011e+00,4
2018-04-23 04:32:46.000000,2.386192e+07,1.574531e+07,5.839200e+01,6.130669e+06,3.464565e+01,,,1.400538e+00,4
2018-04-23 04:32:47.000000,2.386156e+07,1.572578e+07,5.835600e+01,6.121124e+06,3.458609e+01,,,1.399065e+00,4
2018-04-23 04:32:48.000000,2.386121e+07,1.570624e+07,5.832000e+01,6.111579e+06,3.452652e+01,,,1.397592e+00,4
2018-04-23 04:32:49.000000,2.386085e+07,1.568670e+07,5.828400e+01,6.102033e+06,3.446696e+01,,,1.396119e+00,4
2018-04-23 04:32:50.000000,2.386049e+07,1.566717e+07,5.824800e+01,6.092488e+06,3.440739e+01,,,1.394646e+00,4
2018-04-23 04:32:51.000000,2.386013e+07,1.549710e+07,5.801600e+01,6.079609e+06,3.434782e+01,,,1.393173e+00,4
2018-04-23 04:32:52.000000,2.385977e+07,1.532703e+07,5.778400e+01,6.066730e+06,3.428826e+01,,,1.391699e+00,4
2018-04-23 04:32:53.000000,2.385941e+07,1.543275e+07,5.806000e+01,6.053852e+06,3.422869e+01,,,1.391894e+00,4
2018-04-23 04:32:54.000000,2.385905e+07,1.553847e+07,5.833600e+01,6.040973e+06,3.416913e+01,,,1.392088e+00,4
2018-04-23 04:32:55.000000,2.385869e+07,1.563384e+07,5.850600e+01,6.028094e+06,3.410957e+01,,,1.392283e+00,4
2018-04-23 04:32:56.000000,2.385833e+07,1.572922e+07,5.867600e+01,6.015215e+06,3.405000e+01,,,1.392477e+00,4
2018-04-23 04:32:57.000000,2.385798e+07,1.554077e+07,5.836800e+01,6.002336e+06,3.401978e+01,,,1.392671e+00,4
2018-04-23 04:32:58.000000,2.385762e+07,1.535231e+07,5.806000e+01,5.989458e+06,3.398956e+01,,,1.392866e+00,4
2018-04-23 04:32:59.000000,2.385726e+07,1.536667e+07,5.799900e+01,5.976579e+06,3.395935e+01,,,1.393060e+00,4
2018-04-23 04:33:00.000000,2.385690e+07,1.538104e+07,5.793800e+01,5.963700e+06,3.392913e+01,,,1.393255e+00,4
2018-04-23 04:33:01.000000,2.385654e+07,1.539540e+07,5.787700e+01,5.950821e+06,3.389891e+01,,,1.393449e+00,4
2018-04-23 04:33:02.000000,2.385618e+07,1.540977e+07,5.781600e+01,5.954836e+06,3.386869e+01,,,1.393644e+00,4
2018-04-23 04:33:03.000000,2.385582e+07,1.557524e+07,5.814200e+01,5.958852e+06,3.383848e+01,,,1.393838e+00,4
2018-04-23 04:33:04.000000,2.385546e+07,1.574071e+07,5.846800e+01,5.962867e+06,3.380826e+01,,,1.394829e+00,4
2018-04-23 04:33:05.000000,2.385510e+07,1.560052e+07,5.816200e+01,5.966882e+06,3.377804e+01,,,1.395821e+00,4
2018-04-23 04:33:06.000000,2.385475e+07,1.546033e+07,5.785600e+01,5.970897e+06,3.374783e+01,,,1.396812e+00,4
2018-04-23 04:33:07.000000,2.385439e+07,1.538908e+07,5.783600e+01,5.974912e+06,3.371761e+01,,,1.397804e+00,4
2018-04-23 04:33:08.000000,2.385403e+07,1.531783e+07,5.781600e+01,5.978927e+06,3.368739e+01,,,1.398796e+00,4
2018-04-23 04:33:09.000000,2.385367e+07,1.540977e+07,5.813600e+01,5.982942e+06,3.365717e+01,,,1.399787e+00,4
2018-04-23 04:33:10.000000,2.385331e+07,1.550170e+07,5.845600e+01,5.986958e+06,3.362696e+01,,,1.400779e+00,4
2018-04-23 04:33:11.000000,2.385295e+07,1.555168e+07,5.857700e+01,5.990973e+06,3.359674e+01,,,1.401770e+00,4
2018-04-23 04:33:12.000000,2.385259e+07,1.560167e+07,5.869800e+01,5.994988e+06,3.356652e+01,,,1.402762e+00,4
2018-04-23 04:33:13.000000,2.385223e+07,1.565166e+07,5.881900e+01,6.003169e+06,3.353630e+01,,,1.403753e+00,4
2018-04-23 04:33:14.000000,2.385187e+07,1.570164e+07,5.894000e+01,6.011352e+06,3.350609e+01,,,1.404745e+00,4
2018-04-23 04:33:15.000000,2.385150e+07,1.556260e+07,5.863600e+01,6.019533e+06,3.347587e+01,,,1.405621e+00,4
2018-04-23 04:33:16.000000,2.385113e+07,1.542355e+07,5.833200e+01,6.027715e+06,3.344565e+01,,,1.406496e+00,4
2018-04-23 04:33:17.000000,2.385075e+07,1.537989e+07,5.819600e+01,6.035897e+06,3.341544e+01,,,1.407372e+00,4
2018-04-23 04:33:18.000000,2.385038e+07,1.533622e+07,5.806000e+01,6.044079e+06,3.338522e+01,,,1.408248e+00,4
2018-04-23 04:33:19.000000,2.385000e+07,1.551319e+07,5.832600e+01,6.052261e+06,3.335500e+01,,,1.409124e+00,4
2018-04-23 04:33:20.000000,2.384963e+07,1.569015e+07,5.859200e+01,6.060442e+06,3.332478e+01,,,1.410000e+00,4
2018-04-23 04:33:21.000000,2.384926e+07,1.562580e+07,5.844800e+01,6.068624e+06,3.329456e+01,,,1.410876e+00,4
2018-04-23 04:33:22.000000,2.384888e+07,1.556145e+07,5.830400e+01,6.076806e+06,3.326435e+01,,,1.411752e+00,4
2018-04-23 04:33:23.000000,2.384851e+07,1.549423e+07,5.817300e+01,6.084988e+06,3.323413e+01,,,1.412627e+00,4
2018-04-23 04:33:24.000000,2.384813e+07,1.542700e+07,5.804200e+01,6.084533e+06,3.320391e+01,,,1.413503e+00,4
2018-04-23 04:33:25.000000,2.384776e+07,1.535978e+07,5.791100e+01,6.084079e+06,3.317369e+01,,,1.414379e+00,4
2018-04-23 04:33:26.000000,2.384739e+07,1.529255e+07,5.778000e+01,6.083624e+06,3.314348e+01,,,1.414999e+00,4
2018-04-23 04:33:27.000000,2.384701e+07,1.543505e+07,5.809200e+01,6.083169e+06,3.311326e+01,,,1.415620e+00,4
2018-04-23 04:33:28.000000,2.384664e+07,1.557754e+07,5.840400e+01,6.082715e+06,3.308304e+01,,,1.416240e+00,4
2018-04-23 04:33:29.000000,2.384626e+07,1.563614e+07,5.858600e+01,6.082261e+06,3.305283e+01,,,1.416860e+00,4
2018-04-23 04:33:30.000000,2.384589e+07,1.569475e+07,5.876800e+01,6.081806e+06,3.302261e+01,,,1.417481e+00,4
2018-04-23 04:33:31.000000,2.384552e+07,1.554077e+07,5.851800e+01,6.081352e+06,3.299239e+01,,,1.418101e+00,4
2018-04-23 04:33:32.000000,2.384514e+07,1.538678e+07,5.826800e+01,6.080897e+06,3.296217e+01,,,1.418721e+00,4
2018-04-23 04:33:33.000000,2.384477e+07,1.533392e+07,5.812800e+01,6.080442e+06,3.293196e+01,,,1.419341e+00,4
2018-04-23 04:33:34.000000,2.384439e+07,1.528106e+07,5.798800e+01,6.079988e+06,3.290174e+01,,,1.419962e+00,4
2018-04-23 04:33:35.000000,2.384402e+07,1.533852e+07,5.800700e+01,6.070063e+06,3.287152e+01,,,1.420582e+00,4
2018-04-23 04:33:36.000000,2.384365e+07,1.539597e+07,5.802600e+01,6.060139e+06,3.284130e+01,,,1.421202e+00,4
2018-04-23 04:33:37.000000,2.384327e+07,1.545343e+07,5.804500e+01,6.050215e+06,3.281109e+01,,,1.421657e+00,4
2018-04-23 04:33:38.000000,2.384290e+07,1.551089e+07,5.806400e+01,6.040291e+06,3.278087e+01,,,1.422112e+00,4
2018-04-23 04:33:39.000000,2.384252e+07,1.560282e+07,5.835600e+01,6.030367e+06,3.275065e+01,,,1.422567e+00,4
2018-04-23 04:33:40.000000,2.384215e+07,1.569475e+07,5.864800e+01,6.020442e+06,3.272044e+01,,,1.423022e+00,4
2018-04-23 04:33:41.000000,2.384178e+07,1.556260e+07,5.847800e+01,6.010518e+06,3.269022e+01,,,1.423477e+00,4
2018-04-23 04:33:42.000000,2.384140e+07,1.543045e+07,5.830800e+01,6.000594e+06,3.266000e+01,,,1.423932e+00,4
2018-04-23 04:33:43.000000,2.384103e+07,1.536150e+07,5.815800e+01,5.990670e+06,3.267783e+01,,,1.424386e+00,4
2018-04-23 04:33:44.000000,2.384065e+07,1.529255e+07,5.800800e+01,5.980746e+06,3.269565e+01,,,1.424841e+00,4
2018-04-23 04:33:45.000000,2.384077e+07,1.543505e+07,5.837400e+01,5.970821e+06,3.271348e+01,,,1.425296e+00,4
2018-04-23 04:33:46.000000,2.384088e+07,1.557754e+07,5.874000e+01,5.961503e+06,3.273130e+01,,,1.425751e+00,4
2018-04-23 04:33:47.000000,2.384100e+07,1.558903e+07,5.878500e+01,5.952185e+06,3.274913e+01,,,1.426206e+00,4
2018-04-23 04:33:48.000000,2.384111e+07,1.560052e+07,5.883000e+01,5.942867e+06,3.276696e+01,,,1.424555e+00,4
2018-04-23 04:33:49.000000,2.384123e+07,1.561201e+07,5.887500e+01,5.933548e+06,3.278478e+01,,,1.422904e+00,4
2018-04-23 04:33:50.000000,2.384134e+07,1.562350e+07,5.892000e+01,5.924230e+06,3.280261e+01,,,1.421253e+00,4
2018-04-23 04:33:51.000000,2.384146e+07,1.545688e+07,5.867600e+01,5.914912e+06,3.282043e+01,,,1.419602e+00,4
2018-04-23 04:33:52.000000,2.384157e+07,1.529026e+07,5.843200e+01,5.905594e+06,3.283826e+01,,,1.417951e+00,4
2018-04-23 04:33:53.000000,2.384169e+07,1.539138e+07,5.855000e+01,5.896276e+06,3.285609e+01,,,1.416300e+00,4
2018-04-23 04:33:54.000000,2.384180e+07,1.549250e+07,5.866800e+01,5.886958e+06,3.287391e+01,,,1.414649e+00,4
2018-04-23 04:33:55.000000,2.384192e+07,1.560167e+07,5.884000e+01,5.877640e+06,3.289174e+01,,,1.412998e+00,4
2018-04-23 04:33:56.000000,2.384203e+07,1.571084e+07,5.901200e+01,5.868321e+06,3.290956e+01,,,1.411347e+00,4
2018-04-23 04:33:57.000000,2.384215e+07,1.561891e+07,5.885600e+01,5.873094e+06,3.292739e+01,,,1.409696e+00,4
2018-04-23 04:33:58.000000,2.384226e+07,1.552698e+07,5.870000e+01,5.877867e+06,3.294522e+01,,,1.408045e+00,4
2018-04-23 04:33:59.000000,2.384238e+07,1.540977e+07,5.852200e+01,5.882640e+06,3.296304e+01,,,1.409830e+00,4
2018-04-23 04:34:00.000000,2.384249e+07,1.529255e+07,5.834400e+01,5.887412e+06,3.298087e+01,,,1.411614e+00,4
2018-04-23 04:34:01.000000,2.384261e+07,1.538621e+07,5.847200e+01,5.892185e+06,3.299870e+01,,,1.413399e+00,4
2018-04-23 04:34:02.000000,2.384272e+07,1.547986e+07,5.860000e+01,5.896958e+06,3.301652e+01,,,1.415183e+00,4
2018-04-23 04:34:03.000000,2.384284e+07,1.557352e+07,5.872800e+01,5.901730e+06,3.303435e+01,,,1.416968e+00,4
2018-04-23 04:34:04.000000,2.384295e+07,1.566717e+07,5.885600e+01,5.906503e+06,3.305217e+01,,,1.418752e+00,4
2018-04-23 04:34:05.000000,2.384307e+07,1.558903e+07,5.867400e+01,5.911276e+06,3.307000e+01,,,1.420536e+00,4
2018-04-23 04:34:06.000000,2.384318e+07,1.551089e+07,5.849200e+01,5.916048e+06,3.306478e+01,,,1.422321e+00,4
2018-04-23 04:34:07.000000,2.384330e+07,1.543275e+07,5.831000e+01,5.920821e+06,3.305957e+01,,,1.424105e+00,4
2018-04-23 04:34:08.000000,2.384341e+07,1.535461e+07,5.812800e+01,5.936655e+06,3.305435e+01,,,1.425890e+00,4
2018-04-23 04:34:09.000000,2.384353e+07,1.535231e+07,5.816800e+01,5.952488e+06,3.304913e+01,,,1.427674e+00,4
2018-04-23 04:34:10.000000,2.384364e+07,1.535001e+07,5.820800e+01,5.968321e+06,3.304391e+01,,,1.425523e+00,4
2018-04-23 04:34:11.000000,2.384376e+07,1.550399e+07,5.843800e+01,5.984155e+06,3.303870e+01,,,1.423372e+00,4
2018-04-23 04:34:12.000000,2.384387e+07,1.565798e+07,5.866800e+01,5.999988e+06,3.303348e+01,,,1.421221e+00,4
2018-04-23 04:34:13.000000,2.384399e+07,1.560856e+07,5.859000e+01,6.015821e+06,3.302826e+01,,,1.419070e+00,4
2018-04-23 04:34:14.000000,2.384410e+07,1.555915e+07,5.851200e+01,6.031654e+06,3.302304e+01,,,1.416919e+00,4
2018-04-23 04:34:15.000000,2.384422e+07,1.545918e+07,5.840200e+01,6.047488e+06,3.301783e+01,,,1.414768e+00,4
2018-04-23 04:34:16.000000,2.384433e+07,1.535920e+07,5.829200e+01,6.063321e+06,3.301261e+01,,,1.412617e+00,4
2018-04-23 04:34:17.000000,2.384445e+07,1.544309e+07,5.846000e+01,6.079154e+06,3.300739e+01,,,1.410466e+00,4
2018-04-23 04:34:18.000000,2.384456e+07,1.552698e+07,5.862800e+01,6.094988e+06,3.300217e+01,,,1.408315e+00,4
2018-04-23 04:34:19.000000,2.384477e+07,1.561086e+07,5.879600e+01,6.100821e+06,3.299696e+01,,,1.406164e+00,4
2018-04-23 04:34:20.000000,2.384498e+07,1.569475e+07,5.896400e+01,6.106654e+06,3.299174e+01,,,1.404013e+00,4
2018-04-23 04:34:21.000000,2.384518e+07,1.563499e+07,5.890700e+01,6.112488e+06,3.298652e+01,,,1.402646e+00,4
2018-04-23 04:34:22.000000,2.384539e+07,1.557524e+07,5.885000e+01,6.118321e+06,3.298130e+01,,,1.401278e+00,4
2018-04-23 04:34:23.000000,2.384559e+07,1.551548e+07,5.879300e+01,6.124154e+06,3.297609e+01,,,1.399911e+00,4
2018-04-23 04:34:24.000000,2.384580e+07,1.545573e+07,5.873600e+01,6.129988e+06,3.297087e+01,,,1.398543e+00,4
2018-04-23 04:34:25.000000,2.384601e+07,1.535805e+07,5.852200e+01,6.135821e+06,3.296565e+01,,,1.397176e+00,4
2018-04-23 04:34:26.000000,2.384621e+07,1.526038e+07,5.830800e+01,6.141654e+06,3.296043e+01,,,1.395809e+00,4
2018-04-23 04:34:27.000000,2.384642e+07,1.531783e+07,5.838000e+01,6.147488e+06,3.295522e+01,,,1.394441e+00,4
2018-04-23 04:34:28.000000,2.384662e+07,1.537529e+07,5.845200e+01,6.153321e+06,3.295000e+01,,,1.393074e+00,4
2018-04-23 04:34:29.000000,2.384683e+07,1.553157e+07,5.870800e+01,6.159154e+06,3.297457e+01,,,1.391706e+00,4
2018-04-23 04:34:30.000000,2.384704e+07,1.568785e+07,5.896400e+01,6.156427e+06,3.299913e+01,,,1.390339e+00,4
2018-04-23 04:34:31.000000,2.384724e+07,1.560282e+07,5.883800e+01,6.153700e+06,3.302370e+01,,,1.388972e+00,4
2018-04-23 04:34:32.000000,2.384745e+07,1.551778e+07,5.871200e+01,6.150973e+06,3.304826e+01,,,1.391830e+00,4
2018-04-23 04:34:33.000000,2.384766e+07,1.545343e+07,5.855000e+01,6.148245e+06,3.307283e+01,,,1.394688e+00,4
2018-04-23 04:34:34.000000,2.384786e+07,1.538908e+07,5.838800e+01,6.145518e+06,3.309739e+01,,,1.397546e+00,4
2018-04-23 04:34:35.000000,2.384807e+07,1.532473e+07,5.822600e+01,6.142791e+06,3.312196e+01,,,1.400404e+00,4
2018-04-23 04:34:36.000000,2.384827e+07,1.526038e+07,5.806400e+01,6.140063e+06,3.314652e+01,,,1.403262e+00,4
2018-04-23 04:34:37.000000,2.384848e+07,1.538219e+07,5.831800e+01,6.137336e+06,3.317109e+01,,,1.406120e+00,4
2018-04-23 04:34:38.000000,2.384869e+07,1.550399e+07,5.857200e+01,6.134609e+06,3.319565e+01,,,1.408978e+00,4
2018-04-23 04:34:39.000000,2.384889e+07,1.557524e+07,5.871800e+01,6.131881e+06,3.322022e+01,,,1.411836e+00,4
2018-04-23 04:34:40.000000,2.384910e+07,1.564648e+07,5.886400e+01,6.129154e+06,3.324479e+01,,,1.414693e+00,4
2018-04-23 04:34:41.000000,2.384931e+07,1.554421e+07,5.873000e+01,6.122412e+06,3.326935e+01,,,1.417552e+00,4
2018-04-23 04:34:42.000000,2.384951e+07,1.544194e+07,5.859600e+01,6.115669e+06,3.329391e+01,,,1.420409e+00,4
2018-04-23 04:34:43.000000,2.384972e+07,1.538448e+07,5.847400e+01,6.108927e+06,3.331848e+01,,,1.419719e+00,4
2018-04-23 04:34:44.000000,2.384992e+07,1.532703e+07,5.835200e+01,6.102185e+06,3.334304e+01,,,1.419029e+00,4
2018-04-23 04:34:45.000000,2.385013e+07,1.539368e+07,5.844900e+01,6.095442e+06,3.336761e+01,,,1.418339e+00,4
2018-04-23 04:34:46.000000,2.385034e+07,1.546033e+07,5.854600e+01,6.088700e+06,3.339217e+01,,,1.417649e+00,4
2018-04-23 04:34:47.000000,2.385054e+07,1.552698e+07,5.864300e+01,6.081958e+06,3.341674e+01,,,1.416959e+00,4
2018-04-23 04:34:48.000000,2.385075e+07,1.559362e+07,5.874000e+01,6.075215e+06,3.344131e+01,,,1.416268e+00,4
2018-04-23 04:34:49.000000,2.385096e+07,1.565568e+07,5.890200e+01,6.068473e+06,3.346587e+01,,,1.415578e+00,4
2018-04-23 04:34:50.000000,2.385116e+07,1.571773e+07,5.906400e+01,6.061730e+06,3.349044e+01,,,1.414888e+00,4
2018-04-23 04:34:51.000000,2.385132e+07,1.557524e+07,5.876400e+01,6.054988e+06,3.351500e+01,,,1.414198e+00,4
2018-04-23 04:34:52.000000,2.385148e+07,1.543275e+07,5.846400e+01,6.043700e+06,3.353957e+01,,,1.413508e+00,4
2018-04-23 04:34:53.000000,2.385164e+07,1.536725e+07,5.834200e+01,6.032412e+06,3.356413e+01,,,1.412818e+00,4
2018-04-23 04:34:54.000000,2.385180e+07,1.530175e+07,5.822000e+01,6.021124e+06,3.358870e+01,,,1.412461e+00,4
2018-04-23 04:34:55.000000,2.385195e+07,1.543619e+07,5.826200e+01,6.009836e+06,3.361326e+01,,,1.412104e+00,4
2018-04-23 04:34:56.000000,2.385211e+07,1.557064e+07,5.830400e+01,5.998548e+06,3.363783e+01,,,1.411748e+00,4
2018-04-23 04:34:57.000000,2.385227e+07,1.560282e+07,5.835700e+01,5.987261e+06,3.366239e+01,,,1.411391e+00,4
2018-04-23 04:34:58.000000,2.385243e+07,1.563499e+07,5.841000e+01,5.975973e+06,3.368696e+01,,,1.411034e+00,4
2018-04-23 04:34:59.000000,2.385259e+07,1.566717e+07,5.846300e+01,5.964685e+06,3.371152e+01,,,1.410678e+00,4
2018-04-23 04:35:00.000000,2.385275e+07,1.569935e+07,5.851600e+01,5.953397e+06,3.373609e+01,,,1.410321e+00,4
2018-04-23 04:35:01.000000,2.385291e+07,1.562350e+07,5.845600e+01,5.942109e+06,3.376065e+01,,,1.409964e+00,4
2018-04-23 04:35:02.000000,2.385307e+07,1.554766e+07,5.839600e+01,5.930821e+06,3.378522e+01,,,1.409608e+00,4
2018-04-23 04:35:03.000000,2.385322e+07,1.543390e+07,5.832800e+01,5.921503e+06,3.380978e+01,,,1.409251e+00,4
2018-04-23 04:35:04.000000,2.385338e+07,1.532013e+07,5.826000e+01,5.912185e+06,3.383435e+01,,,1.408894e+00,4
2018-04-23 04:35:05.000000,2.385354e+07,1.530864e+07,5.814000e+01,5.902867e+06,3.385891e+01,,,1.408238e+00,4
2018-04-23 04:35:06.000000,2.385370e+07,1.529715e+07,5.802000e+01,5.893548e+06,3.388348e+01,,,1.407581e+00,4
2018-04-23 04:35:07.000000,2.385386e+07,1.548446e+07,5.833800e+01,5.884230e+06,3.390805e+01,,,1.406924e+00,4
2018-04-23 04:35:08.000000,2.385402e+07,1.567177e+07,5.865600e+01,5.874912e+06,3.393261e+01,,,1.406268e+00,4
2018-04-23 04:35:09.000000,2.385417e+07,1.567406e+07,5.864600e+01,5.865594e+06,3.395718e+01,,,1.405611e+00,4
2018-04-23 04:35:10.000000,2.385433e+07,1.567636e+07,5.863600e+01,5.856276e+06,3.398174e+01,,,1.404954e+00,4
2018-04-23 04:35:11.000000,2.385449e+07,1.567866e+07,5.862600e+01,5.846958e+06,3.400631e+01,,,1.404297e+00,4
2018-04-23 04:35:12.000000,2.385465e+07,1.568096e+07,5.861600e+01,5.837640e+06,3.403087e+01,,,1.403641e+00,4
2018-04-23 04:35:13.000000,2.385481e+07,1.556375e+07,5.843200e+01,5.828321e+06,3.405544e+01,,,1.402984e+00,4
2018-04-23 04:35:14.000000,2.385497e+07,1.544654e+07,5.824800e+01,5.817261e+06,3.408000e+01,,,1.402327e+00,4
2018-04-23 04:35:15.000000,2.385513e+07,1.537069e+07,5.810800e+01,5.806200e+06,3.406022e+01,,,1.401671e+00,4
2018-04-23 04:35:16.000000,2.385529e+07,1.529485e+07,5.796800e+01,5.795140e+06,3.404044e+01,,,1.401539e+00,4
2018-04-23 04:35:17.000000,2.385544e+07,1.547411e+07,5.823600e+01,5.784079e+06,3.402065e+01,,,1.401408e+00,4
2018-04-23 04:35:18.000000,2.385560e+07,1.565338e+07,5.850400e+01,5.773019e+06,3.400087e+01,,,1.401277e+00,4
2018-04-23 04:35:19.000000,2.385576e+07,1.567636e+07,5.849400e+01,5.761958e+06,3.398109e+01,,,1.401145e+00,4
2018-04-23 04:35:20.000000,2.385592e+07,1.569935e+07,5.848400e+01,5.750897e+06,3.396131e+01,,,1.401014e+00,4
2018-04-23 04:35:21.000000,2.385608e+07,1.566717e+07,5.842900e+01,5.739836e+06,3.394152e+01,,,1.400883e+00,4
2018-04-23 04:35:22.000000,2.385624e+07,1.563499e+07,5.837400e+01,5.728776e+06,3.392174e+01,,,1.400751e+00,4
2018-04-23 04:35:23.000000,2.385575e+07,1.560282e+07,5.831900e+01,5.717715e+06,3.390196e+01,,,1.400620e+00,4
2018-04-23 04:35:24.000000,2.385526e+07,1.557064e+07,5.826400e+01,5.706655e+06,3.388218e+01,,,1.400489e+00,4
2018-04-23 04:35:25.000000,2.385478e+07,1.543964e+07,5.815800e+01,5.706125e+06,3.386239e+01,,,1.400357e+00,4
2018-04-23 04:35:26.000000,2.385429e+07,1.530864e+07,5.805200e+01,5.705594e+06,3.384261e+01,,,1.400226e+00,4
2018-04-23 04:35:27.000000,2.385380e+07,1.533507e+07,5.808000e+01,5.705064e+06,3.382283e+01,,,1.401610e+00,4
2018-04-23 04:35:28.000000,2.385332e+07,1.536150e+07,5.810800e+01,5.704534e+06,3.380304e+01,,,1.402995e+00,4
2018-04-23 04:35:29.000000,2.385283e+07,1.549480e+07,5.839200e+01,5.704003e+06,3.378326e+01,,,1.404379e+00,4
2018-04-23 04:35:30.000000,2.385234e+07,1.562810e+07,5.867600e+01,5.703473e+06,3.376348e+01,,,1.405763e+00,4
2018-04-23 04:35:31.000000,2.385186e+07,1.566028e+07,5.869600e+01,5.702942e+06,3.374369e+01,,,1.407147e+00,4
2018-04-23 04:35:32.000000,2.385137e+07,1.569245e+07,5.871600e+01,5.702412e+06,3.372392e+01,,,1.408532e+00,4
2018-04-23 04:35:33.000000,2.385088e+07,1.564591e+07,5.868100e+01,5.701882e+06,3.370413e+01,,,1.409916e+00,4
2018-04-23 04:35:34.000000,2.385039e+07,1.559937e+07,5.864600e+01,5.701352e+06,3.368435e+01,,,1.411300e+00,4
2018-04-23 04:35:35.000000,2.384991e+07,1.555283e+07,5.861100e+01,5.700821e+06,3.366457e+01,,,1.412685e+00,4
2018-04-23 04:35:36.000000,2.384942e+07,1.550629e+07,5.857600e+01,5.709988e+06,3.364478e+01,,,1.414069e+00,4
2018-04-23 04:35:37.000000,2.384893e+07,1.543275e+07,5.838000e+01,5.719155e+06,3.362500e+01,,,1.415453e+00,4
2018-04-23 04:35:38.000000,2.384845e+07,1.535920e+07,5.818400e+01,5.728321e+06,3.360522e+01,,,1.413625e+00,4
2018-04-23 04:35:39.000000,2.384796e+07,1.534886e+07,5.815800e+01,5.737488e+06,3.358543e+01,,,1.411798e+00,4
2018-04-23 04:35:40.000000,2.384747e+07,1.533852e+07,5.813200e+01,5.746655e+06,3.356565e+01,,,1.409970e+00,4
2018-04-23 04:35:41.000000,2.384698e+07,1.550399e+07,5.841200e+01,5.755821e+06,3.354587e+01,,,1.408142e+00,4
2018-04-23 04:35:42.000000,2.384650e+07,1.566947e+07,5.869200e+01,5.764988e+06,3.352608e+01,,,1.406314e+00,4
2018-04-23 04:35:43.000000,2.384601e+07,1.563844e+07,5.865200e+01,5.774155e+06,3.350631e+01,,,1.404486e+00,4
2018-04-23 04:35:44.000000,2.384552e+07,1.560741e+07,5.861200e+01,5.783321e+06,3.348652e+01,,,1.402658e+00,4
2018-04-23 04:35:45.000000,2.384504e+07,1.554709e+07,5.846900e+01,5.792488e+06,3.346674e+01,,,1.400830e+00,4
2018-04-23 04:35:46.000000,2.384455e+07,1.548676e+07,5.832600e+01,5.801655e+06,3.344696e+01,,,1.399002e+00,4
2018-04-23 04:35:47.000000,2.384406e+07,1.542643e+07,5.818300e+01,5.815821e+06,3.342717e+01,,,1.397174e+00,4
2018-04-23 04:35:48.000000,2.384358e+07,1.536610e+07,5.804000e+01,5.829988e+06,3.340739e+01,,,1.395346e+00,4
2018-04-23 04:35:49.000000,2.384309e+07,1.532358e+07,5.796400e+01,5.844155e+06,3.338761e+01,,,1.396882e+00,4
2018-04-23 04:35:50.000000,2.384260e+07,1.528106e+07,5.788800e+01,5.858321e+06,3.336782e+01,,,1.398418e+00,4
2018-04-23 04:35:51.000000,2.384211e+07,1.544883e+07,5.820800e+01,5.872488e+06,3.334804e+01,,,1.399954e+00,4
2018-04-23 04:35:52.000000,2.384163e+07,1.561661e+07,5.852800e+01,5.886655e+06,3.332826e+01,,,1.401490e+00,4
2018-04-23 04:35:53.000000,2.384114e+07,1.557524e+07,5.854200e+01,5.900821e+06,3.330848e+01,,,1.403026e+00,4
2018-04-23 04:35:54.000000,2.384065e+07,1.553387e+07,5.855600e+01,5.914988e+06,3.328869e+01,,,1.404562e+00,4
2018-04-23 04:35:55.000000,2.384084e+07,1.541896e+07,5.826000e+01,5.929154e+06,3.326891e+01,,,1.406098e+00,4
2018-04-23 04:35:56.000000,2.384102e+07,1.530405e+07,5.796400e+01,5.943321e+06,3.324913e+01,,,1.407634e+00,4
2018-04-23 04:35:57.000000,2.384121e+07,1.539253e+07,5.813600e+01,5.957488e+06,3.322935e+01,,,1.409170e+00,4
2018-04-23 04:35:58.000000,2.384139e+07,1.548101e+07,5.830800e+01,5.965973e+06,3.320956e+01,,,1.410706e+00,4
2018-04-23 04:35:59.000000,2.384157e+07,1.556949e+07,5.848000e+01,5.974458e+06,3.318978e+01,,,1.412242e+00,4
2018-04-23 04:36:00.000000,2.384176e+07,1.565798e+07,5.865200e+01,5.982942e+06,3.317000e+01,,,1.413431e+00,4
2018-04-23 04:36:01.000000,2.384194e+07,1.560224e+07,5.857800e+01,5.991427e+06,3.318000e+01,,,1.414620e+00,4
2018-04-23 04:36:02.000000,2.384213e+07,1.554651e+07,5.850400e+01,5.999912e+06,3.319000e+01,,,1.415809e+00,4
2018-04-23 04:36:03.000000,2.384231e+07,1.549078e+07,5.843000e+01,6.008397e+06,3.320000e+01,,,1.416997e+00,4
2018-04-23 04:36:04.000000,2.384249e+07,1.543505e+07,5.835600e+01,6.016882e+06,3.321000e+01,,,1.418186e+00,4
2018-04-23 04:36:05.000000,2.384268e+07,1.535001e+07,5.823000e+01,6.025367e+06,3.322000e+01,,,1.419375e+00,4
2018-04-23 04:36:06.000000,2.384286e+07,1.526497e+07,5.810400e+01,6.033852e+06,3.323000e+01,,,1.420564e+00,4
2018-04-23 04:36:07.000000,2.384305e+07,1.540862e+07,5.842000e+01,6.042336e+06,3.324000e+01,,,1.421753e+00,4
2018-04-23 04:36:08.000000,2.384323e+07,1.555226e+07,5.873600e+01,6.050821e+06,3.325000e+01,,,1.422942e+00,4
2018-04-23 04:36:09.000000,2.384341e+07,1.558443e+07,5.871600e+01,6.057791e+06,3.326000e+01,,,1.424131e+00,4
2018-04-23 04:36:10.000000,2.384360e+07,1.561661e+07,5.869600e+01,6.064761e+06,3.327000e+01,,,1.425320e+00,4
2018-04-23 04:36:11.000000,2.384378e+07,1.551089e+07,5.865800e+01,6.071730e+06,3.328000e+01,,,1.423863e+00,4
2018-04-23 04:36:12.000000,2.384397e+07,1.540517e+07,5.862000e+01,6.078700e+06,3.329000e+01,,,1.422407e+00,4
2018-04-23 04:36:13.000000,2.384415e+07,1.533852e+07,5.852800e+01,6.085670e+06,3.330000e+01,,,1.420950e+00,4
2018-04-23 04:36:14.000000,2.384433e+07,1.527187e+07,5.843600e+01,6.092639e+06,3.331000e+01,,,1.419494e+00,4
2018-04-23 04:36:15.000000,2.384452e+07,1.537644e+07,5.862800e+01,6.099609e+06,3.332000e+01,,,1.418038e+00,4
2018-04-23 04:36:16.000000,2.384470e+07,1.548101e+07,5.882000e+01,6.106579e+06,3.333000e+01,,,1.416581e+00,4
2018-04-23 04:36:17.000000,2.384489e+07,1.553445e+07,5.889700e+01,6.113548e+06,3.334000e+01,,,1.415125e+00,4
2018-04-23 04:36:18.000000,2.384507e+07,1.558788e+07,5.897400e+01,6.120518e+06,3.335000e+01,,,1.413668e+00,4
2018-04-23 04:36:19.000000,2.384525e+07,1.564131e+07,5.905100e+01,6.127488e+06,3.336000e+01,,,1.412212e+00,4
2018-04-23 04:36:20.000000,2.384544e+07,1.569475e+07,5.912800e+01,6.132942e+06,3.337000e+01,,,1.410756e+00,4
2018-04-23 04:36:21.000000,2.384562e+07,1.557064e+07,5.886200e+01,6.138397e+06,3.338000e+01,,,1.409299e+00,4
2018-04-23 04:36:22.000000,2.384581e+07,1.544654e+07,5.859600e+01,6.143852e+06,3.339000e+01,,,1.409272e+00,4
2018-04-23 04:36:23.000000,2.384599e+07,1.537644e+07,5.833800e+01,6.149306e+06,3.340000e+01,,,1.409245e+00,4
2018-04-23 04:36:24.000000,2.384618e+07,1.530634e+07,5.808000e+01,6.154761e+06,3.343232e+01,,,1.409218e+00,4
2018-04-23 04:36:25.000000,2.384636e+07,1.537989e+07,5.826200e+01,6.160215e+06,3.346464e+01,,,1.409191e+00,4
2018-04-23 04:36:26.000000,2.384654e+07,1.545343e+07,5.844400e+01,6.165669e+06,3.349696e+01,,,1.409164e+00,4
2018-04-23 04:36:27.000000,2.384673e+07,1.554996e+07,5.853800e+01,6.171124e+06,3.352928e+01,,,1.409137e+00,4
2018-04-23 04:36:28.000000,2.384691e+07,1.564648e+07,5.863200e+01,6.176579e+06,3.356160e+01,,,1.409109e+00,4
2018-04-23 04:36:29.000000,2.384742e+07,1.566085e+07,5.868200e+01,6.182033e+06,3.359391e+01,,,1.409082e+00,4
2018-04-23 04:36:30.000000,2.384793e+07,1.567521e+07,5.873200e+01,6.187488e+06,3.362623e+01,,,1.409055e+00,4
2018-04-23 04:36:31.000000,2.384843e+07,1.568958e+07,5.878200e+01,6.192867e+06,3.365855e+01,,,1.409028e+00,4
2018-04-23 04:36:32.000000,2.384894e+07,1.570394e+07,5.883200e+01,6.198245e+06,3.369087e+01,,,1.409001e+00,4
2018-04-23 04:36:33.000000,2.384945e+07,1.558673e+07,5.847200e+01,6.203624e+06,3.372319e+01,,,1.409271e+00,4
2018-04-23 04:36:34.000000,2.384995e+07,1.546952e+07,5.811200e+01,6.209003e+06,3.375551e+01,,,1.409540e+00,4
2018-04-23 04:36:35.000000,2.385046e+07,1.538219e+07,5.802800e+01,6.214382e+06,3.378783e+01,,,1.409809e+00,4
2018-04-23 04:36:36.000000,2.385097e+07,1.529485e+07,5.794400e+01,6.219760e+06,3.382014e+01,,,1.410079e+00,4
2018-04-23 04:36:37.000000,2.385148e+07,1.537069e+07,5.814600e+01,6.225139e+06,3.385247e+01,,,1.410348e+00,4
2018-04-23 04:36:38.000000,2.385198e+07,1.544654e+07,5.834800e+01,6.230518e+06,3.388478e+01,,,1.410618e+00,4
2018-04-23 04:36:39.000000,2.385249e+07,1.558098e+07,5.855400e+01,6.235897e+06,3.391710e+01,,,1.410887e+00,4
2018-04-23 04:36:40.000000,2.385300e+07,1.571543e+07,5.876000e+01,6.241275e+06,3.394942e+01,,,1.411157e+00,4
2018-04-23 04:36:41.000000,2.385350e+07,1.571313e+07,5.873400e+01,6.246654e+06,3.398174e+01,,,1.411426e+00,4
2018-04-23 04:36:42.000000,2.385401e+07,1.571084e+07,5.870800e+01,6.251730e+06,3.401406e+01,,,1.411695e+00,4
2018-04-23 04:36:43.000000,2.385452e+07,1.570854e+07,5.868200e+01,6.256806e+06,3.404638e+01,,,1.411965e+00,4
2018-04-23 04:36:44.000000,2.385503e+07,1.570624e+07,5.865600e+01,6.261881e+06,3.407870e+01,,,1.410513e+00,4
2018-04-23 04:36:45.000000,2.385553e+07,1.554996e+07,5.836000e+01,6.266957e+06,3.411102e+01,,,1.409061e+00,4
2018-04-23 04:36:46.000000,2.385604e+07,1.539368e+07,5.806400e+01,6.272033e+06,3.414333e+01,,,1.407609e+00,4
2018-04-23 04:36:47.000000,2.385655e+07,1.546033e+07,5.816600e+01,6.277109e+06,3.417566e+01,,,1.406157e+00,4
2018-04-23 04:36:48.000000,2.385705e+07,1.552697e+07,5.826800e+01,6.282185e+06,3.420797e+01,,,1.404706e+00,4
2018-04-23 04:36:49.000000,2.385756e+07,1.559362e+07,5.850800e+01,6.287260e+06,3.424029e+01,,,1.403254e+00,4
2018-04-23 04:36:50.000000,2.385807e+07,1.566027e+07,5.874800e+01,6.292336e+06,3.427261e+01,,,1.401802e+00,4
2018-04-23 04:36:51.000000,2.385858e+07,1.568670e+07,5.873000e+01,6.297412e+06,3.430493e+01,,,1.400350e+00,4
2018-04-23 04:36:52.000000,2.385908e+07,1.571313e+07,5.871200e+01,6.302487e+06,3.433725e+01,,,1.398898e+00,4
2018-04-23 04:36:53.000000,2.385959e+07,1.555111e+07,5.839000e+01,6.305821e+06,3.436957e+01,,,1.397446e+00,4
2018-04-23 04:36:54.000000,2.386010e+07,1.538908e+07,5.806800e+01,6.309154e+06,3.440189e+01,,,1.395994e+00,4
2018-04-23 04:36:55.000000,2.386060e+07,1.538333e+07,5.802100e+01,6.312487e+06,3.443420e+01,,,1.398358e+00,4
2018-04-23 04:36:56.000000,2.386111e+07,1.537759e+07,5.797400e+01,6.315821e+06,3.446652e+01,,,1.400722e+00,4
2018-04-23 04:36:57.000000,2.386162e+07,1.537184e+07,5.792700e+01,6.319154e+06,3.449884e+01,,,1.403086e+00,4
2018-04-23 04:36:58.000000,2.386212e+07,1.536610e+07,5.788000e+01,6.322487e+06,3.453116e+01,,,1.405450e+00,4
2018-04-23 04:36:59.000000,2.386263e+07,1.549135e+07,5.796200e+01,6.325821e+06,3.456348e+01,,,1.407815e+00,4
2018-04-23 04:37:00.000000,2.386314e+07,1.561661e+07,5.804400e+01,6.329154e+06,3.459580e+01,,,1.410178e+00,4
2018-04-23 04:37:01.000000,2.386339e+07,1.567866e+07,5.812400e+01,6.332488e+06,3.462812e+01,,,1.412543e+00,4
2018-04-23 04:37:02.000000,2.386365e+07,1.574071e+07,5.820400e+01,6.335821e+06,3.466043e+01,,,1.414907e+00,4
2018-04-23 04:37:03.000000,2.386390e+07,1.574301e+07,5.814200e+01,6.339154e+06,3.469276e+01,,,1.417271e+00,4
2018-04-23 04:37:04.000000,2.386415e+07,1.574531e+07,5.808000e+01,6.341275e+06,3.472507e+01,,,1.419635e+00,4
2018-04-23 04:37:05.000000,2.386441e+07,1.571371e+07,5.809300e+01,6.343396e+06,3.475739e+01,,,1.421999e+00,4
2018-04-23 04:37:06.000000,2.386466e+07,1.568211e+07,5.810600e+01,6.345518e+06,3.478971e+01,,,1.422454e+00,4
2018-04-23 04:37:07.000000,2.386491e+07,1.565051e+07,5.811900e+01,6.347639e+06,3.482203e+01,,,1.422910e+00,4
2018-04-23 04:37:08.000000,2.386516e+07,1.561891e+07,5.813200e+01,6.349760e+06,3.485435e+01,,,1.423365e+00,4
2018-04-23 04:37:09.000000,2.386542e+07,1.550859e+07,5.796400e+01,6.351881e+06,3.488667e+01,,,1.423821e+00,4
2018-04-23 04:37:10.000000,2.386567e+07,1.539827e+07,5.779600e+01,6.354002e+06,3.491899e+01,,,1.424277e+00,4
2018-04-23 04:37:11.000000,2.386592e+07,1.536725e+07,5.781300e+01,6.356124e+06,3.495131e+01,,,1.424732e+00,4
2018-04-23 04:37:12.000000,2.386618e+07,1.533622e+07,5.783000e+01,6.358245e+06,3.498362e+01,,,1.425188e+00,4
2018-04-23 04:37:13.000000,2.386643e+07,1.540632e+07,5.784700e+01,6.360366e+06,3.501594e+01,,,1.425643e+00,4
2018-04-23 04:37:14.000000,2.386668e+07,1.547641e+07,5.786400e+01,6.362487e+06,3.504826e+01,,,1.426099e+00,4
2018-04-23 04:37:15.000000,2.386694e+07,1.549997e+07,5.795400e+01,6.365972e+06,3.508058e+01,,,1.426554e+00,4
2018-04-23 04:37:16.000000,2.386719e+07,1.552353e+07,5.804400e+01,6.369457e+06,3.511290e+01,,,1.427010e+00,4
2018-04-23 04:37:17.000000,2.386744e+07,1.554709e+07,5.813400e+01,6.372942e+06,3.514522e+01,,,1.423454e+00,4
2018-04-23 04:37:18.000000,2.386770e+07,1.557064e+07,5.822400e+01,6.376427e+06,3.517754e+01,,,1.419899e+00,4
2018-04-23 04:37:19.000000,2.386795e+07,1.564419e+07,5.829400e+01,6.379912e+06,3.520986e+01,,,1.416343e+00,4
2018-04-23 04:37:20.000000,2.386820e+07,1.571773e+07,5.836400e+01,6.383396e+06,3.524218e+01,,,1.412788e+00,4
2018-04-23 04:37:21.000000,2.386846e+07,1.574301e+07,5.837800e+01,6.386881e+06,3.527449e+01,,,1.409232e+00,4
2018-04-23 04:37:22.000000,2.386871e+07,1.576829e+07,5.839200e+01,6.390366e+06,3.530681e+01,,,1.405676e+00,4
2018-04-23 04:37:23.000000,2.386896e+07,1.565568e+07,5.817600e+01,6.393851e+06,3.533913e+01,,,1.402121e+00,4
2018-04-23 04:37:24.000000,2.386922e+07,1.554306e+07,5.796000e+01,6.397336e+06,3.537145e+01,,,1.398565e+00,4
2018-04-23 04:37:25.000000,2.386947e+07,1.547756e+07,5.792000e+01,6.400821e+06,3.540377e+01,,,1.395010e+00,4
2018-04-23 04:37:26.000000,2.386972e+07,1.541206e+07,5.788000e+01,6.398775e+06,3.543609e+01,,,1.391454e+00,4
2018-04-23 04:37:27.000000,2.386998e+07,1.555341e+07,5.802000e+01,6.396730e+06,3.546841e+01,,,1.387898e+00,4
2018-04-23 04:37:28.000000,2.387023e+07,1.569475e+07,5.816000e+01,6.394685e+06,3.550072e+01,,,1.389103e+00,4
2018-04-23 04:37:29.000000,2.387048e+07,1.571198e+07,5.821700e+01,6.392639e+06,3.553304e+01,,,1.390307e+00,4
2018-04-23 04:37:30.000000,2.387073e+07,1.572922e+07,5.827400e+01,6.390594e+06,3.556536e+01,,,1.391512e+00,4
2018-04-23 04:37:31.000000,2.387099e+07,1.574646e+07,5.833100e+01,6.388548e+06,3.559768e+01,,,1.392717e+00,4
2018-04-23 04:37:32.000000,2.387124e+07,1.576370e+07,5.838800e+01,6.386502e+06,3.563000e+01,,,1.393921e+00,4
2018-04-23 04:37:33.000000,2.387149e+07,1.561201e+07,5.814600e+01,6.384457e+06,3.564870e+01,,,1.395126e+00,4
2018-04-23 04:37:34.000000,2.387175e+07,1.546033e+07,5.790400e+01,6.382412e+06,3.566739e+01,,,1.396330e+00,4
2018-04-23 04:37:35.000000,2.387187e+07,1.541091e+07,5.786400e+01,6.380366e+06,3.568609e+01,,,1.397535e+00,4
2018-04-23 04:37:36.000000,2.387199e+07,1.536150e+07,5.782400e+01,6.378321e+06,3.570478e+01,,,1.398739e+00,4
2018-04-23 04:37:37.000000,2.387212e+07,1.550170e+07,5.802600e+01,6.374457e+06,3.572348e+01,,,1.399944e+00,4
2018-04-23 04:37:38.000000,2.387224e+07,1.564189e+07,5.822800e+01,6.370594e+06,3.574218e+01,,,1.401149e+00,4
2018-04-23 04:37:39.000000,2.387236e+07,1.571084e+07,5.848000e+01,6.366730e+06,3.576087e+01,,,1.398271e+00,4
2018-04-23 04:37:40.000000,2.387249e+07,1.577978e+07,5.873200e+01,6.362866e+06,3.577957e+01,,,1.395394e+00,4
2018-04-23 04:37:41.000000,2.387261e+07,1.573037e+07,5.865800e+01,6.359002e+06,3.579826e+01,,,1.392516e+00,4
2018-04-23 04:37:42.000000,2.387274e+07,1.568096e+07,5.858400e+01,6.355139e+06,3.581696e+01,,,1.389639e+00,4
2018-04-23 04:37:43.000000,2.387286e+07,1.563155e+07,5.851000e+01,6.351275e+06,3.583566e+01,,,1.386762e+00,4
2018-04-23 04:37:44.000000,2.387298e+07,1.558213e+07,5.843600e+01,6.347412e+06,3.585435e+01,,,1.383884e+00,4
2018-04-23 04:37:45.000000,2.387311e+07,1.548791e+07,5.828200e+01,6.343548e+06,3.587304e+01,,,1.381007e+00,4
2018-04-23 04:37:46.000000,2.387323e+07,1.539368e+07,5.812800e+01,6.339685e+06,3.589174e+01,,,1.378129e+00,4
2018-04-23 04:37:47.000000,2.387336e+07,1.557754e+07,5.838200e+01,6.335821e+06,3.591043e+01,,,1.375252e+00,4
2018-04-23 04:37:48.000000,2.387348e+07,1.576140e+07,5.863600e+01,6.321654e+06,3.592913e+01,,,1.372375e+00,4
2018-04-23 04:37:49.000000,2.387360e+07,1.572692e+07,5.859400e+01,6.307487e+06,3.594783e+01,,,1.369497e+00,4
2018-04-23 04:37:50.000000,2.387373e+07,1.569245e+07,5.855200e+01,6.293321e+06,3.596652e+01,,,1.371130e+00,4
2018-04-23 04:37:51.000000,2.387385e+07,1.555800e+07,5.834800e+01,6.279154e+06,3.598522e+01,,,1.372763e+00,4
2018-04-23 04:37:52.000000,2.387397e+07,1.542355e+07,5.814400e+01,6.264988e+06,3.600391e+01,,,1.374396e+00,4
2018-04-23 04:37:53.000000,2.387410e+07,1.544424e+07,5.819800e+01,6.250821e+06,3.602261e+01,,,1.376029e+00,4
2018-04-23 04:37:54.000000,2.387422e+07,1.546492e+07,5.825200e+01,6.236654e+06,3.604131e+01,,,1.377662e+00,4
2018-04-23 04:37:55.000000,2.387434e+07,1.551606e+07,5.832700e+01,6.222488e+06,3.606000e+01,,,1.379295e+00,4
2018-04-23 04:37:56.000000,2.387447e+07,1.556720e+07,5.840200e+01,6.208321e+06,3.604522e+01,,,1.380927e+00,4
2018-04-23 04:37:57.000000,2.387459e+07,1.561833e+07,5.847700e+01,6.194154e+06,3.603044e+01,,,1.382560e+00,4
2018-04-23 04:37:58.000000,2.387472e+07,1.566947e+07,5.855200e+01,6.179988e+06,3.601565e+01,,,1.384193e+00,4
2018-04-23 04:37:59.000000,2.387484e+07,1.570739e+07,5.858400e+01,6.162412e+06,3.600087e+01,,,1.385826e+00,4
2018-04-23 04:38:00.000000,2.387496e+07,1.574531e+07,5.861600e+01,6.144836e+06,3.598609e+01,,,1.387459e+00,4
2018-04-23 04:38:01.000000,2.387509e+07,1.562580e+07,5.835400e+01,6.127260e+06,3.597131e+01,,,1.387666e+00,4
2018-04-23 04:38:02.000000,2.387521e+07,1.550629e+07,5.809200e+01,6.109685e+06,3.595652e+01,,,1.387873e+00,4
2018-04-23 04:38:03.000000,2.387533e+07,1.548561e+07,5.811200e+01,6.092109e+06,3.594174e+01,,,1.388080e+00,4
2018-04-23 04:38:04.000000,2.387546e+07,1.546492e+07,5.813200e+01,6.074533e+06,3.592696e+01,,,1.388287e+00,4
2018-04-23 04:38:05.000000,2.387558e+07,1.554479e+07,5.829700e+01,6.056958e+06,3.591217e+01,,,1.388494e+00,4
2018-04-23 04:38:06.000000,2.387570e+07,1.562465e+07,5.846200e+01,6.039382e+06,3.589739e+01,,,1.388701e+00,4
2018-04-23 04:38:07.000000,2.387501e+07,1.570452e+07,5.862700e+01,6.021806e+06,3.588261e+01,,,1.388907e+00,4
2018-04-23 04:38:08.000000,2.387431e+07,1.578438e+07,5.879200e+01,6.004230e+06,3.586783e+01,,,1.389114e+00,4
2018-04-23 04:38:09.000000,2.387362e+07,1.570969e+07,5.867600e+01,5.986654e+06,3.585305e+01,,,1.389321e+00,4
2018-04-23 04:38:10.000000,2.387292e+07,1.563499e+07,5.856000e+01,5.975669e+06,3.583826e+01,,,1.389528e+00,4
2018-04-23 04:38:11.000000,2.387222e+07,1.550055e+07,5.834400e+01,5.964685e+06,3.582348e+01,,,1.389735e+00,4
2018-04-23 04:38:12.000000,2.387153e+07,1.536610e+07,5.812800e+01,5.953700e+06,3.580870e+01,,,1.387651e+00,4
2018-04-23 04:38:13.000000,2.387083e+07,1.554077e+07,5.843000e+01,5.942715e+06,3.579391e+01,,,1.385567e+00,4
2018-04-23 04:38:14.000000,2.387014e+07,1.571543e+07,5.873200e+01,5.931730e+06,3.577913e+01,,,1.383483e+00,4
2018-04-23 04:38:15.000000,2.386944e+07,1.573956e+07,5.879800e+01,5.920746e+06,3.576435e+01,,,1.381399e+00,4
2018-04-23 04:38:16.000000,2.386874e+07,1.576370e+07,5.886400e+01,5.909761e+06,3.574957e+01,,,1.379314e+00,4
2018-04-23 04:38:17.000000,2.386805e+07,1.568383e+07,5.873200e+01,5.898776e+06,3.573478e+01,,,1.377230e+00,4
2018-04-23 04:38:18.000000,2.386735e+07,1.560397e+07,5.860000e+01,5.887791e+06,3.572000e+01,,,1.375146e+00,4
2018-04-23 04:38:19.000000,2.386665e+07,1.552410e+07,5.846800e+01,5.876806e+06,3.565152e+01,,,1.373062e+00,4
2018-04-23 04:38:20.000000,2.386596e+07,1.544424e+07,5.833600e+01,5.865821e+06,3.558305e+01,,,1.370978e+00,4
2018-04-23 04:38:21.000000,2.386526e+07,1.542585e+07,5.827800e+01,5.858927e+06,3.551456e+01,,,1.368893e+00,4
2018-04-23 04:38:22.000000,2.386457e+07,1.540747e+07,5.822000e+01,5.852034e+06,3.544609e+01,,,1.366809e+00,4
2018-04-23 04:38:23.000000,2.386387e+07,1.557984e+07,5.850600e+01,5.845140e+06,3.537761e+01,,,1.368502e+00,4
2018-04-23 04:38:24.000000,2.386317e+07,1.575220e+07,5.879200e+01,5.838246e+06,3.530913e+01,,,1.370195e+00,4
2018-04-23 04:38:25.000000,2.386248e+07,1.569590e+07,5.869600e+01,5.831352e+06,3.524065e+01,,,1.371887e+00,4
2018-04-23 04:38:26.000000,2.386178e+07,1.563959e+07,5.860000e+01,5.824458e+06,3.517218e+01,,,1.373580e+00,4
2018-04-23 04:38:27.000000,2.386108e+07,1.548216e+07,5.836000e+01,5.817564e+06,3.510369e+01,,,1.375273e+00,4
2018-04-23 04:38:28.000000,2.386039e+07,1.532473e+07,5.812000e+01,5.810670e+06,3.503522e+01,,,1.376966e+00,4
2018-04-23 04:38:29.000000,2.385969e+07,1.550170e+07,5.833800e+01,5.803776e+06,3.496674e+01,,,1.378658e+00,4
2018-04-23 04:38:30.000000,2.385900e+07,1.567866e+07,5.855600e+01,5.796882e+06,3.489826e+01,,,1.380351e+00,4
2018-04-23 04:38:31.000000,2.385830e+07,1.567924e+07,5.850000e+01,5.789988e+06,3.482978e+01,,,1.382044e+00,4
2018-04-23 04:38:32.000000,2.385760e+07,1.567981e+07,5.844400e+01,5.786807e+06,3.476131e+01,,,1.383737e+00,4
2018-04-23 04:38:33.000000,2.385691e+07,1.568038e+07,5.838800e+01,5.783625e+06,3.469283e+01,,,1.385429e+00,4
2018-04-23 04:38:34.000000,2.385621e+07,1.568096e+07,5.833200e+01,5.780443e+06,3.462435e+01,,,1.385104e+00,4
2018-04-23 04:38:35.000000,2.385551e+07,1.551778e+07,5.804400e+01,5.777261e+06,3.455587e+01,,,1.384778e+00,4
2018-04-23 04:38:36.000000,2.385482e+07,1.535461e+07,5.775600e+01,5.774079e+06,3.448739e+01,,,1.384452e+00,4
2018-04-23 04:38:37.000000,2.385412e+07,1.542470e+07,5.768400e+01,5.770897e+06,3.441891e+01,,,1.384127e+00,4
2018-04-23 04:38:38.000000,2.385343e+07,1.549480e+07,5.761200e+01,5.767715e+06,3.435044e+01,,,1.383801e+00,4
2018-04-23 04:38:39.000000,2.385291e+07,1.560627e+07,5.798000e+01,5.764534e+06,3.428196e+01,,,1.383475e+00,4
2018-04-23 04:38:40.000000,2.385240e+07,1.571773e+07,5.834800e+01,5.761352e+06,3.421348e+01,,,1.383149e+00,4
2018-04-23 04:38:41.000000,2.385188e+07,1.564074e+07,5.825800e+01,5.758170e+06,3.414500e+01,,,1.382824e+00,4
2018-04-23 04:38:42.000000,2.385137e+07,1.556375e+07,5.816800e+01,5.754988e+06,3.407652e+01,,,1.382498e+00,4
2018-04-23 04:38:43.000000,2.385085e+07,1.549423e+07,5.801000e+01,5.764534e+06,3.400805e+01,,,1.382172e+00,4
2018-04-23 04:38:44.000000,2.385034e+07,1.542470e+07,5.785200e+01,5.774079e+06,3.393956e+01,,,1.381847e+00,4
2018-04-23 04:38:45.000000,2.384983e+07,1.535518e+07,5.769400e+01,5.783625e+06,3.387109e+01,,,1.383348e+00,4
2018-04-23 04:38:46.000000,2.384931e+07,1.528566e+07,5.753600e+01,5.793170e+06,3.380261e+01,,,1.384849e+00,4
2018-04-23 04:38:47.000000,2.384880e+07,1.537299e+07,5.769000e+01,5.802715e+06,3.373413e+01,,,1.386351e+00,4
2018-04-23 04:38:48.000000,2.384828e+07,1.546033e+07,5.784400e+01,5.812261e+06,3.366565e+01,,,1.387853e+00,4
2018-04-23 04:38:49.000000,2.384777e+07,1.558558e+07,5.793600e+01,5.821806e+06,3.359718e+01,,,1.389354e+00,4
2018-04-23 04:38:50.000000,2.384726e+07,1.571084e+07,5.802800e+01,5.831352e+06,3.352869e+01,,,1.390855e+00,4
2018-04-23 04:38:51.000000,2.384674e+07,1.558788e+07,5.802600e+01,5.840897e+06,3.346022e+01,,,1.392357e+00,4
2018-04-23 04:38:52.000000,2.384623e+07,1.546492e+07,5.802400e+01,5.850442e+06,3.339174e+01,,,1.393858e+00,4
2018-04-23 04:38:53.000000,2.384571e+07,1.537414e+07,5.801000e+01,5.859988e+06,3.332326e+01,,,1.395360e+00,4
2018-04-23 04:38:54.000000,2.384520e+07,1.528336e+07,5.799600e+01,5.869230e+06,3.325478e+01,,,1.396861e+00,4
2018-04-23 04:38:55.000000,2.384469e+07,1.535116e+07,5.818400e+01,5.878473e+06,3.318631e+01,,,1.398363e+00,4
2018-04-23 04:38:56.000000,2.384417e+07,1.541896e+07,5.837200e+01,5.887715e+06,3.311782e+01,,,1.396779e+00,4
2018-04-23 04:38:57.000000,2.384366e+07,1.548676e+07,5.856000e+01,5.896958e+06,3.304935e+01,,,1.395194e+00,4
2018-04-23 04:38:58.000000,2.384314e+07,1.555455e+07,5.874800e+01,5.906200e+06,3.298087e+01,,,1.393610e+00,4
2018-04-23 04:38:59.000000,2.384263e+07,1.562465e+07,5.883000e+01,5.915442e+06,3.291239e+01,,,1.392025e+00,4
2018-04-23 04:39:00.000000,2.384211e+07,1.569475e+07,5.891200e+01,5.924685e+06,3.284391e+01,,,1.390441e+00,4
2018-04-23 04:39:01.000000,2.384160e+07,1.562810e+07,5.872800e+01,5.933927e+06,3.277544e+01,,,1.388857e+00,4
2018-04-23 04:39:02.000000,2.384109e+07,1.556145e+07,5.854400e+01,5.943169e+06,3.270695e+01,,,1.387272e+00,4
2018-04-23 04:39:03.000000,2.384057e+07,1.541321e+07,5.838600e+01,5.952412e+06,3.263848e+01,,,1.385688e+00,4
2018-04-23 04:39:04.000000,2.384006e+07,1.526497e+07,5.822800e+01,5.961654e+06,3.257000e+01,,,1.384104e+00,4
2018-04-23 04:39:05.000000,2.383954e+07,1.536035e+07,5.846200e+01,5.967488e+06,3.257739e+01,,,1.382519e+00,4
2018-04-23 04:39:06.000000,2.383903e+07,1.545573e+07,5.869600e+01,5.973321e+06,3.258478e+01,,,1.380935e+00,4
2018-04-23 04:39:07.000000,2.383852e+07,1.550802e+07,5.877500e+01,5.979154e+06,3.259217e+01,,,1.382031e+00,4
2018-04-23 04:39:08.000000,2.383800e+07,1.556030e+07,5.885400e+01,5.984988e+06,3.259956e+01,,,1.383127e+00,4
2018-04-23 04:39:09.000000,2.383749e+07,1.561259e+07,5.893300e+01,5.990821e+06,3.260696e+01,,,1.384224e+00,4
2018-04-23 04:39:10.000000,2.383697e+07,1.566487e+07,5.901200e+01,5.996654e+06,3.261435e+01,,,1.385320e+00,4
2018-04-23 04:39:11.000000,2.383646e+07,1.557984e+07,5.889200e+01,6.002488e+06,3.262174e+01,,,1.386416e+00,4
2018-04-23 04:39:12.000000,2.383595e+07,1.549480e+07,5.877200e+01,6.008321e+06,3.262913e+01,,,1.387512e+00,4
2018-04-23 04:39:13.000000,2.383642e+07,1.537644e+07,5.858000e+01,6.014155e+06,3.263652e+01,,,1.388609e+00,4
2018-04-23 04:39:14.000000,2.383689e+07,1.525808e+07,5.838800e+01,6.019988e+06,3.264391e+01,,,1.389705e+00,4
2018-04-23 04:39:15.000000,2.383737e+07,1.541206e+07,5.864000e+01,6.025821e+06,3.265131e+01,,,1.390801e+00,4
2018-04-23 04:39:16.000000,2.383784e+07,1.556605e+07,5.889200e+01,6.028397e+06,3.265870e+01,,,1.391898e+00,4
2018-04-23 04:39:17.000000,2.383831e+07,1.558903e+07,5.905600e+01,6.030973e+06,3.266609e+01,,,1.392994e+00,4
2018-04-23 04:39:18.000000,2.383879e+07,1.561201e+07,5.922000e+01,6.033548e+06,3.267348e+01,,,1.394151e+00,4
2018-04-23 04:39:19.000000,2.383926e+07,1.548331e+07,5.896800e+01,6.036124e+06,3.268087e+01,,,1.395308e+00,4
2018-04-23 04:39:20.000000,2.383973e+07,1.535461e+07,5.871600e+01,6.038700e+06,3.268826e+01,,,1.396464e+00,4
2018-04-23 04:39:21.000000,2.384021e+07,1.534254e+07,5.872700e+01,6.041276e+06,3.269565e+01,,,1.397621e+00,4
2018-04-23 04:39:22.000000,2.384068e+07,1.533047e+07,5.873800e+01,6.043852e+06,3.270304e+01,,,1.398778e+00,4
2018-04-23 04:39:23.000000,2.384115e+07,1.531841e+07,5.874900e+01,6.046427e+06,3.271044e+01,,,1.399935e+00,4
2018-04-23 04:39:24.000000,2.384163e+07,1.530634e+07,5.876000e+01,6.049003e+06,3.271783e+01,,,1.401092e+00,4
2018-04-23 04:39:25.000000,2.384210e+07,1.546377e+07,5.900000e+01,6.051579e+06,3.272522e+01,,,1.402249e+00,4
2018-04-23 04:39:26.000000,2.384257e+07,1.562120e+07,5.924000e+01,6.054154e+06,3.273261e+01,,,1.403406e+00,4
2018-04-23 04:39:27.000000,2.384305e+07,1.565568e+07,5.936200e+01,6.055821e+06,3.274000e+01,,,1.404563e+00,4
2018-04-23 04:39:28.000000,2.384352e+07,1.569015e+07,5.948400e+01,6.057488e+06,3.277283e+01,,,1.405719e+00,4
2018-04-23 04:39:29.000000,2.384399e+07,1.553847e+07,5.914000e+01,6.059154e+06,3.280565e+01,,,1.404148e+00,4
2018-04-23 04:39:30.000000,2.384447e+07,1.538678e+07,5.879600e+01,6.060821e+06,3.283848e+01,,,1.402577e+00,4
2018-04-23 04:39:31.000000,2.384494e+07,1.532818e+07,5.854400e+01,6.062488e+06,3.287131e+01,,,1.401006e+00,4
2018-04-23 04:39:32.000000,2.384541e+07,1.526957e+07,5.829200e+01,6.064154e+06,3.290413e+01,,,1.399435e+00,4
2018-04-23 04:39:33.000000,2.384589e+07,1.531439e+07,5.837200e+01,6.065821e+06,3.293696e+01,,,1.397863e+00,4
2018-04-23 04:39:34.000000,2.384636e+07,1.535920e+07,5.845200e+01,6.067488e+06,3.296978e+01,,,1.396292e+00,4
2018-04-23 04:39:35.000000,2.384684e+07,1.540402e+07,5.853200e+01,6.069154e+06,3.300261e+01,,,1.394721e+00,4
2018-04-23 04:39:36.000000,2.384731e+07,1.544884e+07,5.861200e+01,6.070821e+06,3.303543e+01,,,1.393150e+00,4
2018-04-23 04:39:37.000000,2.384778e+07,1.557984e+07,5.866000e+01,6.072488e+06,3.306826e+01,,,1.391579e+00,4
2018-04-23 04:39:38.000000,2.384826e+07,1.571084e+07,5.870800e+01,6.070215e+06,3.310109e+01,,,1.390007e+00,4
2018-04-23 04:39:39.000000,2.384873e+07,1.558213e+07,5.853800e+01,6.067942e+06,3.313391e+01,,,1.388436e+00,4
2018-04-23 04:39:40.000000,2.384920e+07,1.545343e+07,5.836800e+01,6.065669e+06,3.316674e+01,,,1.387077e+00,4
2018-04-23 04:39:41.000000,2.384968e+07,1.537874e+07,5.826600e+01,6.063397e+06,3.319957e+01,,,1.385718e+00,4
2018-04-23 04:39:42.000000,2.385015e+07,1.530405e+07,5.816400e+01,6.061124e+06,3.323239e+01,,,1.384359e+00,4
2018-04-23 04:39:43.000000,2.385062e+07,1.531324e+07,5.825900e+01,6.058852e+06,3.326522e+01,,,1.383000e+00,4
2018-04-23 04:39:44.000000,2.385110e+07,1.532243e+07,5.835400e+01,6.056579e+06,3.329805e+01,,,1.381641e+00,4
2018-04-23 04:39:45.000000,2.385124e+07,1.533162e+07,5.844900e+01,6.054306e+06,3.333087e+01,,,1.380282e+00,4
2018-04-23 04:39:46.000000,2.385137e+07,1.534082e+07,5.854400e+01,6.052033e+06,3.336370e+01,,,1.378923e+00,4
2018-04-23 04:39:47.000000,2.385151e+07,1.551204e+07,5.882400e+01,6.049761e+06,3.339652e+01,,,1.377564e+00,4
2018-04-23 04:39:48.000000,2.385165e+07,1.568326e+07,5.910400e+01,6.047488e+06,3.342935e+01,,,1.376205e+00,4
2018-04-23 04:39:49.000000,2.385179e+07,1.559765e+07,5.904000e+01,6.046352e+06,3.346217e+01,,,1.374846e+00,4
2018-04-23 04:39:50.000000,2.385193e+07,1.551204e+07,5.897600e+01,6.045215e+06,3.349500e+01,,,1.373487e+00,4
2018-04-23 04:39:51.000000,2.385206e+07,1.542643e+07,5.859000e+01,6.044079e+06,3.352783e+01,,,1.375978e+00,4
2018-04-23 04:39:52.000000,2.385220e+07,1.534082e+07,5.820400e+01,6.042942e+06,3.356065e+01,,,1.378468e+00,4
2018-04-23 04:39:53.000000,2.385234e+07,1.537989e+07,5.833400e+01,6.041806e+06,3.359348e+01,,,1.380958e+00,4
2018-04-23 04:39:54.000000,2.385248e+07,1.541896e+07,5.846400e+01,6.040669e+06,3.362630e+01,,,1.383448e+00,4
2018-04-23 04:39:55.000000,2.385262e+07,1.550629e+07,5.863000e+01,6.039533e+06,3.365913e+01,,,1.385939e+00,4
2018-04-23 04:39:56.000000,2.385276e+07,1.559362e+07,5.879600e+01,6.038397e+06,3.369196e+01,,,1.388429e+00,4
2018-04-23 04:39:57.000000,2.385289e+07,1.561603e+07,5.877900e+01,6.037261e+06,3.372478e+01,,,1.390920e+00,4
2018-04-23 04:39:58.000000,2.385303e+07,1.563844e+07,5.876200e+01,6.036124e+06,3.375761e+01,,,1.393410e+00,4
2018-04-23 04:39:59.000000,2.385317e+07,1.566085e+07,5.874500e+01,6.034988e+06,3.379044e+01,,,1.395900e+00,4
2018-04-23 04:40:00.000000,2.385331e+07,1.568326e+07,5.872800e+01,6.034533e+06,3.382326e+01,,,1.398391e+00,4
2018-04-23 04:40:01.000000,2.385345e+07,1.553387e+07,5.853600e+01,6.034079e+06,3.385609e+01,,,1.400881e+00,4
2018-04-23 04:40:02.000000,2.385359e+07,1.538448e+07,5.834400e+01,6.033624e+06,3.388891e+01,,,1.401984e+00,4
2018-04-23 04:40:03.000000,2.385372e+07,1.535116e+07,5.840600e+01,6.033169e+06,3.392174e+01,,,1.403088e+00,4
2018-04-23 04:40:04.000000,2.385386e+07,1.531783e+07,5.846800e+01,6.032715e+06,3.395457e+01,,,1.404191e+00,4
2018-04-23 04:40:05.000000,2.385400e+07,1.547411e+07,5.874600e+01,6.032261e+06,3.398739e+01,,,1.405294e+00,4
2018-04-23 04:40:06.000000,2.385414e+07,1.563040e+07,5.902400e+01,6.031806e+06,3.402022e+01,,,1.406398e+00,4
2018-04-23 04:40:07.000000,2.385428e+07,1.567981e+07,5.913400e+01,6.031352e+06,3.405304e+01,,,1.407501e+00,4
2018-04-23 04:40:08.000000,2.385442e+07,1.572922e+07,5.924400e+01,6.030897e+06,3.408587e+01,,,1.408605e+00,4
2018-04-23 04:40:09.000000,2.385455e+07,1.562006e+07,5.899200e+01,6.030442e+06,3.411869e+01,,,1.409708e+00,4
2018-04-23 04:40:10.000000,2.385469e+07,1.551089e+07,5.874000e+01,6.029988e+06,3.415152e+01,,,1.410811e+00,4
2018-04-23 04:40:11.000000,2.385483e+07,1.542470e+07,5.863600e+01,6.030367e+06,3.418435e+01,,,1.411915e+00,4
2018-04-23 04:40:12.000000,2.385497e+07,1.533852e+07,5.853200e+01,6.030746e+06,3.421717e+01,,,1.413018e+00,4
2018-04-23 04:40:13.000000,2.385511e+07,1.550514e+07,5.876800e+01,6.031124e+06,3.425000e+01,,,1.412755e+00,4
2018-04-23 04:40:14.000000,2.385525e+07,1.567177e+07,5.900400e+01,6.031503e+06,3.425551e+01,,,1.412493e+00,4
2018-04-23 04:40:15.000000,2.385538e+07,1.563499e+07,5.897200e+01,6.031882e+06,3.426101e+01,,,1.412230e+00,4
2018-04-23 04:40:16.000000,2.385552e+07,1.559822e+07,5.894000e+01,6.032261e+06,3.426652e+01,,,1.411967e+00,4
2018-04-23 04:40:17.000000,2.385552e+07,1.552296e+07,5.880800e+01,6.032639e+06,3.427203e+01,,,1.411704e+00,4
2018-04-23 04:40:18.000000,2.385551e+07,1.544769e+07,5.867600e+01,6.033018e+06,3.427753e+01,,,1.411441e+00,4
2018-04-23 04:40:19.000000,2.385550e+07,1.537242e+07,5.854400e+01,6.033397e+06,3.428304e+01,,,1.411178e+00,4
2018-04-23 04:40:20.000000,2.385550e+07,1.529715e+07,5.841200e+01,6.033776e+06,3.428855e+01,,,1.410915e+00,4
2018-04-23 04:40:21.000000,2.385549e+07,1.531439e+07,5.844000e+01,6.034154e+06,3.429406e+01,,,1.410652e+00,4
2018-04-23 04:40:22.000000,2.385549e+07,1.533162e+07,5.846800e+01,6.034533e+06,3.429956e+01,,,1.410390e+00,4
2018-04-23 04:40:23.000000,2.385548e+07,1.544309e+07,5.869600e+01,6.034912e+06,3.430507e+01,,,1.410127e+00,4
2018-04-23 04:40:24.000000,2.385547e+07,1.555455e+07,5.892400e+01,6.035291e+06,3.431058e+01,,,1.411168e+00,4
2018-04-23 04:40:25.000000,2.385547e+07,1.564534e+07,5.904200e+01,6.035670e+06,3.431609e+01,,,1.412209e+00,4
2018-04-23 04:40:26.000000,2.385546e+07,1.573612e+07,5.916000e+01,6.036048e+06,3.432159e+01,,,1.413251e+00,4
2018-04-23 04:40:27.000000,2.385546e+07,1.562925e+07,5.877800e+01,6.036427e+06,3.432710e+01,,,1.414292e+00,4
2018-04-23 04:40:28.000000,2.385545e+07,1.552238e+07,5.839600e+01,6.036806e+06,3.433261e+01,,,1.415334e+00,4
2018-04-23 04:40:29.000000,2.385544e+07,1.546780e+07,5.825400e+01,6.037185e+06,3.433812e+01,,,1.416375e+00,4
2018-04-23 04:40:30.000000,2.385544e+07,1.541321e+07,5.811200e+01,6.037563e+06,3.434362e+01,,,1.417417e+00,4
2018-04-23 04:40:31.000000,2.385543e+07,1.535863e+07,5.797000e+01,6.037942e+06,3.434913e+01,,,1.418458e+00,4
2018-04-23 04:40:32.000000,2.385543e+07,1.530405e+07,5.782800e+01,6.038321e+06,3.435464e+01,,,1.419500e+00,4
2018-04-23 04:40:33.000000,2.385542e+07,1.543160e+07,5.798800e+01,6.036200e+06,3.436015e+01,,,1.420541e+00,4
2018-04-23 04:40:34.000000,2.385541e+07,1.555915e+07,5.814800e+01,6.034079e+06,3.436565e+01,,,1.421582e+00,4
2018-04-23 04:40:35.000000,2.385541e+07,1.563729e+07,5.833200e+01,6.031958e+06,3.437116e+01,,,1.421236e+00,4
2018-04-23 04:40:36.000000,2.385540e+07,1.571543e+07,5.851600e+01,6.029836e+06,3.437667e+01,,,1.420889e+00,4
2018-04-23 04:40:37.000000,2.385540e+07,1.566257e+07,5.848000e+01,6.027715e+06,3.438218e+01,,,1.420543e+00,4
2018-04-23 04:40:38.000000,2.385539e+07,1.560971e+07,5.844400e+01,6.025594e+06,3.438768e+01,,,1.420196e+00,4
2018-04-23 04:40:39.000000,2.385538e+07,1.546837e+07,5.827400e+01,6.023473e+06,3.439319e+01,,,1.419850e+00,4
2018-04-23 04:40:40.000000,2.385538e+07,1.532703e+07,5.810400e+01,6.021352e+06,3.439870e+01,,,1.419503e+00,4
2018-04-23 04:40:41.000000,2.385537e+07,1.533047e+07,5.809800e+01,6.019230e+06,3.440420e+01,,,1.419157e+00,4
2018-04-23 04:40:42.000000,2.385537e+07,1.533392e+07,5.809200e+01,6.017109e+06,3.440971e+01,,,1.418810e+00,4
2018-04-23 04:40:43.000000,2.385536e+07,1.533737e+07,5.808600e+01,6.014988e+06,3.441522e+01,,,1.418464e+00,4
2018-04-23 04:40:44.000000,2.385535e+07,1.534082e+07,5.808000e+01,6.012791e+06,3.442073e+01,,,1.418117e+00,4
2018-04-23 04:40:45.000000,2.385535e+07,1.549365e+07,5.839800e+01,6.010594e+06,3.442623e+01,,,1.417770e+00,4
2018-04-23 04:40:46.000000,2.385534e+07,1.564648e+07,5.871600e+01,6.008397e+06,3.443174e+01,,,1.415643e+00,4
2018-04-23 04:40:47.000000,2.385534e+07,1.563384e+07,5.872800e+01,6.006200e+06,3.443725e+01,,,1.413515e+00,4
2018-04-23 04:40:48.000000,2.385533e+07,1.562120e+07,5.874000e+01,6.004003e+06,3.444275e+01,,,1.411388e+00,4
2018-04-23 04:40:49.000000,2.385539e+07,1.552697e+07,5.853200e+01,6.001806e+06,3.444826e+01,,,1.409260e+00,4
2018-04-23 04:40:50.000000,2.385546e+07,1.543275e+07,5.832400e+01,5.999609e+06,3.445377e+01,,,1.407133e+00,4
2018-04-23 04:40:51.000000,2.385552e+07,1.536840e+07,5.814600e+01,5.997412e+06,3.445927e+01,,,1.405005e+00,4
2018-04-23 04:40:52.000000,2.385559e+07,1.530405e+07,5.796800e+01,5.995215e+06,3.446478e+01,,,1.402878e+00,4
2018-04-23 04:40:53.000000,2.385565e+07,1.537414e+07,5.807200e+01,5.993018e+06,3.447029e+01,,,1.400750e+00,4
2018-04-23 04:40:54.000000,2.385571e+07,1.544424e+07,5.817600e+01,5.990821e+06,3.447580e+01,,,1.398623e+00,4
2018-04-23 04:40:55.000000,2.385578e+07,1.551433e+07,5.828000e+01,5.983170e+06,3.448130e+01,,,1.396495e+00,4
2018-04-23 04:40:56.000000,2.385584e+07,1.558443e+07,5.838400e+01,5.975518e+06,3.448681e+01,,,1.394368e+00,4
2018-04-23 04:40:57.000000,2.385591e+07,1.565568e+07,5.840800e+01,5.967867e+06,3.449232e+01,,,1.393481e+00,4
2018-04-23 04:40:58.000000,2.385597e+07,1.572692e+07,5.843200e+01,5.960215e+06,3.449783e+01,,,1.392594e+00,4
2018-04-23 04:40:59.000000,2.385603e+07,1.568096e+07,5.852600e+01,5.952564e+06,3.450333e+01,,,1.391708e+00,4
2018-04-23 04:41:00.000000,2.385610e+07,1.563499e+07,5.862000e+01,5.944912e+06,3.450884e+01,,,1.390821e+00,4
2018-04-23 04:41:01.000000,2.385616e+07,1.549365e+07,5.830800e+01,5.937261e+06,3.451435e+01,,,1.389934e+00,4
2018-04-23 04:41:02.000000,2.385622e+07,1.535231e+07,5.799600e+01,5.929609e+06,3.451986e+01,,,1.389048e+00,4
2018-04-23 04:41:03.000000,2.385629e+07,1.535576e+07,5.797200e+01,5.921958e+06,3.452536e+01,,,1.388161e+00,4
2018-04-23 04:41:04.000000,2.385635e+07,1.535920e+07,5.794800e+01,5.914306e+06,3.453087e+01,,,1.387274e+00,4
2018-04-23 04:41:05.000000,2.385642e+07,1.543045e+07,5.802800e+01,5.906655e+06,3.453638e+01,,,1.386388e+00,4
2018-04-23 04:41:06.000000,2.385648e+07,1.550170e+07,5.810800e+01,5.906958e+06,3.454189e+01,,,1.385501e+00,4
2018-04-23 04:41:07.000000,2.385654e+07,1.557294e+07,5.818800e+01,5.907261e+06,3.454739e+01,,,1.384614e+00,4
2018-04-23 04:41:08.000000,2.385661e+07,1.564419e+07,5.826800e+01,5.907564e+06,3.455290e+01,,,1.384541e+00,4
2018-04-23 04:41:09.000000,2.385667e+07,1.565453e+07,5.830600e+01,5.907867e+06,3.455841e+01,,,1.384468e+00,4
2018-04-23 04:41:10.000000,2.385674e+07,1.566487e+07,5.834400e+01,5.908170e+06,3.456392e+01,,,1.384394e+00,4
2018-04-23 04:41:11.000000,2.385680e+07,1.553617e+07,5.816000e+01,5.908473e+06,3.456942e+01,,,1.384321e+00,4
2018-04-23 04:41:12.000000,2.385686e+07,1.540747e+07,5.797600e+01,5.908776e+06,3.457493e+01,,,1.384248e+00,4
2018-04-23 04:41:13.000000,2.385693e+07,1.535690e+07,5.779400e+01,5.909079e+06,3.458044e+01,,,1.384175e+00,4
2018-04-23 04:41:14.000000,2.385699e+07,1.530634e+07,5.761200e+01,5.909382e+06,3.458594e+01,,,1.384101e+00,4
2018-04-23 04:41:15.000000,2.385706e+07,1.532818e+07,5.776800e+01,5.909685e+06,3.459145e+01,,,1.384028e+00,4
2018-04-23 04:41:16.000000,2.385712e+07,1.535001e+07,5.792400e+01,5.909988e+06,3.459696e+01,,,1.383955e+00,4
2018-04-23 04:41:17.000000,2.385718e+07,1.540229e+07,5.800800e+01,5.908852e+06,3.460247e+01,,,1.383881e+00,4
2018-04-23 04:41:18.000000,2.385725e+07,1.545458e+07,5.809200e+01,5.907715e+06,3.460797e+01,,,1.383808e+00,4
2018-04-23 04:41:19.000000,2.385731e+07,1.550687e+07,5.817600e+01,5.906579e+06,3.461348e+01,,,1.385012e+00,4
2018-04-23 04:41:20.000000,2.385737e+07,1.555915e+07,5.826000e+01,5.905442e+06,3.461899e+01,,,1.386215e+00,4
2018-04-23 04:41:21.000000,2.385744e+07,1.564189e+07,5.846000e+01,5.904306e+06,3.462449e+01,,,1.387419e+00,4
2018-04-23 04:41:22.000000,2.385750e+07,1.572463e+07,5.866000e+01,5.903169e+06,3.463000e+01,,,1.388623e+00,4
2018-04-23 04:41:23.000000,2.385729e+07,1.567177e+07,5.854800e+01,5.902033e+06,3.461783e+01,,,1.389826e+00,4
2018-04-23 04:41:24.000000,2.385707e+07,1.561891e+07,5.843600e+01,5.900897e+06,3.460565e+01,,,1.391030e+00,4
2018-04-23 04:41:25.000000,2.385686e+07,1.550055e+07,5.820800e+01,5.899761e+06,3.459348e+01,,,1.392233e+00,4
2018-04-23 04:41:26.000000,2.385665e+07,1.538219e+07,5.798000e+01,5.898624e+06,3.458131e+01,,,1.393437e+00,4
2018-04-23 04:41:27.000000,2.385643e+07,1.534426e+07,5.787200e+01,5.897488e+06,3.456913e+01,,,1.394640e+00,4
2018-04-23 04:41:28.000000,2.385622e+07,1.530634e+07,5.776400e+01,5.904230e+06,3.455696e+01,,,1.395844e+00,4
2018-04-23 04:41:29.000000,2.385600e+07,1.540804e+07,5.795100e+01,5.910973e+06,3.454478e+01,,,1.397048e+00,4
2018-04-23 04:41:30.000000,2.385579e+07,1.550974e+07,5.813800e+01,5.917715e+06,3.453261e+01,,,1.395881e+00,4
2018-04-23 04:41:31.000000,2.385557e+07,1.561144e+07,5.832500e+01,5.924458e+06,3.452044e+01,,,1.394714e+00,4
2018-04-23 04:41:32.000000,2.385536e+07,1.571313e+07,5.851200e+01,5.931200e+06,3.450826e+01,,,1.393548e+00,4
2018-04-23 04:41:33.000000,2.385515e+07,1.568613e+07,5.849700e+01,5.937942e+06,3.449609e+01,,,1.392381e+00,4
2018-04-23 04:41:34.000000,2.385493e+07,1.565912e+07,5.848200e+01,5.944685e+06,3.448391e+01,,,1.391214e+00,4
2018-04-23 04:41:35.000000,2.385471e+07,1.563212e+07,5.846700e+01,5.951427e+06,3.447174e+01,,,1.390048e+00,4
2018-04-23 04:41:36.000000,2.385450e+07,1.560512e+07,5.845200e+01,5.958169e+06,3.445956e+01,,,1.388881e+00,4
2018-04-23 04:41:37.000000,2.385429e+07,1.547641e+07,5.817600e+01,5.964912e+06,3.444739e+01,,,1.387714e+00,4
2018-04-23 04:41:38.000000,2.385407e+07,1.534771e+07,5.790000e+01,5.971654e+06,3.443521e+01,,,1.386548e+00,4
2018-04-23 04:41:39.000000,2.385386e+07,1.537989e+07,5.794800e+01,5.973397e+06,3.442304e+01,,,1.385381e+00,4
2018-04-23 04:41:40.000000,2.385364e+07,1.541206e+07,5.799600e+01,5.975139e+06,3.441087e+01,,,1.384215e+00,4
2018-04-23 04:41:41.000000,2.385343e+07,1.556145e+07,5.828400e+01,5.976882e+06,3.439869e+01,,,1.384496e+00,4
2018-04-23 04:41:42.000000,2.385322e+07,1.571084e+07,5.857200e+01,5.978624e+06,3.438652e+01,,,1.384777e+00,4
2018-04-23 04:41:43.000000,2.385300e+07,1.564763e+07,5.843200e+01,5.980367e+06,3.437435e+01,,,1.385058e+00,4
2018-04-23 04:41:44.000000,2.385279e+07,1.558443e+07,5.829200e+01,5.982109e+06,3.436217e+01,,,1.385339e+00,4
2018-04-23 04:41:45.000000,2.385257e+07,1.544998e+07,5.813800e+01,5.983852e+06,3.435000e+01,,,1.385620e+00,4
2018-04-23 04:41:46.000000,2.385236e+07,1.531554e+07,5.798400e+01,5.985594e+06,3.435739e+01,,,1.385901e+00,4
2018-04-23 04:41:47.000000,2.385214e+07,1.533220e+07,5.793700e+01,5.987336e+06,3.436478e+01,,,1.386182e+00,4
2018-04-23 04:41:48.000000,2.385193e+07,1.534886e+07,5.789000e+01,5.989079e+06,3.437217e+01,,,1.386463e+00,4
2018-04-23 04:41:49.000000,2.385172e+07,1.536552e+07,5.784300e+01,5.990821e+06,3.437956e+01,,,1.386744e+00,4
2018-04-23 04:41:50.000000,2.385150e+07,1.538219e+07,5.779600e+01,5.996958e+06,3.438696e+01,,,1.387025e+00,4
2018-04-23 04:41:51.000000,2.385128e+07,1.552008e+07,5.797200e+01,6.003094e+06,3.439435e+01,,,1.387306e+00,4
2018-04-23 04:41:52.000000,2.385107e+07,1.565798e+07,5.814800e+01,6.009230e+06,3.440174e+01,,,1.387014e+00,4
2018-04-23 04:41:53.000000,2.385086e+07,1.564074e+07,5.813600e+01,6.015367e+06,3.440913e+01,,,1.386722e+00,4
2018-04-23 04:41:54.000000,2.385064e+07,1.562350e+07,5.812400e+01,6.021503e+06,3.441652e+01,,,1.386429e+00,4
2018-04-23 04:41:55.000000,2.385073e+07,1.546263e+07,5.794200e+01,6.027640e+06,3.442391e+01,,,1.386137e+00,4
2018-04-23 04:41:56.000000,2.385081e+07,1.530175e+07,5.776000e+01,6.033776e+06,3.443130e+01,,,1.385845e+00,4
2018-04-23 04:41:57.000000,2.385090e+07,1.542585e+07,5.793000e+01,6.039912e+06,3.443869e+01,,,1.385553e+00,4
2018-04-23 04:41:58.000000,2.385098e+07,1.554996e+07,5.810000e+01,6.046048e+06,3.444609e+01,,,1.385260e+00,4
2018-04-23 04:41:59.000000,2.385107e+07,1.563155e+07,5.824600e+01,6.052185e+06,3.445348e+01,,,1.384968e+00,4
2018-04-23 04:42:00.000000,2.385115e+07,1.571313e+07,5.839200e+01,6.058321e+06,3.446087e+01,,,1.384676e+00,4
2018-04-23 04:42:01.000000,2.385123e+07,1.567004e+07,5.833600e+01,6.069382e+06,3.446826e+01,,,1.384384e+00,4
2018-04-23 04:42:02.000000,2.385132e+07,1.562695e+07,5.828000e+01,6.080442e+06,3.447565e+01,,,1.384092e+00,4
2018-04-23 04:42:03.000000,2.385140e+07,1.558386e+07,5.822400e+01,6.091503e+06,3.448304e+01,,,1.384475e+00,4
2018-04-23 04:42:04.000000,2.385149e+07,1.554077e+07,5.816800e+01,6.102563e+06,3.449043e+01,,,1.384858e+00,4
2018-04-23 04:42:05.000000,2.385157e+07,1.544998e+07,5.801200e+01,6.113624e+06,3.449783e+01,,,1.385241e+00,4
2018-04-23 04:42:06.000000,2.385166e+07,1.535920e+07,5.785600e+01,6.124685e+06,3.450521e+01,,,1.385625e+00,4
2018-04-23 04:42:07.000000,2.385174e+07,1.551893e+07,5.804800e+01,6.135746e+06,3.451261e+01,,,1.386008e+00,4
2018-04-23 04:42:08.000000,2.385183e+07,1.567866e+07,5.824000e+01,6.146806e+06,3.452000e+01,,,1.386391e+00,4
2018-04-23 04:42:09.000000,2.385191e+07,1.566832e+07,5.819000e+01,6.157867e+06,3.452739e+01,,,1.386774e+00,4
2018-04-23 04:42:10.000000,2.385200e+07,1.565798e+07,5.814000e+01,6.168927e+06,3.453478e+01,,,1.387158e+00,4
2018-04-23 04:42:11.000000,2.385208e+07,1.548561e+07,5.778000e+01,6.179988e+06,3.454217e+01,,,1.387541e+00,4
2018-04-23 04:42:12.000000,2.385217e+07,1.531324e+07,5.742000e+01,6.185442e+06,3.454956e+01,,,1.387924e+00,4
2018-04-23 04:42:13.000000,2.385225e+07,1.539597e+07,5.754000e+01,6.190897e+06,3.455695e+01,,,1.388308e+00,4
2018-04-23 04:42:14.000000,2.385233e+07,1.547871e+07,5.766000e+01,6.196352e+06,3.456435e+01,,,1.387021e+00,4
2018-04-23 04:42:15.000000,2.385242e+07,1.554077e+07,5.772600e+01,6.201806e+06,3.457174e+01,,,1.385734e+00,4
2018-04-23 04:42:16.000000,2.385250e+07,1.560282e+07,5.779200e+01,6.207261e+06,3.457913e+01,,,1.384446e+00,4
2018-04-23 04:42:17.000000,2.385259e+07,1.566487e+07,5.785800e+01,6.212715e+06,3.458652e+01,,,1.383159e+00,4
2018-04-23 04:42:18.000000,2.385267e+07,1.572692e+07,5.792400e+01,6.218169e+06,3.459391e+01,,,1.381872e+00,4
2018-04-23 04:42:19.000000,2.385276e+07,1.563270e+07,5.770200e+01,6.223624e+06,3.460130e+01,,,1.380585e+00,4
2018-04-23 04:42:20.000000,2.385284e+07,1.553847e+07,5.748000e+01,6.229079e+06,3.460870e+01,,,1.379298e+00,4
2018-04-23 04:42:21.000000,2.385293e+07,1.542355e+07,5.733400e+01,6.234533e+06,3.461609e+01,,,1.378011e+00,4
2018-04-23 04:42:22.000000,2.385301e+07,1.530864e+07,5.718800e+01,6.239988e+06,3.462348e+01,,,1.376723e+00,4
2018-04-23 04:42:23.000000,2.385310e+07,1.538908e+07,5.747000e+01,6.245594e+06,3.463087e+01,,,1.375436e+00,4
2018-04-23 04:42:24.000000,2.385318e+07,1.546952e+07,5.775200e+01,6.251200e+06,3.463826e+01,,,1.374149e+00,4
2018-04-23 04:42:25.000000,2.385327e+07,1.560512e+07,5.797800e+01,6.256806e+06,3.464565e+01,,,1.373761e+00,4
2018-04-23 04:42:26.000000,2.385335e+07,1.574071e+07,5.820400e+01,6.262412e+06,3.465304e+01,,,1.373373e+00,4
2018-04-23 04:42:27.000000,2.385343e+07,1.557984e+07,5.787200e+01,6.268018e+06,3.466043e+01,,,1.372985e+00,4
2018-04-23 04:42:28.000000,2.385352e+07,1.541896e+07,5.754000e+01,6.273624e+06,3.466782e+01,,,1.372598e+00,4
2018-04-23 04:42:29.000000,2.385397e+07,1.546454e+07,5.757000e+01,6.279230e+06,3.467522e+01,,,1.372210e+00,4
2018-04-23 04:42:30.000000,2.385442e+07,1.551012e+07,5.760000e+01,6.284836e+06,3.468261e+01,,,1.371822e+00,4
2018-04-23 04:42:31.000000,2.385487e+07,1.555570e+07,5.763000e+01,6.290442e+06,3.469000e+01,,,1.371434e+00,4
2018-04-23 04:42:32.000000,2.385532e+07,1.560129e+07,5.766000e+01,6.296048e+06,3.470811e+01,,,1.371046e+00,4
2018-04-23 04:42:33.000000,2.385577e+07,1.564687e+07,5.790600e+01,6.301654e+06,3.472623e+01,,,1.370658e+00,4
2018-04-23 04:42:34.000000,2.385622e+07,1.569245e+07,5.815200e+01,6.305594e+06,3.474435e+01,,,1.370270e+00,4
2018-04-23 04:42:35.000000,2.385667e+07,1.571313e+07,5.827000e+01,6.309533e+06,3.476246e+01,,,1.369882e+00,4
2018-04-23 04:42:36.000000,2.385712e+07,1.573382e+07,5.838800e+01,6.313472e+06,3.478058e+01,,,1.370045e+00,4
2018-04-23 04:42:37.000000,2.385757e+07,1.556949e+07,5.807800e+01,6.317412e+06,3.479869e+01,,,1.370208e+00,4
2018-04-23 04:42:38.000000,2.385803e+07,1.540517e+07,5.776800e+01,6.321351e+06,3.481681e+01,,,1.370371e+00,4
2018-04-23 04:42:39.000000,2.385848e+07,1.538851e+07,5.778500e+01,6.325291e+06,3.483493e+01,,,1.370533e+00,4
2018-04-23 04:42:40.000000,2.385893e+07,1.537184e+07,5.780200e+01,6.329230e+06,3.485304e+01,,,1.370696e+00,4
2018-04-23 04:42:41.000000,2.385938e+07,1.535518e+07,5.781900e+01,6.333169e+06,3.487116e+01,,,1.370859e+00,4
2018-04-23 04:42:42.000000,2.385983e+07,1.533852e+07,5.783600e+01,6.337108e+06,3.488927e+01,,,1.371022e+00,4
2018-04-23 04:42:43.000000,2.386028e+07,1.547297e+07,5.807400e+01,6.341048e+06,3.490739e+01,,,1.371185e+00,4
2018-04-23 04:42:44.000000,2.386073e+07,1.560741e+07,5.831200e+01,6.344987e+06,3.492551e+01,,,1.371348e+00,4
2018-04-23 04:42:45.000000,2.386118e+07,1.567866e+07,5.843400e+01,6.347791e+06,3.494362e+01,,,1.371511e+00,4
2018-04-23 04:42:46.000000,2.386163e+07,1.574991e+07,5.855600e+01,6.350593e+06,3.496174e+01,,,1.371673e+00,4
2018-04-23 04:42:47.000000,2.386208e+07,1.562810e+07,5.830000e+01,6.353396e+06,3.497985e+01,,,1.375266e+00,4
2018-04-23 04:42:48.000000,2.386253e+07,1.550629e+07,5.804400e+01,6.356200e+06,3.499797e+01,,,1.378859e+00,4
2018-04-23 04:42:49.000000,2.386298e+07,1.545113e+07,5.798000e+01,6.359002e+06,3.501609e+01,,,1.382452e+00,4
2018-04-23 04:42:50.000000,2.386343e+07,1.539597e+07,5.791600e+01,6.361806e+06,3.503420e+01,,,1.386045e+00,4
2018-04-23 04:42:51.000000,2.386389e+07,1.547239e+07,5.802100e+01,6.364608e+06,3.505232e+01,,,1.389637e+00,4
2018-04-23 04:42:52.000000,2.386434e+07,1.554881e+07,5.812600e+01,6.367412e+06,3.507043e+01,,,1.393230e+00,4
2018-04-23 04:42:53.000000,2.386479e+07,1.562523e+07,5.823100e+01,6.370215e+06,3.508855e+01,,,1.396823e+00,4
2018-04-23 04:42:54.000000,2.386524e+07,1.570164e+07,5.833600e+01,6.373018e+06,3.510667e+01,,,1.400416e+00,4
2018-04-23 04:42:55.000000,2.386569e+07,1.572003e+07,5.841200e+01,6.375821e+06,3.512478e+01,,,1.404009e+00,4
2018-04-23 04:42:56.000000,2.386614e+07,1.573842e+07,5.848800e+01,6.376730e+06,3.514290e+01,,,1.407601e+00,4
2018-04-23 04:42:57.000000,2.386659e+07,1.559362e+07,5.819400e+01,6.377639e+06,3.516101e+01,,,1.411194e+00,4
2018-04-23 04:42:58.000000,2.386704e+07,1.544884e+07,5.790000e+01,6.378548e+06,3.517913e+01,,,1.408433e+00,4
2018-04-23 04:42:59.000000,2.386749e+07,1.546837e+07,5.792400e+01,6.379457e+06,3.519725e+01,,,1.405672e+00,4
2018-04-23 04:43:00.000000,2.386794e+07,1.548791e+07,5.794800e+01,6.380366e+06,3.521536e+01,,,1.402911e+00,4
2018-04-23 04:43:01.000000,2.386818e+07,1.563384e+07,5.820800e+01,6.381275e+06,3.523348e+01,,,1.400150e+00,4
2018-04-23 04:43:02.000000,2.386842e+07,1.577978e+07,5.846800e+01,6.382185e+06,3.525159e+01,,,1.397389e+00,4
2018-04-23 04:43:03.000000,2.386865e+07,1.568728e+07,5.830100e+01,6.383094e+06,3.526971e+01,,,1.394629e+00,4
2018-04-23 04:43:04.000000,2.386889e+07,1.559478e+07,5.813400e+01,6.384002e+06,3.528783e+01,,,1.391868e+00,4
2018-04-23 04:43:05.000000,2.386913e+07,1.550227e+07,5.796700e+01,6.384912e+06,3.530594e+01,,,1.389107e+00,4
2018-04-23 04:43:06.000000,2.386937e+07,1.540977e+07,5.780000e+01,6.385821e+06,3.532405e+01,,,1.386346e+00,4
2018-04-23 04:43:07.000000,2.386960e+07,1.549480e+07,5.769000e+01,6.381275e+06,3.534217e+01,,,1.383585e+00,4
2018-04-23 04:43:08.000000,2.386984e+07,1.557984e+07,5.758000e+01,6.376730e+06,3.536029e+01,,,1.380824e+00,4
2018-04-23 04:43:09.000000,2.387008e+07,1.566487e+07,5.788000e+01,6.372185e+06,3.537840e+01,,,1.382713e+00,4
2018-04-23 04:43:10.000000,2.387032e+07,1.574991e+07,5.818000e+01,6.367639e+06,3.539652e+01,,,1.384603e+00,4
2018-04-23 04:43:11.000000,2.387055e+07,1.571313e+07,5.815200e+01,6.363094e+06,3.541463e+01,,,1.386492e+00,4
2018-04-23 04:43:12.000000,2.387079e+07,1.567636e+07,5.812400e+01,6.358548e+06,3.543275e+01,,,1.388382e+00,4
2018-04-23 04:43:13.000000,2.387103e+07,1.556260e+07,5.794000e+01,6.354002e+06,3.545087e+01,,,1.390271e+00,4
2018-04-23 04:43:14.000000,2.387126e+07,1.544884e+07,5.775600e+01,6.349457e+06,3.546898e+01,,,1.392161e+00,4
2018-04-23 04:43:15.000000,2.387150e+07,1.547067e+07,5.782800e+01,6.344912e+06,3.548710e+01,,,1.394050e+00,4
2018-04-23 04:43:16.000000,2.387174e+07,1.549250e+07,5.790000e+01,6.340366e+06,3.550521e+01,,,1.395940e+00,4
2018-04-23 04:43:17.000000,2.387198e+07,1.556490e+07,5.796800e+01,6.335821e+06,3.552333e+01,,,1.397829e+00,4
2018-04-23 04:43:18.000000,2.387222e+07,1.563729e+07,5.803600e+01,6.319533e+06,3.554145e+01,,,1.399719e+00,4
2018-04-23 04:43:19.000000,2.387245e+07,1.570969e+07,5.810400e+01,6.303245e+06,3.555956e+01,,,1.401608e+00,4
2018-04-23 04:43:20.000000,2.387269e+07,1.578208e+07,5.817200e+01,6.286957e+06,3.557768e+01,,,1.402663e+00,4
2018-04-23 04:43:21.000000,2.387293e+07,1.564648e+07,5.798400e+01,6.270669e+06,3.559579e+01,,,1.403718e+00,4
2018-04-23 04:43:22.000000,2.387316e+07,1.551089e+07,5.779600e+01,6.254381e+06,3.561391e+01,,,1.404773e+00,4
2018-04-23 04:43:23.000000,2.387340e+07,1.544998e+07,5.774000e+01,6.238094e+06,3.563203e+01,,,1.405828e+00,4
2018-04-23 04:43:24.000000,2.387364e+07,1.538908e+07,5.768400e+01,6.221806e+06,3.565014e+01,,,1.406883e+00,4
2018-04-23 04:43:25.000000,2.387388e+07,1.550629e+07,5.791800e+01,6.205518e+06,3.566826e+01,,,1.407938e+00,4
2018-04-23 04:43:26.000000,2.387411e+07,1.562350e+07,5.815200e+01,6.189230e+06,3.568637e+01,,,1.408993e+00,4
2018-04-23 04:43:27.000000,2.387435e+07,1.566774e+07,5.821000e+01,6.172942e+06,3.570449e+01,,,1.410048e+00,4
2018-04-23 04:43:28.000000,2.387459e+07,1.571199e+07,5.826800e+01,6.156654e+06,3.572261e+01,,,1.411103e+00,4
2018-04-23 04:43:29.000000,2.387483e+07,1.575623e+07,5.832600e+01,6.139079e+06,3.574072e+01,,,1.412158e+00,4
2018-04-23 04:43:30.000000,2.387506e+07,1.580047e+07,5.838400e+01,6.121503e+06,3.575884e+01,,,1.413213e+00,4
2018-04-23 04:43:31.000000,2.387530e+07,1.577519e+07,5.824600e+01,6.103927e+06,3.577695e+01,,,1.410651e+00,4
2018-04-23 04:43:32.000000,2.387554e+07,1.574991e+07,5.810800e+01,6.086352e+06,3.579507e+01,,,1.408089e+00,4
2018-04-23 04:43:33.000000,2.387502e+07,1.572578e+07,5.805400e+01,6.068776e+06,3.581319e+01,,,1.405528e+00,4
2018-04-23 04:43:34.000000,2.387450e+07,1.570164e+07,5.800000e+01,6.051200e+06,3.583130e+01,,,1.402966e+00,4
2018-04-23 04:43:35.000000,2.387398e+07,1.555111e+07,5.769600e+01,6.033624e+06,3.584942e+01,,,1.400404e+00,4
2018-04-23 04:43:36.000000,2.387346e+07,1.540057e+07,5.739200e+01,6.016048e+06,3.586753e+01,,,1.397842e+00,4
2018-04-23 04:43:37.000000,2.387295e+07,1.549710e+07,5.754800e+01,5.998473e+06,3.588565e+01,,,1.395280e+00,4
2018-04-23 04:43:38.000000,2.387243e+07,1.559362e+07,5.770400e+01,5.980897e+06,3.590377e+01,,,1.392718e+00,4
2018-04-23 04:43:39.000000,2.387191e+07,1.563902e+07,5.783500e+01,5.963321e+06,3.592188e+01,,,1.390156e+00,4
2018-04-23 04:43:40.000000,2.387139e+07,1.568441e+07,5.796600e+01,5.948700e+06,3.594000e+01,,,1.387594e+00,4
2018-04-23 04:43:41.000000,2.387087e+07,1.572980e+07,5.809700e+01,5.934079e+06,3.588043e+01,,,1.385032e+00,4
2018-04-23 04:43:42.000000,2.387036e+07,1.577519e+07,5.822800e+01,5.919458e+06,3.582087e+01,,,1.387443e+00,4
2018-04-23 04:43:43.000000,2.386984e+07,1.574531e+07,5.824000e+01,5.904836e+06,3.576130e+01,,,1.389853e+00,4
2018-04-23 04:43:44.000000,2.386932e+07,1.571543e+07,5.825200e+01,5.890215e+06,3.570174e+01,,,1.392263e+00,4
2018-04-23 04:43:45.000000,2.386880e+07,1.553962e+07,5.787400e+01,5.875594e+06,3.564217e+01,,,1.394674e+00,4
2018-04-23 04:43:46.000000,2.386828e+07,1.536380e+07,5.749600e+01,5.860973e+06,3.558261e+01,,,1.397084e+00,4
2018-04-23 04:43:47.000000,2.386776e+07,1.540977e+07,5.763200e+01,5.846352e+06,3.552304e+01,,,1.399494e+00,4
2018-04-23 04:43:48.000000,2.386724e+07,1.545573e+07,5.776800e+01,5.831730e+06,3.546348e+01,,,1.401905e+00,4
2018-04-23 04:43:49.000000,2.386673e+07,1.562235e+07,5.807000e+01,5.817109e+06,3.540391e+01,,,1.404315e+00,4
2018-04-23 04:43:50.000000,2.386621e+07,1.578898e+07,5.837200e+01,5.802488e+06,3.534435e+01,,,1.406726e+00,4
2018-04-23 04:43:51.000000,2.386569e+07,1.574071e+07,5.828000e+01,5.792185e+06,3.528478e+01,,,1.409136e+00,4
2018-04-23 04:43:52.000000,2.386517e+07,1.569245e+07,5.818800e+01,5.781882e+06,3.522522e+01,,,1.411546e+00,4
2018-04-23 04:43:53.000000,2.386465e+07,1.564419e+07,5.809600e+01,5.771579e+06,3.516565e+01,,,1.411287e+00,4
2018-04-23 04:43:54.000000,2.386413e+07,1.559592e+07,5.800400e+01,5.761276e+06,3.510609e+01,,,1.411029e+00,4
2018-04-23 04:43:55.000000,2.386362e+07,1.546377e+07,5.767600e+01,5.750973e+06,3.504652e+01,,,1.410770e+00,4
2018-04-23 04:43:56.000000,2.386310e+07,1.533162e+07,5.734800e+01,5.740670e+06,3.498696e+01,,,1.410511e+00,4
2018-04-23 04:43:57.000000,2.386258e+07,1.537184e+07,5.740000e+01,5.730367e+06,3.492739e+01,,,1.410253e+00,4
2018-04-23 04:43:58.000000,2.386206e+07,1.541206e+07,5.745200e+01,5.720064e+06,3.486782e+01,,,1.409994e+00,4
2018-04-23 04:43:59.000000,2.386154e+07,1.556834e+07,5.780600e+01,5.709761e+06,3.480826e+01,,,1.409735e+00,4
2018-04-23 04:44:00.000000,2.386102e+07,1.572463e+07,5.816000e+01,5.699458e+06,3.474870e+01,,,1.409476e+00,4
2018-04-23 04:44:01.000000,2.386050e+07,1.566717e+07,5.822600e+01,5.689155e+06,3.468913e+01,,,1.409218e+00,4
2018-04-23 04:44:02.000000,2.385999e+07,1.560971e+07,5.829200e+01,5.688246e+06,3.462957e+01,,,1.408959e+00,4
2018-04-23 04:44:03.000000,2.385947e+07,1.555973e+07,5.818500e+01,5.687336e+06,3.457000e+01,,,1.408700e+00,4
2018-04-23 04:44:04.000000,2.385895e+07,1.550974e+07,5.807800e+01,5.686428e+06,3.449217e+01,,,1.404804e+00,4
2018-04-23 04:44:05.000000,2.385821e+07,1.545975e+07,5.797100e+01,5.685519e+06,3.441435e+01,,,1.400908e+00,4
2018-04-23 04:44:06.000000,2.385747e+07,1.540977e+07,5.786400e+01,5.684609e+06,3.433652e+01,,,1.397012e+00,4
2018-04-23 04:44:07.000000,2.385674e+07,1.537414e+07,5.780000e+01,5.683700e+06,3.425869e+01,,,1.393116e+00,4
2018-04-23 04:44:08.000000,2.385600e+07,1.533852e+07,5.773600e+01,5.682791e+06,3.418087e+01,,,1.389220e+00,4
2018-04-23 04:44:09.000000,2.385526e+07,1.551089e+07,5.806400e+01,5.681882e+06,3.410304e+01,,,1.385324e+00,4
2018-04-23 04:44:10.000000,2.385452e+07,1.568326e+07,5.839200e+01,5.680973e+06,3.402522e+01,,,1.381428e+00,4
2018-04-23 04:44:11.000000,2.385378e+07,1.565568e+07,5.829600e+01,5.680064e+06,3.394739e+01,,,1.377532e+00,4
2018-04-23 04:44:12.000000,2.385305e+07,1.562810e+07,5.820000e+01,5.679155e+06,3.386956e+01,,,1.373636e+00,4
2018-04-23 04:44:13.000000,2.385231e+07,1.548561e+07,5.786800e+01,5.693246e+06,3.379174e+01,,,1.369740e+00,4
2018-04-23 04:44:14.000000,2.385157e+07,1.534312e+07,5.753600e+01,5.707336e+06,3.371391e+01,,,1.365844e+00,4
2018-04-23 04:44:15.000000,2.385083e+07,1.533162e+07,5.756600e+01,5.721428e+06,3.363609e+01,,,1.367687e+00,4
2018-04-23 04:44:16.000000,2.385010e+07,1.532013e+07,5.759600e+01,5.735519e+06,3.355826e+01,,,1.369531e+00,4
2018-04-23 04:44:17.000000,2.384936e+07,1.530864e+07,5.762600e+01,5.749609e+06,3.348043e+01,,,1.371374e+00,4
2018-04-23 04:44:18.000000,2.384862e+07,1.529715e+07,5.765600e+01,5.763700e+06,3.340261e+01,,,1.373218e+00,4
2018-04-23 04:44:19.000000,2.384788e+07,1.545918e+07,5.798200e+01,5.777791e+06,3.332478e+01,,,1.375061e+00,4
2018-04-23 04:44:20.000000,2.384715e+07,1.562120e+07,5.830800e+01,5.791882e+06,3.324696e+01,,,1.376905e+00,4
2018-04-23 04:44:21.000000,2.384641e+07,1.566372e+07,5.843000e+01,5.805973e+06,3.316913e+01,,,1.378749e+00,4
2018-04-23 04:44:22.000000,2.384567e+07,1.570624e+07,5.855200e+01,5.820064e+06,3.309130e+01,,,1.380592e+00,4
2018-04-23 04:44:23.000000,2.384493e+07,1.560052e+07,5.841600e+01,5.834155e+06,3.301348e+01,,,1.382435e+00,4
2018-04-23 04:44:24.000000,2.384419e+07,1.549480e+07,5.828000e+01,5.837261e+06,3.293565e+01,,,1.384279e+00,4
2018-04-23 04:44:25.000000,2.384346e+07,1.538563e+07,5.790000e+01,5.840367e+06,3.285783e+01,,,1.386123e+00,4
2018-04-23 04:44:26.000000,2.384272e+07,1.527647e+07,5.752000e+01,5.843473e+06,3.278000e+01,,,1.387977e+00,4
2018-04-23 04:44:27.000000,2.384198e+07,1.529140e+07,5.756500e+01,5.846579e+06,3.275869e+01,,,1.389831e+00,4
2018-04-23 04:44:28.000000,2.384124e+07,1.530634e+07,5.761000e+01,5.849685e+06,3.273739e+01,,,1.391685e+00,4
2018-04-23 04:44:29.000000,2.384050e+07,1.532128e+07,5.765500e+01,5.852791e+06,3.271609e+01,,,1.393539e+00,4
2018-04-23 04:44:30.000000,2.383977e+07,1.533622e+07,5.770000e+01,5.855897e+06,3.269478e+01,,,1.395393e+00,4
2018-04-23 04:44:31.000000,2.383903e+07,1.549595e+07,5.816000e+01,5.859003e+06,3.267348e+01,,,1.397248e+00,4
2018-04-23 04:44:32.000000,2.383829e+07,1.565568e+07,5.862000e+01,5.862109e+06,3.265217e+01,,,1.399102e+00,4
2018-04-23 04:44:33.000000,2.383755e+07,1.567177e+07,5.879200e+01,5.865215e+06,3.263087e+01,,,1.400956e+00,4
2018-04-23 04:44:34.000000,2.383681e+07,1.568785e+07,5.896400e+01,5.868321e+06,3.260957e+01,,,1.402810e+00,4
2018-04-23 04:44:35.000000,2.383608e+07,1.564648e+07,5.890000e+01,5.875670e+06,3.258826e+01,,,1.404664e+00,4
2018-04-23 04:44:36.000000,2.383534e+07,1.560512e+07,5.883600e+01,5.883018e+06,3.256696e+01,,,1.406519e+00,4
2018-04-23 04:44:37.000000,2.383460e+07,1.546147e+07,5.857200e+01,5.890367e+06,3.254565e+01,,,1.407606e+00,4
2018-04-23 04:44:38.000000,2.383386e+07,1.531783e+07,5.830800e+01,5.897715e+06,3.252435e+01,,,1.408694e+00,4
2018-04-23 04:44:39.000000,2.383424e+07,1.532415e+07,5.841200e+01,5.905064e+06,3.250304e+01,,,1.409782e+00,4
2018-04-23 04:44:40.000000,2.383461e+07,1.533047e+07,5.851600e+01,5.912412e+06,3.248174e+01,,,1.410870e+00,4
2018-04-23 04:44:41.000000,2.383498e+07,1.533680e+07,5.862000e+01,5.919761e+06,3.246043e+01,,,1.411958e+00,4
2018-04-23 04:44:42.000000,2.383536e+07,1.534312e+07,5.872400e+01,5.927109e+06,3.243913e+01,,,1.413046e+00,4
2018-04-23 04:44:43.000000,2.383573e+07,1.550514e+07,5.882800e+01,5.934458e+06,3.241783e+01,,,1.414134e+00,4
2018-04-23 04:44:44.000000,2.383610e+07,1.566717e+07,5.893200e+01,5.941806e+06,3.239652e+01,,,1.415221e+00,4
2018-04-23 04:44:45.000000,2.383647e+07,1.567521e+07,5.900800e+01,5.949155e+06,3.237522e+01,,,1.416309e+00,4
2018-04-23 04:44:46.000000,2.383685e+07,1.568326e+07,5.908400e+01,5.953625e+06,3.235391e+01,,,1.417397e+00,4
2018-04-23 04:44:47.000000,2.383722e+07,1.552697e+07,5.881600e+01,5.958094e+06,3.233261e+01,,,1.418485e+00,4
2018-04-23 04:44:48.000000,2.383759e+07,1.537069e+07,5.854800e+01,5.962564e+06,3.231131e+01,,,1.417054e+00,4
2018-04-23 04:44:49.000000,2.383797e+07,1.532128e+07,5.839600e+01,5.967034e+06,3.229000e+01,,,1.415623e+00,4
2018-04-23 04:44:50.000000,2.383834e+07,1.527187e+07,5.824400e+01,5.971503e+06,3.232319e+01,,,1.414192e+00,4
2018-04-23 04:44:51.000000,2.383871e+07,1.531841e+07,5.836700e+01,5.975973e+06,3.235638e+01,,,1.412761e+00,4
2018-04-23 04:44:52.000000,2.383909e+07,1.536495e+07,5.849000e+01,5.980442e+06,3.238956e+01,,,1.411330e+00,4
2018-04-23 04:44:53.000000,2.383946e+07,1.541149e+07,5.861300e+01,5.984912e+06,3.242276e+01,,,1.409899e+00,4
2018-04-23 04:44:54.000000,2.383983e+07,1.545803e+07,5.873600e+01,5.989382e+06,3.245594e+01,,,1.408468e+00,4
2018-04-23 04:44:55.000000,2.384020e+07,1.558098e+07,5.890800e+01,5.993852e+06,3.248913e+01,,,1.407037e+00,4
2018-04-23 04:44:56.000000,2.384058e+07,1.570394e+07,5.908000e+01,5.998321e+06,3.252232e+01,,,1.405607e+00,4
2018-04-23 04:44:57.000000,2.384095e+07,1.558214e+07,5.871800e+01,5.999988e+06,3.255551e+01,,,1.404176e+00,4
2018-04-23 04:44:58.000000,2.384132e+07,1.546033e+07,5.835600e+01,6.001655e+06,3.258870e+01,,,1.402745e+00,4
2018-04-23 04:44:59.000000,2.384170e+07,1.536610e+07,5.822200e+01,6.003321e+06,3.262188e+01,,,1.403055e+00,4
2018-04-23 04:45:00.000000,2.384207e+07,1.527187e+07,5.808800e+01,6.004988e+06,3.265508e+01,,,1.403365e+00,4
2018-04-23 04:45:01.000000,2.384244e+07,1.535116e+07,5.827200e+01,6.006654e+06,3.268826e+01,,,1.403675e+00,4
2018-04-23 04:45:02.000000,2.384281e+07,1.543045e+07,5.845600e+01,6.008321e+06,3.272145e+01,,,1.403985e+00,4
2018-04-23 04:45:03.000000,2.384319e+07,1.556145e+07,5.856600e+01,6.009988e+06,3.275464e+01,,,1.404295e+00,4
2018-04-23 04:45:04.000000,2.384356e+07,1.569245e+07,5.867600e+01,6.011654e+06,3.278783e+01,,,1.404605e+00,4
2018-04-23 04:45:05.000000,2.384393e+07,1.558903e+07,5.850600e+01,6.013321e+06,3.282101e+01,,,1.404915e+00,4
2018-04-23 04:45:06.000000,2.384431e+07,1.548561e+07,5.833600e+01,6.014988e+06,3.285420e+01,,,1.405225e+00,4
2018-04-23 04:45:07.000000,2.384468e+07,1.538219e+07,5.816600e+01,6.016654e+06,3.288739e+01,,,1.405535e+00,4
2018-04-23 04:45:08.000000,2.384505e+07,1.527876e+07,5.799600e+01,6.016579e+06,3.292058e+01,,,1.405846e+00,4
2018-04-23 04:45:09.000000,2.384543e+07,1.531956e+07,5.813600e+01,6.016503e+06,3.295377e+01,,,1.406156e+00,4
2018-04-23 04:45:10.000000,2.384580e+07,1.536035e+07,5.827600e+01,6.016427e+06,3.298696e+01,,,1.405584e+00,4
2018-04-23 04:45:11.000000,2.384611e+07,1.540115e+07,5.841600e+01,6.016352e+06,3.302015e+01,,,1.405012e+00,4
2018-04-23 04:45:12.000000,2.384643e+07,1.544194e+07,5.855600e+01,6.016276e+06,3.305333e+01,,,1.404440e+00,4
2018-04-23 04:45:13.000000,2.384674e+07,1.557754e+07,5.877800e+01,6.016200e+06,3.308652e+01,,,1.403868e+00,4
2018-04-23 04:45:14.000000,2.384706e+07,1.571313e+07,5.900000e+01,6.016124e+06,3.311971e+01,,,1.403296e+00,4
2018-04-23 04:45:15.000000,2.384737e+07,1.560856e+07,5.876400e+01,6.016048e+06,3.315290e+01,,,1.402724e+00,4
2018-04-23 04:45:16.000000,2.384769e+07,1.550399e+07,5.852800e+01,6.015973e+06,3.318609e+01,,,1.402152e+00,4
2018-04-23 04:45:17.000000,2.384800e+07,1.539483e+07,5.831000e+01,6.015897e+06,3.321928e+01,,,1.401581e+00,4
2018-04-23 04:45:18.000000,2.384832e+07,1.528566e+07,5.809200e+01,6.015821e+06,3.325246e+01,,,1.401009e+00,4
2018-04-23 04:45:19.000000,2.384863e+07,1.534886e+07,5.806200e+01,6.021579e+06,3.328565e+01,,,1.400437e+00,4
2018-04-23 04:45:20.000000,2.384895e+07,1.541206e+07,5.803200e+01,6.027336e+06,3.331884e+01,,,1.399865e+00,4
2018-04-23 04:45:21.000000,2.384926e+07,1.546722e+07,5.809400e+01,6.033094e+06,3.335203e+01,,,1.398310e+00,4
2018-04-23 04:45:22.000000,2.384958e+07,1.552238e+07,5.815600e+01,6.038852e+06,3.338522e+01,,,1.396755e+00,4
2018-04-23 04:45:23.000000,2.384989e+07,1.557754e+07,5.821800e+01,6.044609e+06,3.341841e+01,,,1.395200e+00,4
2018-04-23 04:45:24.000000,2.385021e+07,1.563270e+07,5.828000e+01,6.050367e+06,3.345160e+01,,,1.393645e+00,4
2018-04-23 04:45:25.000000,2.385052e+07,1.557064e+07,5.837200e+01,6.056124e+06,3.348478e+01,,,1.392090e+00,4
2018-04-23 04:45:26.000000,2.385084e+07,1.550859e+07,5.846400e+01,6.061882e+06,3.351797e+01,,,1.390535e+00,4
2018-04-23 04:45:27.000000,2.385115e+07,1.544654e+07,5.828800e+01,6.067639e+06,3.355116e+01,,,1.388980e+00,4
2018-04-23 04:45:28.000000,2.385147e+07,1.538448e+07,5.811200e+01,6.073397e+06,3.358435e+01,,,1.387425e+00,4
2018-04-23 04:45:29.000000,2.385178e+07,1.545573e+07,5.822000e+01,6.079154e+06,3.361754e+01,,,1.385870e+00,4
2018-04-23 04:45:30.000000,2.385210e+07,1.552698e+07,5.832800e+01,6.078775e+06,3.365073e+01,,,1.384315e+00,4
2018-04-23 04:45:31.000000,2.385241e+07,1.561546e+07,5.847000e+01,6.078397e+06,3.368391e+01,,,1.382760e+00,4
2018-04-23 04:45:32.000000,2.385273e+07,1.570394e+07,5.861200e+01,6.078018e+06,3.371710e+01,,,1.383929e+00,4
2018-04-23 04:45:33.000000,2.385304e+07,1.566372e+07,5.849200e+01,6.077639e+06,3.375029e+01,,,1.385097e+00,4
2018-04-23 04:45:34.000000,2.385336e+07,1.562350e+07,5.837200e+01,6.077260e+06,3.378348e+01,,,1.386265e+00,4
2018-04-23 04:45:35.000000,2.385367e+07,1.547756e+07,5.813800e+01,6.076882e+06,3.381667e+01,,,1.387434e+00,4
2018-04-23 04:45:36.000000,2.385399e+07,1.533162e+07,5.790400e+01,6.076503e+06,3.384986e+01,,,1.388602e+00,4
2018-04-23 04:45:37.000000,2.385430e+07,1.532760e+07,5.791500e+01,6.076124e+06,3.388305e+01,,,1.389770e+00,4
2018-04-23 04:45:38.000000,2.385462e+07,1.532358e+07,5.792600e+01,6.075745e+06,3.391623e+01,,,1.390939e+00,4
2018-04-23 04:45:39.000000,2.385493e+07,1.531956e+07,5.793700e+01,6.075367e+06,3.394942e+01,,,1.392107e+00,4
2018-04-23 04:45:40.000000,2.385525e+07,1.531554e+07,5.794800e+01,6.074988e+06,3.398261e+01,,,1.393275e+00,4
2018-04-23 04:45:41.000000,2.385539e+07,1.548561e+07,5.826400e+01,6.072715e+06,3.401580e+01,,,1.394444e+00,4
2018-04-23 04:45:42.000000,2.385554e+07,1.565568e+07,5.858000e+01,6.070442e+06,3.404899e+01,,,1.395612e+00,4
2018-04-23 04:45:43.000000,2.385568e+07,1.566142e+07,5.873000e+01,6.068169e+06,3.408218e+01,,,1.395276e+00,4
2018-04-23 04:45:44.000000,2.385583e+07,1.566717e+07,5.888000e+01,6.065897e+06,3.411536e+01,,,1.394940e+00,4
2018-04-23 04:45:45.000000,2.385597e+07,1.549940e+07,5.857400e+01,6.063624e+06,3.414855e+01,,,1.394604e+00,4
2018-04-23 04:45:46.000000,2.385612e+07,1.533162e+07,5.826800e+01,6.061352e+06,3.418174e+01,,,1.394268e+00,4
2018-04-23 04:45:47.000000,2.385626e+07,1.532013e+07,5.810600e+01,6.059079e+06,3.421493e+01,,,1.393932e+00,4
2018-04-23 04:45:48.000000,2.385640e+07,1.530864e+07,5.794400e+01,6.056806e+06,3.424812e+01,,,1.393596e+00,4
2018-04-23 04:45:49.000000,2.385655e+07,1.536265e+07,5.803400e+01,6.054533e+06,3.428131e+01,,,1.393260e+00,4
2018-04-23 04:45:50.000000,2.385669e+07,1.541666e+07,5.812400e+01,6.052261e+06,3.431450e+01,,,1.392923e+00,4
2018-04-23 04:45:51.000000,2.385684e+07,1.547067e+07,5.821400e+01,6.049988e+06,3.434768e+01,,,1.392587e+00,4
2018-04-23 04:45:52.000000,2.385698e+07,1.552468e+07,5.830400e+01,6.046276e+06,3.438087e+01,,,1.392251e+00,4
2018-04-23 04:45:53.000000,2.385713e+07,1.562120e+07,5.857000e+01,6.042563e+06,3.441406e+01,,,1.391915e+00,4
2018-04-23 04:45:54.000000,2.385727e+07,1.571773e+07,5.883600e+01,6.038852e+06,3.444725e+01,,,1.390769e+00,4
2018-04-23 04:45:55.000000,2.385742e+07,1.563499e+07,5.854400e+01,6.035139e+06,3.448044e+01,,,1.389622e+00,4
2018-04-23 04:45:56.000000,2.385756e+07,1.555226e+07,5.825200e+01,6.031427e+06,3.451363e+01,,,1.388475e+00,4
2018-04-23 04:45:57.000000,2.385771e+07,1.545113e+07,5.812000e+01,6.027715e+06,3.454681e+01,,,1.387329e+00,4
2018-04-23 04:45:58.000000,2.385785e+07,1.535001e+07,5.798800e+01,6.024003e+06,3.458000e+01,,,1.386182e+00,4
2018-04-23 04:45:59.000000,2.385799e+07,1.532703e+07,5.790400e+01,6.020291e+06,3.458487e+01,,,1.385036e+00,4
2018-04-23 04:46:00.000000,2.385814e+07,1.530405e+07,5.782000e+01,6.016579e+06,3.458974e+01,,,1.383889e+00,4
2018-04-23 04:46:01.000000,2.385828e+07,1.534541e+07,5.796100e+01,6.012866e+06,3.459461e+01,,,1.382742e+00,4
2018-04-23 04:46:02.000000,2.385843e+07,1.538678e+07,5.810200e+01,6.009154e+06,3.459948e+01,,,1.381596e+00,4
2018-04-23 04:46:03.000000,2.385857e+07,1.542815e+07,5.824300e+01,6.004836e+06,3.460435e+01,,,1.380449e+00,4
2018-04-23 04:46:04.000000,2.385872e+07,1.546952e+07,5.838400e+01,6.000518e+06,3.460922e+01,,,1.379303e+00,4
2018-04-23 04:46:05.000000,2.385886e+07,1.559707e+07,5.863000e+01,5.996200e+06,3.461409e+01,,,1.381723e+00,4
2018-04-23 04:46:06.000000,2.385901e+07,1.572463e+07,5.887600e+01,5.991881e+06,3.461896e+01,,,1.384142e+00,4
2018-04-23 04:46:07.000000,2.385915e+07,1.560282e+07,5.873400e+01,5.987563e+06,3.462383e+01,,,1.386562e+00,4
2018-04-23 04:46:08.000000,2.385929e+07,1.548101e+07,5.859200e+01,5.983245e+06,3.462870e+01,,,1.388982e+00,4
2018-04-23 04:46:09.000000,2.385944e+07,1.539827e+07,5.835600e+01,5.978927e+06,3.463357e+01,,,1.391402e+00,4
2018-04-23 04:46:10.000000,2.385958e+07,1.531554e+07,5.812000e+01,5.974609e+06,3.463844e+01,,,1.393822e+00,4
2018-04-23 04:46:11.000000,2.385973e+07,1.534427e+07,5.820200e+01,5.970291e+06,3.464331e+01,,,1.396242e+00,4
2018-04-23 04:46:12.000000,2.385987e+07,1.537299e+07,5.828400e+01,5.965973e+06,3.464817e+01,,,1.398662e+00,4
2018-04-23 04:46:13.000000,2.386002e+07,1.544022e+07,5.837300e+01,5.961654e+06,3.465305e+01,,,1.401082e+00,4
2018-04-23 04:46:14.000000,2.386016e+07,1.550744e+07,5.846200e+01,5.966958e+06,3.465791e+01,,,1.403502e+00,4
2018-04-23 04:46:15.000000,2.386003e+07,1.557466e+07,5.855100e+01,5.972260e+06,3.466278e+01,,,1.405922e+00,4
2018-04-23 04:46:16.000000,2.385989e+07,1.564189e+07,5.864000e+01,5.977563e+06,3.466765e+01,,,1.402876e+00,4
2018-04-23 04:46:17.000000,2.385976e+07,1.568785e+07,5.865800e+01,5.982867e+06,3.467252e+01,,,1.399829e+00,4
2018-04-23 04:46:18.000000,2.385963e+07,1.573382e+07,5.867600e+01,5.988169e+06,3.467739e+01,,,1.396783e+00,4
2018-04-23 04:46:19.000000,2.385949e+07,1.562925e+07,5.835800e+01,5.993473e+06,3.468226e+01,,,1.393737e+00,4
2018-04-23 04:46:20.000000,2.385936e+07,1.552468e+07,5.804000e+01,5.998775e+06,3.468713e+01,,,1.390691e+00,4
2018-04-23 04:46:21.000000,2.385922e+07,1.543045e+07,5.801000e+01,6.004079e+06,3.469200e+01,,,1.387645e+00,4
2018-04-23 04:46:22.000000,2.385909e+07,1.533622e+07,5.798000e+01,6.009382e+06,3.469687e+01,,,1.384598e+00,4
2018-04-23 04:46:23.000000,2.385895e+07,1.536610e+07,5.807000e+01,6.014685e+06,3.470174e+01,,,1.381552e+00,4
2018-04-23 04:46:24.000000,2.385882e+07,1.539597e+07,5.816000e+01,6.019988e+06,3.470661e+01,,,1.378506e+00,4
2018-04-23 04:46:25.000000,2.385869e+07,1.542068e+07,5.822100e+01,6.019685e+06,3.471148e+01,,,1.375460e+00,4
2018-04-23 04:46:26.000000,2.385855e+07,1.544539e+07,5.828200e+01,6.019382e+06,3.471635e+01,,,1.372414e+00,4
2018-04-23 04:46:27.000000,2.385842e+07,1.547009e+07,5.834300e+01,6.019079e+06,3.472122e+01,,,1.371528e+00,4
2018-04-23 04:46:28.000000,2.385828e+07,1.549480e+07,5.840400e+01,6.018775e+06,3.472609e+01,,,1.370643e+00,4
2018-04-23 04:46:29.000000,2.385815e+07,1.558328e+07,5.851600e+01,6.018473e+06,3.473096e+01,,,1.369757e+00,4
2018-04-23 04:46:30.000000,2.385802e+07,1.567177e+07,5.862800e+01,6.018169e+06,3.473583e+01,,,1.368872e+00,4
2018-04-23 04:46:31.000000,2.385788e+07,1.569245e+07,5.865400e+01,6.017867e+06,3.474070e+01,,,1.367987e+00,4
2018-04-23 04:46:32.000000,2.385775e+07,1.571313e+07,5.868000e+01,6.017563e+06,3.474557e+01,,,1.367101e+00,4
2018-04-23 04:46:33.000000,2.385761e+07,1.566602e+07,5.858200e+01,6.017260e+06,3.475043e+01,,,1.366216e+00,4
2018-04-23 04:46:34.000000,2.385748e+07,1.561891e+07,5.848400e+01,6.016958e+06,3.475531e+01,,,1.365330e+00,4
2018-04-23 04:46:35.000000,2.385735e+07,1.547986e+07,5.810800e+01,6.016654e+06,3.476017e+01,,,1.364445e+00,4
2018-04-23 04:46:36.000000,2.385721e+07,1.534082e+07,5.773200e+01,6.014079e+06,3.476505e+01,,,1.363559e+00,4
2018-04-23 04:46:37.000000,2.385708e+07,1.533392e+07,5.776900e+01,6.011503e+06,3.476991e+01,,,1.362674e+00,4
2018-04-23 04:46:38.000000,2.385694e+07,1.532703e+07,5.780600e+01,6.008927e+06,3.477478e+01,,,1.364129e+00,4
2018-04-23 04:46:39.000000,2.385681e+07,1.532013e+07,5.784300e+01,6.006352e+06,3.477965e+01,,,1.365584e+00,4
2018-04-23 04:46:40.000000,2.385668e+07,1.531324e+07,5.788000e+01,6.003776e+06,3.478452e+01,,,1.367040e+00,4
2018-04-23 04:46:41.000000,2.385654e+07,1.543160e+07,5.804000e+01,6.001200e+06,3.478939e+01,,,1.368495e+00,4
2018-04-23 04:46:42.000000,2.385641e+07,1.554996e+07,5.820000e+01,5.998624e+06,3.479426e+01,,,1.369950e+00,4
2018-04-23 04:46:43.000000,2.385627e+07,1.560052e+07,5.830800e+01,5.996048e+06,3.479913e+01,,,1.371405e+00,4
2018-04-23 04:46:44.000000,2.385614e+07,1.565108e+07,5.841600e+01,5.993473e+06,3.480400e+01,,,1.372861e+00,4
2018-04-23 04:46:45.000000,2.385611e+07,1.567521e+07,5.856400e+01,5.990897e+06,3.480887e+01,,,1.374316e+00,4
2018-04-23 04:46:46.000000,2.385609e+07,1.569935e+07,5.871200e+01,5.988321e+06,3.481374e+01,,,1.375771e+00,4
2018-04-23 04:46:47.000000,2.385606e+07,1.560742e+07,5.857200e+01,5.987867e+06,3.481861e+01,,,1.377226e+00,4
2018-04-23 04:46:48.000000,2.385603e+07,1.551548e+07,5.843200e+01,5.987412e+06,3.482348e+01,,,1.378682e+00,4
2018-04-23 04:46:49.000000,2.385600e+07,1.546780e+07,5.837200e+01,5.986958e+06,3.482835e+01,,,1.381847e+00,4
2018-04-23 04:46:50.000000,2.385598e+07,1.542011e+07,5.831200e+01,5.986503e+06,3.483322e+01,,,1.385012e+00,4
2018-04-23 04:46:51.000000,2.385595e+07,1.537242e+07,5.825200e+01,5.986048e+06,3.483809e+01,,,1.388178e+00,4
2018-04-23 04:46:52.000000,2.385592e+07,1.532473e+07,5.819200e+01,5.985594e+06,3.484296e+01,,,1.391343e+00,4
2018-04-23 04:46:53.000000,2.385590e+07,1.547182e+07,5.839400e+01,5.985140e+06,3.484783e+01,,,1.394509e+00,4
2018-04-23 04:46:54.000000,2.385587e+07,1.561891e+07,5.859600e+01,5.984685e+06,3.485270e+01,,,1.397674e+00,4
2018-04-23 04:46:55.000000,2.385584e+07,1.567177e+07,5.866600e+01,5.984230e+06,3.485757e+01,,,1.400840e+00,4
2018-04-23 04:46:56.000000,2.385581e+07,1.572463e+07,5.873600e+01,5.983776e+06,3.486243e+01,,,1.404005e+00,4
2018-04-23 04:46:57.000000,2.385579e+07,1.564419e+07,5.851400e+01,5.983321e+06,3.486731e+01,,,1.407171e+00,4
2018-04-23 04:46:58.000000,2.385576e+07,1.556375e+07,5.829200e+01,5.988321e+06,3.487217e+01,,,1.410336e+00,4
2018-04-23 04:46:59.000000,2.385573e+07,1.544194e+07,5.812400e+01,5.993321e+06,3.487704e+01,,,1.413502e+00,4
2018-04-23 04:47:00.000000,2.385571e+07,1.532013e+07,5.795600e+01,5.998321e+06,3.488191e+01,,,1.412173e+00,4
2018-04-23 04:47:01.000000,2.385568e+07,1.538678e+07,5.809500e+01,6.003321e+06,3.488678e+01,,,1.410845e+00,4
2018-04-23 04:47:02.000000,2.385565e+07,1.545343e+07,5.823400e+01,6.008321e+06,3.489165e+01,,,1.409517e+00,4
2018-04-23 04:47:03.000000,2.385562e+07,1.552008e+07,5.837300e+01,6.013321e+06,3.489652e+01,,,1.408188e+00,4
2018-04-23 04:47:04.000000,2.385560e+07,1.558673e+07,5.851200e+01,6.018321e+06,3.490139e+01,,,1.406860e+00,4
2018-04-23 04:47:05.000000,2.385557e+07,1.564419e+07,5.860200e+01,6.023321e+06,3.490626e+01,,,1.405532e+00,4
2018-04-23 04:47:06.000000,2.385554e+07,1.570164e+07,5.869200e+01,6.028321e+06,3.491113e+01,,,1.404203e+00,4
2018-04-23 04:47:07.000000,2.385552e+07,1.557294e+07,5.852400e+01,6.033321e+06,3.491600e+01,,,1.402875e+00,4
2018-04-23 04:47:08.000000,2.385549e+07,1.544424e+07,5.835600e+01,6.038321e+06,3.492087e+01,,,1.401546e+00,4
2018-04-23 04:47:09.000000,2.385546e+07,1.544309e+07,5.840200e+01,6.045140e+06,3.492574e+01,,,1.400218e+00,4
2018-04-23 04:47:10.000000,2.385543e+07,1.544194e+07,5.844800e+01,6.051958e+06,3.493061e+01,,,1.398890e+00,4
2018-04-23 04:47:11.000000,2.385541e+07,1.558213e+07,5.872600e+01,6.058776e+06,3.493548e+01,,,1.401378e+00,4
2018-04-23 04:47:12.000000,2.385538e+07,1.572233e+07,5.900400e+01,6.065594e+06,3.494035e+01,,,1.403866e+00,4
2018-04-23 04:47:13.000000,2.385535e+07,1.570049e+07,5.894700e+01,6.072412e+06,3.494522e+01,,,1.406355e+00,4
2018-04-23 04:47:14.000000,2.385533e+07,1.567866e+07,5.889000e+01,6.079230e+06,3.495009e+01,,,1.408843e+00,4
2018-04-23 04:47:15.000000,2.385530e+07,1.565683e+07,5.883300e+01,6.086048e+06,3.495496e+01,,,1.411331e+00,4
2018-04-23 04:47:16.000000,2.385527e+07,1.563499e+07,5.877600e+01,6.092867e+06,3.495983e+01,,,1.413820e+00,4
2018-04-23 04:47:17.000000,2.385524e+07,1.548561e+07,5.844400e+01,6.099685e+06,3.496469e+01,,,1.416308e+00,4
2018-04-23 04:47:18.000000,2.385522e+07,1.533622e+07,5.811200e+01,6.106503e+06,3.496957e+01,,,1.418797e+00,4
2018-04-23 04:47:19.000000,2.385524e+07,1.540057e+07,5.818800e+01,6.113321e+06,3.497443e+01,,,1.421285e+00,4
2018-04-23 04:47:20.000000,2.385527e+07,1.546492e+07,5.826400e+01,6.119533e+06,3.497931e+01,,,1.423773e+00,4
2018-04-23 04:47:21.000000,2.385530e+07,1.559707e+07,5.846200e+01,6.125746e+06,3.498417e+01,,,1.426262e+00,4
2018-04-23 04:47:22.000000,2.385532e+07,1.572922e+07,5.866000e+01,6.131958e+06,3.498904e+01,,,1.423829e+00,4
2018-04-23 04:47:23.000000,2.385535e+07,1.560052e+07,5.825000e+01,6.138169e+06,3.499391e+01,,,1.421396e+00,4
2018-04-23 04:47:24.000000,2.385537e+07,1.547182e+07,5.784000e+01,6.144382e+06,3.499878e+01,,,1.418963e+00,4
2018-04-23 04:47:25.000000,2.385540e+07,1.543275e+07,5.777100e+01,6.150594e+06,3.500365e+01,,,1.416530e+00,4
2018-04-23 04:47:26.000000,2.385543e+07,1.539368e+07,5.770200e+01,6.156806e+06,3.500852e+01,,,1.414097e+00,4
2018-04-23 04:47:27.000000,2.385545e+07,1.535461e+07,5.763300e+01,6.163018e+06,3.501339e+01,,,1.411664e+00,4
2018-04-23 04:47:28.000000,2.385548e+07,1.531554e+07,5.756400e+01,6.169230e+06,3.501826e+01,,,1.409231e+00,4
2018-04-23 04:47:29.000000,2.385551e+07,1.542700e+07,5.790400e+01,6.175442e+06,3.502313e+01,,,1.406798e+00,4
2018-04-23 04:47:30.000000,2.385553e+07,1.553847e+07,5.824400e+01,6.181654e+06,3.502800e+01,,,1.404365e+00,4
2018-04-23 04:47:31.000000,2.385556e+07,1.562810e+07,5.848800e+01,6.187185e+06,3.503287e+01,,,1.401932e+00,4
2018-04-23 04:47:32.000000,2.385558e+07,1.571773e+07,5.873200e+01,6.192715e+06,3.503774e+01,,,1.399499e+00,4
2018-04-23 04:47:33.000000,2.385561e+07,1.559248e+07,5.839000e+01,6.198245e+06,3.504261e+01,,,1.400940e+00,4
2018-04-23 04:47:34.000000,2.385564e+07,1.546722e+07,5.804800e+01,6.203775e+06,3.504748e+01,,,1.402381e+00,4
2018-04-23 04:47:35.000000,2.385566e+07,1.542815e+07,5.795600e+01,6.209306e+06,3.505235e+01,,,1.403821e+00,4
2018-04-23 04:47:36.000000,2.385569e+07,1.538908e+07,5.786400e+01,6.214836e+06,3.505722e+01,,,1.405262e+00,4
2018-04-23 04:47:37.000000,2.385572e+07,1.555570e+07,5.807800e+01,6.220367e+06,3.506209e+01,,,1.406703e+00,4
2018-04-23 04:47:38.000000,2.385574e+07,1.572233e+07,5.829200e+01,6.225897e+06,3.506696e+01,,,1.408144e+00,4
2018-04-23 04:47:39.000000,2.385577e+07,1.558788e+07,5.820600e+01,6.231427e+06,3.507183e+01,,,1.409585e+00,4
2018-04-23 04:47:40.000000,2.385580e+07,1.545343e+07,5.812000e+01,6.236958e+06,3.507669e+01,,,1.411026e+00,4
2018-04-23 04:47:41.000000,2.385582e+07,1.538448e+07,5.789200e+01,6.242488e+06,3.508157e+01,,,1.412467e+00,4
2018-04-23 04:47:42.000000,2.385585e+07,1.531554e+07,5.766400e+01,6.247639e+06,3.508643e+01,,,1.413908e+00,4
2018-04-23 04:47:43.000000,2.385587e+07,1.539483e+07,5.778500e+01,6.252791e+06,3.509130e+01,,,1.415349e+00,4
2018-04-23 04:47:44.000000,2.385590e+07,1.547411e+07,5.790600e+01,6.257942e+06,3.509617e+01,,,1.413114e+00,4
2018-04-23 04:47:45.000000,2.385593e+07,1.555341e+07,5.802700e+01,6.263094e+06,3.510104e+01,,,1.410878e+00,4
2018-04-23 04:47:46.000000,2.385595e+07,1.563270e+07,5.814800e+01,6.268245e+06,3.510591e+01,,,1.408642e+00,4
2018-04-23 04:47:47.000000,2.385598e+07,1.555570e+07,5.806500e+01,6.273397e+06,3.511078e+01,,,1.406407e+00,4
2018-04-23 04:47:48.000000,2.385601e+07,1.547871e+07,5.798200e+01,6.278548e+06,3.511565e+01,,,1.404171e+00,4
2018-04-23 04:47:49.000000,2.385603e+07,1.540172e+07,5.789900e+01,6.283700e+06,3.512052e+01,,,1.401935e+00,4
2018-04-23 04:47:50.000000,2.385606e+07,1.532473e+07,5.781600e+01,6.288851e+06,3.512539e+01,,,1.399700e+00,4
2018-04-23 04:47:51.000000,2.385609e+07,1.546722e+07,5.801200e+01,6.294003e+06,3.513026e+01,,,1.397464e+00,4
2018-04-23 04:47:52.000000,2.385611e+07,1.560971e+07,5.820800e+01,6.299154e+06,3.513513e+01,,,1.395229e+00,4
2018-04-23 04:47:53.000000,2.385653e+07,1.567406e+07,5.834800e+01,6.302791e+06,3.514000e+01,,,1.392993e+00,4
2018-04-23 04:47:54.000000,2.385694e+07,1.573842e+07,5.848800e+01,6.306427e+06,3.515848e+01,,,1.390757e+00,4
2018-04-23 04:47:55.000000,2.385736e+07,1.567866e+07,5.835600e+01,6.310063e+06,3.517696e+01,,,1.393020e+00,4
2018-04-23 04:47:56.000000,2.385778e+07,1.561891e+07,5.822400e+01,6.313700e+06,3.519543e+01,,,1.395282e+00,4
2018-04-23 04:47:57.000000,2.385819e+07,1.555111e+07,5.811400e+01,6.317336e+06,3.521391e+01,,,1.397544e+00,4
2018-04-23 04:47:58.000000,2.385861e+07,1.548331e+07,5.800400e+01,6.320973e+06,3.523239e+01,,,1.399807e+00,4
2018-04-23 04:47:59.000000,2.385903e+07,1.541551e+07,5.789400e+01,6.324609e+06,3.525087e+01,,,1.402069e+00,4
2018-04-23 04:48:00.000000,2.385944e+07,1.534771e+07,5.778400e+01,6.328245e+06,3.526935e+01,,,1.404332e+00,4
2018-04-23 04:48:01.000000,2.385986e+07,1.545688e+07,5.803800e+01,6.331881e+06,3.528783e+01,,,1.406594e+00,4
2018-04-23 04:48:02.000000,2.386028e+07,1.556605e+07,5.829200e+01,6.335518e+06,3.530630e+01,,,1.408856e+00,4
2018-04-23 04:48:03.000000,2.386069e+07,1.563959e+07,5.838200e+01,6.339154e+06,3.532478e+01,,,1.411119e+00,4
2018-04-23 04:48:04.000000,2.386111e+07,1.571313e+07,5.847200e+01,6.341654e+06,3.534326e+01,,,1.413381e+00,4
2018-04-23 04:48:05.000000,2.386152e+07,1.556145e+07,5.824000e+01,6.344154e+06,3.536174e+01,,,1.415644e+00,4
2018-04-23 04:48:06.000000,2.386194e+07,1.540977e+07,5.800800e+01,6.346654e+06,3.538022e+01,,,1.414656e+00,4
2018-04-23 04:48:07.000000,2.386236e+07,1.545458e+07,5.804000e+01,6.349154e+06,3.539870e+01,,,1.413668e+00,4
2018-04-23 04:48:08.000000,2.386277e+07,1.549940e+07,5.807200e+01,6.351654e+06,3.541718e+01,,,1.412679e+00,4
2018-04-23 04:48:09.000000,2.386319e+07,1.562350e+07,5.827000e+01,6.354154e+06,3.543565e+01,,,1.411691e+00,4
2018-04-23 04:48:10.000000,2.386361e+07,1.574761e+07,5.846800e+01,6.356654e+06,3.545413e+01,,,1.410703e+00,4
2018-04-23 04:48:11.000000,2.386402e+07,1.570394e+07,5.836400e+01,6.359154e+06,3.547261e+01,,,1.409715e+00,4
2018-04-23 04:48:12.000000,2.386444e+07,1.566027e+07,5.826000e+01,6.361654e+06,3.549109e+01,,,1.408727e+00,4
2018-04-23 04:48:13.000000,2.386486e+07,1.558558e+07,5.814700e+01,6.364154e+06,3.550957e+01,,,1.407739e+00,4
2018-04-23 04:48:14.000000,2.386527e+07,1.551089e+07,5.803400e+01,6.366654e+06,3.552805e+01,,,1.406751e+00,4
2018-04-23 04:48:15.000000,2.386569e+07,1.543620e+07,5.792100e+01,6.363927e+06,3.554652e+01,,,1.405763e+00,4
2018-04-23 04:48:16.000000,2.386610e+07,1.536150e+07,5.780800e+01,6.361200e+06,3.556500e+01,,,1.404775e+00,4
2018-04-23 04:48:17.000000,2.386652e+07,1.542700e+07,5.784800e+01,6.358473e+06,3.558348e+01,,,1.403641e+00,4
2018-04-23 04:48:18.000000,2.386694e+07,1.549250e+07,5.788800e+01,6.355745e+06,3.560196e+01,,,1.402507e+00,4
2018-04-23 04:48:19.000000,2.386735e+07,1.563844e+07,5.808600e+01,6.353018e+06,3.562043e+01,,,1.401373e+00,4
2018-04-23 04:48:20.000000,2.386777e+07,1.578438e+07,5.828400e+01,6.350291e+06,3.563891e+01,,,1.400240e+00,4
2018-04-23 04:48:21.000000,2.386791e+07,1.561546e+07,5.801200e+01,6.347563e+06,3.565739e+01,,,1.399106e+00,4
2018-04-23 04:48:22.000000,2.386805e+07,1.544654e+07,5.774000e+01,6.344836e+06,3.567587e+01,,,1.397972e+00,4
2018-04-23 04:48:23.000000,2.386819e+07,1.543677e+07,5.775100e+01,6.342109e+06,3.569435e+01,,,1.396838e+00,4
2018-04-23 04:48:24.000000,2.386833e+07,1.542700e+07,5.776200e+01,6.339381e+06,3.571283e+01,,,1.395705e+00,4
2018-04-23 04:48:25.000000,2.386847e+07,1.541723e+07,5.777300e+01,6.336654e+06,3.573130e+01,,,1.394571e+00,4
2018-04-23 04:48:26.000000,2.386861e+07,1.540747e+07,5.778400e+01,6.331351e+06,3.574978e+01,,,1.393437e+00,4
2018-04-23 04:48:27.000000,2.386875e+07,1.558903e+07,5.809800e+01,6.326048e+06,3.576826e+01,,,1.392303e+00,4
2018-04-23 04:48:28.000000,2.386889e+07,1.577059e+07,5.841200e+01,6.320745e+06,3.578674e+01,,,1.391466e+00,4
2018-04-23 04:48:29.000000,2.386903e+07,1.568211e+07,5.825600e+01,6.315442e+06,3.580522e+01,,,1.390628e+00,4
2018-04-23 04:48:30.000000,2.386917e+07,1.559362e+07,5.810000e+01,6.310139e+06,3.582370e+01,,,1.389791e+00,4
2018-04-23 04:48:31.000000,2.386931e+07,1.548791e+07,5.781600e+01,6.304836e+06,3.584217e+01,,,1.388953e+00,4
2018-04-23 04:48:32.000000,2.386945e+07,1.538219e+07,5.753200e+01,6.299533e+06,3.586065e+01,,,1.388116e+00,4
2018-04-23 04:48:33.000000,2.386958e+07,1.549595e+07,5.771400e+01,6.294230e+06,3.587913e+01,,,1.387278e+00,4
2018-04-23 04:48:34.000000,2.386973e+07,1.560971e+07,5.789600e+01,6.288927e+06,3.589761e+01,,,1.386440e+00,4
2018-04-23 04:48:35.000000,2.386986e+07,1.570279e+07,5.810600e+01,6.283624e+06,3.591609e+01,,,1.385603e+00,4
2018-04-23 04:48:36.000000,2.387000e+07,1.579587e+07,5.831600e+01,6.278321e+06,3.593457e+01,,,1.384765e+00,4
2018-04-23 04:48:37.000000,2.387014e+07,1.576657e+07,5.824800e+01,6.275063e+06,3.595304e+01,,,1.383928e+00,4
2018-04-23 04:48:38.000000,2.387028e+07,1.573727e+07,5.818000e+01,6.271806e+06,3.597152e+01,,,1.383090e+00,4
2018-04-23 04:48:39.000000,2.387042e+07,1.570796e+07,5.811200e+01,6.268548e+06,3.599000e+01,,,1.383735e+00,4
2018-04-23 04:48:40.000000,2.387056e+07,1.567866e+07,5.804400e+01,6.265291e+06,3.597120e+01,,,1.384381e+00,4
2018-04-23 04:48:41.000000,2.387070e+07,1.553157e+07,5.775800e+01,6.262033e+06,3.595239e+01,,,1.385026e+00,4
2018-04-23 04:48:42.000000,2.387084e+07,1.538448e+07,5.747200e+01,6.258775e+06,3.593359e+01,,,1.385671e+00,4
2018-04-23 04:48:43.000000,2.387098e+07,1.553042e+07,5.780800e+01,6.255518e+06,3.591478e+01,,,1.386317e+00,4
2018-04-23 04:48:44.000000,2.387112e+07,1.567636e+07,5.814400e+01,6.252260e+06,3.589598e+01,,,1.386962e+00,4
2018-04-23 04:48:45.000000,2.387126e+07,1.572348e+07,5.827000e+01,6.249003e+06,3.587717e+01,,,1.387607e+00,4
2018-04-23 04:48:46.000000,2.387140e+07,1.577059e+07,5.839600e+01,6.245745e+06,3.585837e+01,,,1.388252e+00,4
2018-04-23 04:48:47.000000,2.387154e+07,1.564763e+07,5.814200e+01,6.242488e+06,3.583957e+01,,,1.388898e+00,4
2018-04-23 04:48:48.000000,2.387168e+07,1.552468e+07,5.788800e+01,6.250291e+06,3.582076e+01,,,1.389543e+00,4
2018-04-23 04:48:49.000000,2.387182e+07,1.546148e+07,5.786200e+01,6.258094e+06,3.580196e+01,,,1.390188e+00,4
2018-04-23 04:48:50.000000,2.387196e+07,1.539827e+07,5.783600e+01,6.265897e+06,3.578315e+01,,,1.390208e+00,4
2018-04-23 04:48:51.000000,2.387210e+07,1.554306e+07,5.810200e+01,6.273700e+06,3.576435e+01,,,1.390227e+00,4
2018-04-23 04:48:52.000000,2.387224e+07,1.568785e+07,5.836800e+01,6.281503e+06,3.574554e+01,,,1.390246e+00,4
2018-04-23 04:48:53.000000,2.387238e+07,1.570969e+07,5.840700e+01,6.289306e+06,3.572674e+01,,,1.390265e+00,4
2018-04-23 04:48:54.000000,2.387252e+07,1.573152e+07,5.844600e+01,6.297109e+06,3.570794e+01,,,1.390284e+00,4
2018-04-23 04:48:55.000000,2.387237e+07,1.575335e+07,5.848500e+01,6.304912e+06,3.568913e+01,,,1.390303e+00,4
2018-04-23 04:48:56.000000,2.387222e+07,1.577519e+07,5.852400e+01,6.312715e+06,3.567033e+01,,,1.390323e+00,4
2018-04-23 04:48:57.000000,2.387207e+07,1.567292e+07,5.826000e+01,6.320518e+06,3.565152e+01,,,1.390342e+00,4
2018-04-23 04:48:58.000000,2.387192e+07,1.557064e+07,5.799600e+01,6.328321e+06,3.563272e+01,,,1.390361e+00,4
2018-04-23 04:48:59.000000,2.387177e+07,1.545918e+07,5.786800e+01,6.325594e+06,3.561391e+01,,,1.390380e+00,4
2018-04-23 04:49:00.000000,2.387162e+07,1.534771e+07,5.774000e+01,6.322866e+06,3.559511e+01,,,1.390399e+00,4
2018-04-23 04:49:01.000000,2.387147e+07,1.546148e+07,5.790200e+01,6.320139e+06,3.557631e+01,,,1.388854e+00,4
2018-04-23 04:49:02.000000,2.387132e+07,1.557524e+07,5.806400e+01,6.317412e+06,3.555750e+01,,,1.387308e+00,4
2018-04-23 04:49:03.000000,2.387117e+07,1.566832e+07,5.830400e+01,6.314685e+06,3.553870e+01,,,1.385763e+00,4
2018-04-23 04:49:04.000000,2.387103e+07,1.576140e+07,5.854400e+01,6.311957e+06,3.551989e+01,,,1.384217e+00,4
2018-04-23 04:49:05.000000,2.387088e+07,1.567406e+07,5.825200e+01,6.309230e+06,3.550109e+01,,,1.382671e+00,4
2018-04-23 04:49:06.000000,2.387073e+07,1.558673e+07,5.796000e+01,6.306502e+06,3.548228e+01,,,1.381126e+00,4
2018-04-23 04:49:07.000000,2.387058e+07,1.553617e+07,5.788900e+01,6.303775e+06,3.546348e+01,,,1.379580e+00,4
2018-04-23 04:49:08.000000,2.387043e+07,1.548561e+07,5.781800e+01,6.301048e+06,3.544468e+01,,,1.378035e+00,4
2018-04-23 04:49:09.000000,2.387028e+07,1.543505e+07,5.774700e+01,6.298321e+06,3.542587e+01,,,1.376489e+00,4
2018-04-23 04:49:10.000000,2.387013e+07,1.538448e+07,5.767600e+01,6.289457e+06,3.540707e+01,,,1.374943e+00,4
2018-04-23 04:49:11.000000,2.386998e+07,1.536610e+07,5.772600e+01,6.280594e+06,3.538826e+01,,,1.373398e+00,4
2018-04-23 04:49:12.000000,2.386983e+07,1.534771e+07,5.777600e+01,6.271730e+06,3.536946e+01,,,1.373724e+00,4
2018-04-23 04:49:13.000000,2.386968e+07,1.547412e+07,5.798000e+01,6.262866e+06,3.535065e+01,,,1.374051e+00,4
2018-04-23 04:49:14.000000,2.386953e+07,1.560052e+07,5.818400e+01,6.254002e+06,3.533185e+01,,,1.374377e+00,4
2018-04-23 04:49:15.000000,2.386938e+07,1.557007e+07,5.818600e+01,6.245139e+06,3.531305e+01,,,1.374704e+00,4
2018-04-23 04:49:16.000000,2.386924e+07,1.553962e+07,5.818800e+01,6.236275e+06,3.529424e+01,,,1.375031e+00,4
2018-04-23 04:49:17.000000,2.386909e+07,1.550916e+07,5.819000e+01,6.227412e+06,3.527544e+01,,,1.375357e+00,4
2018-04-23 04:49:18.000000,2.386894e+07,1.547871e+07,5.819200e+01,6.218548e+06,3.525663e+01,,,1.375684e+00,4
2018-04-23 04:49:19.000000,2.386879e+07,1.544769e+07,5.814000e+01,6.209685e+06,3.523783e+01,,,1.376010e+00,4
2018-04-23 04:49:20.000000,2.386864e+07,1.541666e+07,5.808800e+01,6.200821e+06,3.521902e+01,,,1.376337e+00,4
2018-04-23 04:49:21.000000,2.386849e+07,1.538563e+07,5.803600e+01,6.201806e+06,3.520022e+01,,,1.376664e+00,4
2018-04-23 04:49:22.000000,2.386834e+07,1.535461e+07,5.798400e+01,6.202791e+06,3.518141e+01,,,1.376990e+00,4
2018-04-23 04:49:23.000000,2.386819e+07,1.543964e+07,5.821600e+01,6.203775e+06,3.516261e+01,,,1.375234e+00,4
2018-04-23 04:49:24.000000,2.386804e+07,1.552468e+07,5.844800e+01,6.204760e+06,3.514380e+01,,,1.373478e+00,4
2018-04-23 04:49:25.000000,2.386789e+07,1.559822e+07,5.852800e+01,6.205745e+06,3.512500e+01,,,1.371722e+00,4
2018-04-23 04:49:26.000000,2.386774e+07,1.567177e+07,5.860800e+01,6.206730e+06,3.510620e+01,,,1.369966e+00,4
2018-04-23 04:49:27.000000,2.386760e+07,1.569590e+07,5.863100e+01,6.207715e+06,3.508739e+01,,,1.368210e+00,4
2018-04-23 04:49:28.000000,2.386745e+07,1.572003e+07,5.865400e+01,6.208700e+06,3.506859e+01,,,1.366454e+00,4
2018-04-23 04:49:29.000000,2.386724e+07,1.574416e+07,5.867700e+01,6.209685e+06,3.504978e+01,,,1.364697e+00,4
2018-04-23 04:49:30.000000,2.386703e+07,1.576829e+07,5.870000e+01,6.210669e+06,3.503098e+01,,,1.362941e+00,4
2018-04-23 04:49:31.000000,2.386682e+07,1.562925e+07,5.851200e+01,6.211654e+06,3.501217e+01,,,1.361185e+00,4
2018-04-23 04:49:32.000000,2.386661e+07,1.549020e+07,5.832400e+01,6.199533e+06,3.499337e+01,,,1.359429e+00,4
2018-04-23 04:49:33.000000,2.386640e+07,1.544539e+07,5.825600e+01,6.187412e+06,3.497456e+01,,,1.357673e+00,4
2018-04-23 04:49:34.000000,2.386619e+07,1.540057e+07,5.818800e+01,6.175291e+06,3.495576e+01,,,1.358500e+00,4
2018-04-23 04:49:35.000000,2.386598e+07,1.553387e+07,5.848200e+01,6.163169e+06,3.493695e+01,,,1.359327e+00,4
2018-04-23 04:49:36.000000,2.386577e+07,1.566717e+07,5.877600e+01,6.151048e+06,3.491815e+01,,,1.360154e+00,4
2018-04-23 04:49:37.000000,2.386556e+07,1.570854e+07,5.880600e+01,6.138927e+06,3.489935e+01,,,1.360980e+00,4
2018-04-23 04:49:38.000000,2.386535e+07,1.574991e+07,5.883600e+01,6.126806e+06,3.488054e+01,,,1.361807e+00,4
2018-04-23 04:49:39.000000,2.386514e+07,1.563729e+07,5.869000e+01,6.114685e+06,3.486174e+01,,,1.362634e+00,4
2018-04-23 04:49:40.000000,2.386493e+07,1.552468e+07,5.854400e+01,6.102563e+06,3.484293e+01,,,1.363461e+00,4
2018-04-23 04:49:41.000000,2.386472e+07,1.543734e+07,5.828800e+01,6.090442e+06,3.482413e+01,,,1.364288e+00,4
2018-04-23 04:49:42.000000,2.386451e+07,1.535001e+07,5.803200e+01,6.078321e+06,3.480532e+01,,,1.365114e+00,4
2018-04-23 04:49:43.000000,2.386430e+07,1.539827e+07,5.813800e+01,6.061352e+06,3.478652e+01,,,1.365941e+00,4
2018-04-23 04:49:44.000000,2.386409e+07,1.544654e+07,5.824400e+01,6.044382e+06,3.476772e+01,,,1.366768e+00,4
2018-04-23 04:49:45.000000,2.386388e+07,1.549480e+07,5.835000e+01,6.027412e+06,3.474891e+01,,,1.369968e+00,4
2018-04-23 04:49:46.000000,2.386367e+07,1.554306e+07,5.845600e+01,6.010442e+06,3.473011e+01,,,1.373168e+00,4
2018-04-23 04:49:47.000000,2.386346e+07,1.565568e+07,5.851800e+01,5.993473e+06,3.471130e+01,,,1.376368e+00,4
2018-04-23 04:49:48.000000,2.386325e+07,1.576829e+07,5.858000e+01,5.976503e+06,3.469250e+01,,,1.379568e+00,4
2018-04-23 04:49:49.000000,2.386304e+07,1.574876e+07,5.841600e+01,5.959534e+06,3.467369e+01,,,1.382768e+00,4
2018-04-23 04:49:50.000000,2.386283e+07,1.572922e+07,5.825200e+01,5.942564e+06,3.465489e+01,,,1.385968e+00,4
2018-04-23 04:49:51.000000,2.386262e+07,1.567636e+07,5.824700e+01,5.925594e+06,3.463609e+01,,,1.389168e+00,4
2018-04-23 04:49:52.000000,2.386241e+07,1.562350e+07,5.824200e+01,5.908625e+06,3.461728e+01,,,1.392368e+00,4
2018-04-23 04:49:53.000000,2.386220e+07,1.557064e+07,5.823700e+01,5.891655e+06,3.459848e+01,,,1.395568e+00,4
2018-04-23 04:49:54.000000,2.386199e+07,1.551778e+07,5.823200e+01,5.880519e+06,3.457967e+01,,,1.398767e+00,4
2018-04-23 04:49:55.000000,2.386178e+07,1.558098e+07,5.827700e+01,5.869382e+06,3.456087e+01,,,1.401968e+00,4
2018-04-23 04:49:56.000000,2.386157e+07,1.564419e+07,5.832200e+01,5.858246e+06,3.454206e+01,,,1.401593e+00,4
2018-04-23 04:49:57.000000,2.386136e+07,1.570739e+07,5.836700e+01,5.847109e+06,3.452326e+01,,,1.401218e+00,4
2018-04-23 04:49:58.000000,2.386115e+07,1.577059e+07,5.841200e+01,5.835973e+06,3.450446e+01,,,1.400843e+00,4
2018-04-23 04:49:59.000000,2.386058e+07,1.572462e+07,5.831800e+01,5.824836e+06,3.448565e+01,,,1.400468e+00,4
2018-04-23 04:50:00.000000,2.386000e+07,1.567866e+07,5.822400e+01,5.813700e+06,3.446685e+01,,,1.400093e+00,4
2018-04-23 04:50:01.000000,2.385943e+07,1.552238e+07,5.784200e+01,5.802564e+06,3.444804e+01,,,1.399718e+00,4
2018-04-23 04:50:02.000000,2.385886e+07,1.536610e+07,5.746000e+01,5.791428e+06,3.442924e+01,,,1.399343e+00,4
2018-04-23 04:50:03.000000,2.385828e+07,1.545458e+07,5.761000e+01,5.780291e+06,3.441043e+01,,,1.398969e+00,4
2018-04-23 04:50:04.000000,2.385771e+07,1.554306e+07,5.776000e+01,5.769155e+06,3.439163e+01,,,1.398594e+00,4
2018-04-23 04:50:05.000000,2.385713e+07,1.560052e+07,5.797000e+01,5.764609e+06,3.437283e+01,,,1.398219e+00,4
2018-04-23 04:50:06.000000,2.385656e+07,1.565798e+07,5.818000e+01,5.760064e+06,3.435402e+01,,,1.397844e+00,4
2018-04-23 04:50:07.000000,2.385599e+07,1.557639e+07,5.810200e+01,5.755519e+06,3.433522e+01,,,1.397265e+00,4
2018-04-23 04:50:08.000000,2.385541e+07,1.549480e+07,5.802400e+01,5.750973e+06,3.431641e+01,,,1.396686e+00,4
2018-04-23 04:50:09.000000,2.385484e+07,1.541321e+07,5.794600e+01,5.746428e+06,3.429761e+01,,,1.396106e+00,4
2018-04-23 04:50:10.000000,2.385426e+07,1.533162e+07,5.786800e+01,5.741882e+06,3.427880e+01,,,1.395527e+00,4
2018-04-23 04:50:11.000000,2.385369e+07,1.536380e+07,5.790800e+01,5.737336e+06,3.426000e+01,,,1.394948e+00,4
2018-04-23 04:50:12.000000,2.385312e+07,1.539597e+07,5.794800e+01,5.732791e+06,3.421261e+01,,,1.394369e+00,4
2018-04-23 04:50:13.000000,2.385254e+07,1.542815e+07,5.798800e+01,5.728246e+06,3.416521e+01,,,1.393790e+00,4
2018-04-23 04:50:14.000000,2.385197e+07,1.546033e+07,5.802800e+01,5.723700e+06,3.411782e+01,,,1.393211e+00,4
2018-04-23 04:50:15.000000,2.385139e+07,1.559822e+07,5.827600e+01,5.719155e+06,3.407043e+01,,,1.392632e+00,4
2018-04-23 04:50:16.000000,2.385082e+07,1.573612e+07,5.852400e+01,5.722564e+06,3.402304e+01,,,1.392053e+00,4
2018-04-23 04:50:17.000000,2.385025e+07,1.568900e+07,5.840200e+01,5.725973e+06,3.397565e+01,,,1.391474e+00,4
2018-04-23 04:50:18.000000,2.384967e+07,1.564189e+07,5.828000e+01,5.729382e+06,3.392826e+01,,,1.391195e+00,4
2018-04-23 04:50:19.000000,2.384910e+07,1.547411e+07,5.801600e+01,5.732791e+06,3.388087e+01,,,1.390917e+00,4
2018-04-23 04:50:20.000000,2.384852e+07,1.530634e+07,5.775200e+01,5.736200e+06,3.383348e+01,,,1.390639e+00,4
2018-04-23 04:50:21.000000,2.384795e+07,1.534656e+07,5.788800e+01,5.739609e+06,3.378609e+01,,,1.390361e+00,4
2018-04-23 04:50:22.000000,2.384738e+07,1.538678e+07,5.802400e+01,5.743019e+06,3.373869e+01,,,1.390083e+00,4
2018-04-23 04:50:23.000000,2.384680e+07,1.545803e+07,5.819100e+01,5.746428e+06,3.369130e+01,,,1.389804e+00,4
2018-04-23 04:50:24.000000,2.384623e+07,1.552927e+07,5.835800e+01,5.749836e+06,3.364391e+01,,,1.389526e+00,4
2018-04-23 04:50:25.000000,2.384566e+07,1.560052e+07,5.852500e+01,5.753246e+06,3.359652e+01,,,1.389248e+00,4
2018-04-23 04:50:26.000000,2.384508e+07,1.567177e+07,5.869200e+01,5.756655e+06,3.354913e+01,,,1.388970e+00,4
2018-04-23 04:50:27.000000,2.384451e+07,1.565683e+07,5.857200e+01,5.767185e+06,3.350174e+01,,,1.388691e+00,4
2018-04-23 04:50:28.000000,2.384393e+07,1.564189e+07,5.845200e+01,5.777715e+06,3.345435e+01,,,1.388413e+00,4
2018-04-23 04:50:29.000000,2.384336e+07,1.549250e+07,5.825600e+01,5.788246e+06,3.340696e+01,,,1.388125e+00,4
2018-04-23 04:50:30.000000,2.384279e+07,1.534312e+07,5.806000e+01,5.798776e+06,3.335956e+01,,,1.387836e+00,4
2018-04-23 04:50:31.000000,2.384221e+07,1.534886e+07,5.810000e+01,5.809306e+06,3.331217e+01,,,1.387547e+00,4
2018-04-23 04:50:32.000000,2.384164e+07,1.535461e+07,5.814000e+01,5.819836e+06,3.326478e+01,,,1.387259e+00,4
2018-04-23 04:50:33.000000,2.384159e+07,1.551893e+07,5.838800e+01,5.830367e+06,3.321739e+01,,,1.386970e+00,4
2018-04-23 04:50:34.000000,2.384154e+07,1.568326e+07,5.863600e+01,5.840897e+06,3.317000e+01,,,1.386682e+00,4
2018-04-23 04:50:35.000000,2.384149e+07,1.564648e+07,5.854300e+01,5.851427e+06,3.315304e+01,,,1.386393e+00,4
2018-04-23 04:50:36.000000,2.384144e+07,1.560971e+07,5.845000e+01,5.861958e+06,3.313609e+01,,,1.386104e+00,4
2018-04-23 04:50:37.000000,2.384139e+07,1.557294e+07,5.835700e+01,5.872488e+06,3.311913e+01,,,1.385816e+00,4
2018-04-23 04:50:38.000000,2.384134e+07,1.553617e+07,5.826400e+01,5.879154e+06,3.310217e+01,,,1.385527e+00,4
2018-04-23 04:50:39.000000,2.384129e+07,1.547297e+07,5.814600e+01,5.885821e+06,3.308522e+01,,,1.385238e+00,4
2018-04-23 04:50:40.000000,2.384125e+07,1.540977e+07,5.802800e+01,5.892488e+06,3.306826e+01,,,1.386246e+00,4
2018-04-23 04:50:41.000000,2.384120e+07,1.534656e+07,5.811000e+01,5.899154e+06,3.305130e+01,,,1.387254e+00,4
2018-04-23 04:50:42.000000,2.384115e+07,1.528336e+07,5.819200e+01,5.905821e+06,3.303435e+01,,,1.388262e+00,4
2018-04-23 04:50:43.000000,2.384110e+07,1.542930e+07,5.849200e+01,5.912488e+06,3.301739e+01,,,1.389270e+00,4
2018-04-23 04:50:44.000000,2.384105e+07,1.557524e+07,5.879200e+01,5.919155e+06,3.300043e+01,,,1.390278e+00,4
2018-04-23 04:50:45.000000,2.384100e+07,1.563384e+07,5.890800e+01,5.925821e+06,3.298348e+01,,,1.391286e+00,4
2018-04-23 04:50:46.000000,2.384095e+07,1.569245e+07,5.902400e+01,5.932488e+06,3.296652e+01,,,1.392294e+00,4
2018-04-23 04:50:47.000000,2.384090e+07,1.563959e+07,5.893300e+01,5.939155e+06,3.294956e+01,,,1.393302e+00,4
2018-04-23 04:50:48.000000,2.384085e+07,1.558673e+07,5.884200e+01,5.945821e+06,3.293261e+01,,,1.394310e+00,4
2018-04-23 04:50:49.000000,2.384080e+07,1.553387e+07,5.875100e+01,5.951427e+06,3.291565e+01,,,1.395318e+00,4
2018-04-23 04:50:50.000000,2.384075e+07,1.548101e+07,5.866000e+01,5.957033e+06,3.289869e+01,,,1.396326e+00,4
2018-04-23 04:50:51.000000,2.384071e+07,1.538793e+07,5.853800e+01,5.962640e+06,3.288174e+01,,,1.396523e+00,4
2018-04-23 04:50:52.000000,2.384066e+07,1.529485e+07,5.841600e+01,5.968246e+06,3.286478e+01,,,1.396719e+00,4
2018-04-23 04:50:53.000000,2.384061e+07,1.537759e+07,5.850400e+01,5.973852e+06,3.284782e+01,,,1.396915e+00,4
2018-04-23 04:50:54.000000,2.384056e+07,1.546033e+07,5.859200e+01,5.979458e+06,3.283087e+01,,,1.397112e+00,4
2018-04-23 04:50:55.000000,2.384051e+07,1.557064e+07,5.889400e+01,5.985063e+06,3.281391e+01,,,1.397308e+00,4
2018-04-23 04:50:56.000000,2.384046e+07,1.568096e+07,5.919600e+01,5.990669e+06,3.279696e+01,,,1.397504e+00,4
2018-04-23 04:50:57.000000,2.384041e+07,1.563729e+07,5.908800e+01,5.996276e+06,3.278000e+01,,,1.397701e+00,4
2018-04-23 04:50:58.000000,2.384036e+07,1.559362e+07,5.898000e+01,6.001882e+06,3.281130e+01,,,1.397897e+00,4
2018-04-23 04:50:59.000000,2.384031e+07,1.552410e+07,5.884900e+01,6.007488e+06,3.284261e+01,,,1.398094e+00,4
2018-04-23 04:51:00.000000,2.384026e+07,1.545458e+07,5.871800e+01,6.007109e+06,3.287391e+01,,,1.398290e+00,4
2018-04-23 04:51:01.000000,2.384021e+07,1.538506e+07,5.858700e+01,6.006730e+06,3.290522e+01,,,1.398486e+00,4
2018-04-23 04:51:02.000000,2.384017e+07,1.531554e+07,5.845600e+01,6.006352e+06,3.293652e+01,,,1.397143e+00,4
2018-04-23 04:51:03.000000,2.384012e+07,1.530060e+07,5.841600e+01,6.005973e+06,3.296783e+01,,,1.395800e+00,4
2018-04-23 04:51:04.000000,2.384007e+07,1.528566e+07,5.837600e+01,6.005594e+06,3.299913e+01,,,1.394457e+00,4
2018-04-23 04:51:05.000000,2.384049e+07,1.539827e+07,5.851400e+01,6.005215e+06,3.303043e+01,,,1.393114e+00,4
2018-04-23 04:51:06.000000,2.384092e+07,1.551089e+07,5.865200e+01,6.004836e+06,3.306174e+01,,,1.391771e+00,4
2018-04-23 04:51:07.000000,2.384135e+07,1.557294e+07,5.874800e+01,6.004458e+06,3.309304e+01,,,1.390428e+00,4
2018-04-23 04:51:08.000000,2.384177e+07,1.563499e+07,5.884400e+01,6.004079e+06,3.312435e+01,,,1.389085e+00,4
2018-04-23 04:51:09.000000,2.384220e+07,1.558673e+07,5.863600e+01,6.003700e+06,3.315565e+01,,,1.387743e+00,4
2018-04-23 04:51:10.000000,2.384263e+07,1.553847e+07,5.842800e+01,6.003321e+06,3.318695e+01,,,1.386400e+00,4
2018-04-23 04:51:11.000000,2.384305e+07,1.547929e+07,5.829200e+01,6.002563e+06,3.321826e+01,,,1.385057e+00,4
2018-04-23 04:51:12.000000,2.384348e+07,1.542011e+07,5.815600e+01,6.001806e+06,3.324957e+01,,,1.383714e+00,4
2018-04-23 04:51:13.000000,2.384390e+07,1.536093e+07,5.802000e+01,6.001048e+06,3.328087e+01,,,1.384885e+00,4
2018-04-23 04:51:14.000000,2.384433e+07,1.530175e+07,5.788400e+01,6.000291e+06,3.331217e+01,,,1.386057e+00,4
2018-04-23 04:51:15.000000,2.384476e+07,1.533622e+07,5.796800e+01,5.999533e+06,3.334348e+01,,,1.387228e+00,4
2018-04-23 04:51:16.000000,2.384518e+07,1.537069e+07,5.805200e+01,5.998776e+06,3.337478e+01,,,1.388400e+00,4
2018-04-23 04:51:17.000000,2.384561e+07,1.549135e+07,5.825000e+01,5.998018e+06,3.340609e+01,,,1.389571e+00,4
2018-04-23 04:51:18.000000,2.384603e+07,1.561201e+07,5.844800e+01,5.997261e+06,3.343739e+01,,,1.390742e+00,4
2018-04-23 04:51:19.000000,2.384646e+07,1.566257e+07,5.858200e+01,5.996503e+06,3.346870e+01,,,1.391914e+00,4
2018-04-23 04:51:20.000000,2.384689e+07,1.571313e+07,5.871600e+01,5.995746e+06,3.350000e+01,,,1.393085e+00,4
2018-04-23 04:51:21.000000,2.384731e+07,1.563040e+07,5.867200e+01,5.994988e+06,3.353130e+01,,,1.394257e+00,4
2018-04-23 04:51:22.000000,2.384774e+07,1.554766e+07,5.862800e+01,5.997639e+06,3.356261e+01,,,1.395428e+00,4
2018-04-23 04:51:23.000000,2.384817e+07,1.550802e+07,5.857400e+01,6.000291e+06,3.359391e+01,,,1.396600e+00,4
2018-04-23 04:51:24.000000,2.384859e+07,1.546837e+07,5.852000e+01,6.002942e+06,3.362522e+01,,,1.397171e+00,4
2018-04-23 04:51:25.000000,2.384902e+07,1.542873e+07,5.846600e+01,6.005594e+06,3.365652e+01,,,1.397743e+00,4
2018-04-23 04:51:26.000000,2.384944e+07,1.538908e+07,5.841200e+01,6.008245e+06,3.368783e+01,,,1.398314e+00,4
2018-04-23 04:51:27.000000,2.384987e+07,1.534541e+07,5.832000e+01,6.010897e+06,3.371913e+01,,,1.398885e+00,4
2018-04-23 04:51:28.000000,2.385030e+07,1.530175e+07,5.822800e+01,6.013548e+06,3.375043e+01,,,1.399457e+00,4
2018-04-23 04:51:29.000000,2.385072e+07,1.537299e+07,5.835000e+01,6.016200e+06,3.378174e+01,,,1.400028e+00,4
2018-04-23 04:51:30.000000,2.385115e+07,1.544424e+07,5.847200e+01,6.018851e+06,3.381305e+01,,,1.400600e+00,4
2018-04-23 04:51:31.000000,2.385157e+07,1.557524e+07,5.864400e+01,6.021503e+06,3.384435e+01,,,1.401171e+00,4
2018-04-23 04:51:32.000000,2.385200e+07,1.570624e+07,5.881600e+01,6.024154e+06,3.387565e+01,,,1.401743e+00,4
2018-04-23 04:51:33.000000,2.385243e+07,1.563384e+07,5.879600e+01,6.022336e+06,3.390696e+01,,,1.402314e+00,4
2018-04-23 04:51:34.000000,2.385285e+07,1.556145e+07,5.877600e+01,6.020518e+06,3.393826e+01,,,1.402886e+00,4
2018-04-23 04:51:35.000000,2.385328e+07,1.549710e+07,5.864300e+01,6.018700e+06,3.396957e+01,,,1.402955e+00,4
2018-04-23 04:51:36.000000,2.385370e+07,1.543275e+07,5.851000e+01,6.016881e+06,3.400087e+01,,,1.403024e+00,4
2018-04-23 04:51:37.000000,2.385413e+07,1.536840e+07,5.837700e+01,6.015063e+06,3.403217e+01,,,1.403093e+00,4
2018-04-23 04:51:38.000000,2.385456e+07,1.530405e+07,5.824400e+01,6.013245e+06,3.406348e+01,,,1.403162e+00,4
2018-04-23 04:51:39.000000,2.385463e+07,1.540747e+07,5.842600e+01,6.011427e+06,3.409478e+01,,,1.403231e+00,4
2018-04-23 04:51:40.000000,2.385471e+07,1.551089e+07,5.860800e+01,6.009609e+06,3.412609e+01,,,1.403300e+00,4
2018-04-23 04:51:41.000000,2.385479e+07,1.561776e+07,5.873000e+01,6.007791e+06,3.415739e+01,,,1.403369e+00,4
2018-04-23 04:51:42.000000,2.385486e+07,1.572463e+07,5.885200e+01,6.005973e+06,3.418870e+01,,,1.403438e+00,4
2018-04-23 04:51:43.000000,2.385494e+07,1.557754e+07,5.859200e+01,6.004154e+06,3.422000e+01,,,1.403507e+00,4
2018-04-23 04:51:44.000000,2.385502e+07,1.543045e+07,5.833200e+01,6.006503e+06,3.423139e+01,,,1.403576e+00,4
2018-04-23 04:51:45.000000,2.385509e+07,1.537989e+07,5.823800e+01,6.008851e+06,3.424278e+01,,,1.403645e+00,4
2018-04-23 04:51:46.000000,2.385517e+07,1.532933e+07,5.814400e+01,6.011200e+06,3.425417e+01,,,1.402000e+00,4
2018-04-23 04:51:47.000000,2.385525e+07,1.549020e+07,5.848000e+01,6.013548e+06,3.426557e+01,,,1.400356e+00,4
2018-04-23 04:51:48.000000,2.385532e+07,1.565108e+07,5.881600e+01,6.015897e+06,3.427696e+01,,,1.398711e+00,4
2018-04-23 04:51:49.000000,2.385540e+07,1.567062e+07,5.886400e+01,6.018245e+06,3.428835e+01,,,1.397067e+00,4
2018-04-23 04:51:50.000000,2.385547e+07,1.569015e+07,5.891200e+01,6.020594e+06,3.429974e+01,,,1.395422e+00,4
2018-04-23 04:51:51.000000,2.385555e+07,1.562867e+07,5.882200e+01,6.022942e+06,3.431113e+01,,,1.393777e+00,4
2018-04-23 04:51:52.000000,2.385563e+07,1.556720e+07,5.873200e+01,6.025291e+06,3.432252e+01,,,1.392133e+00,4
2018-04-23 04:51:53.000000,2.385570e+07,1.550572e+07,5.864200e+01,6.027639e+06,3.433392e+01,,,1.390488e+00,4
2018-04-23 04:51:54.000000,2.385578e+07,1.544424e+07,5.855200e+01,6.029988e+06,3.434531e+01,,,1.388843e+00,4
2018-04-23 04:51:55.000000,2.385586e+07,1.539368e+07,5.851200e+01,6.030291e+06,3.435670e+01,,,1.387199e+00,4
2018-04-23 04:51:56.000000,2.385593e+07,1.534312e+07,5.847200e+01,6.030594e+06,3.436809e+01,,,1.385554e+00,4
2018-04-23 04:51:57.000000,2.385601e+07,1.548216e+07,5.869200e+01,6.030897e+06,3.437948e+01,,,1.388639e+00,4
2018-04-23 04:51:58.000000,2.385609e+07,1.562120e+07,5.891200e+01,6.031200e+06,3.439087e+01,,,1.391724e+00,4
2018-04-23 04:51:59.000000,2.385616e+07,1.565798e+07,5.899800e+01,6.031503e+06,3.440226e+01,,,1.394809e+00,4
2018-04-23 04:52:00.000000,2.385624e+07,1.569475e+07,5.908400e+01,6.031806e+06,3.441365e+01,,,1.397894e+00,4
2018-04-23 04:52:01.000000,2.385631e+07,1.551204e+07,5.869800e+01,6.032109e+06,3.442505e+01,,,1.400979e+00,4
2018-04-23 04:52:02.000000,2.385639e+07,1.532933e+07,5.831200e+01,6.032412e+06,3.443644e+01,,,1.404064e+00,4
2018-04-23 04:52:03.000000,2.385647e+07,1.533565e+07,5.833300e+01,6.032715e+06,3.444783e+01,,,1.407149e+00,4
2018-04-23 04:52:04.000000,2.385654e+07,1.534197e+07,5.835400e+01,6.033018e+06,3.445922e+01,,,1.410234e+00,4
2018-04-23 04:52:05.000000,2.385662e+07,1.534829e+07,5.837500e+01,6.033321e+06,3.447061e+01,,,1.413319e+00,4
2018-04-23 04:52:06.000000,2.385670e+07,1.535461e+07,5.839600e+01,6.033018e+06,3.448200e+01,,,1.416404e+00,4
2018-04-23 04:52:07.000000,2.385677e+07,1.544424e+07,5.847200e+01,6.032715e+06,3.449339e+01,,,1.419489e+00,4
2018-04-23 04:52:08.000000,2.385685e+07,1.553387e+07,5.854800e+01,6.032412e+06,3.450478e+01,,,1.415486e+00,4
2018-04-23 04:52:09.000000,2.385693e+07,1.547986e+07,5.848200e+01,6.032109e+06,3.451617e+01,,,1.411483e+00,4
2018-04-23 04:52:10.000000,2.385700e+07,1.542585e+07,5.841600e+01,6.031806e+06,3.452757e+01,,,1.407480e+00,4
2018-04-23 04:52:11.000000,2.385703e+07,1.537184e+07,5.835000e+01,6.031503e+06,3.453896e+01,,,1.403477e+00,4
2018-04-23 04:52:12.000000,2.385705e+07,1.531783e+07,5.828400e+01,6.031200e+06,3.455035e+01,,,1.399474e+00,4
2018-04-23 04:52:13.000000,2.385707e+07,1.549825e+07,5.847800e+01,6.030897e+06,3.456174e+01,,,1.395471e+00,4
2018-04-23 04:52:14.000000,2.385709e+07,1.567866e+07,5.867200e+01,6.030594e+06,3.457313e+01,,,1.391468e+00,4
2018-04-23 04:52:15.000000,2.385711e+07,1.566028e+07,5.863200e+01,6.030291e+06,3.458452e+01,,,1.387465e+00,4
2018-04-23 04:52:16.000000,2.385714e+07,1.564189e+07,5.859200e+01,6.029988e+06,3.459591e+01,,,1.383462e+00,4
2018-04-23 04:52:17.000000,2.385716e+07,1.548331e+07,5.837000e+01,6.031124e+06,3.460730e+01,,,1.379459e+00,4
2018-04-23 04:52:18.000000,2.385718e+07,1.532473e+07,5.814800e+01,6.032261e+06,3.461869e+01,,,1.375456e+00,4
2018-04-23 04:52:19.000000,2.385720e+07,1.546837e+07,5.836000e+01,6.033397e+06,3.463009e+01,,,1.375434e+00,4
2018-04-23 04:52:20.000000,2.385723e+07,1.561201e+07,5.857200e+01,6.034533e+06,3.464148e+01,,,1.375412e+00,4
2018-04-23 04:52:21.000000,2.385725e+07,1.563787e+07,5.866500e+01,6.035669e+06,3.465287e+01,,,1.375390e+00,4
2018-04-23 04:52:22.000000,2.385727e+07,1.566372e+07,5.875800e+01,6.036806e+06,3.466426e+01,,,1.375367e+00,4
2018-04-23 04:52:23.000000,2.385729e+07,1.568958e+07,5.885100e+01,6.037942e+06,3.467565e+01,,,1.375345e+00,4
2018-04-23 04:52:24.000000,2.385732e+07,1.571543e+07,5.894400e+01,6.039079e+06,3.468704e+01,,,1.375323e+00,4
2018-04-23 04:52:25.000000,2.385734e+07,1.555226e+07,5.869600e+01,6.040215e+06,3.469844e+01,,,1.375301e+00,4
2018-04-23 04:52:26.000000,2.385736e+07,1.538908e+07,5.844800e+01,6.041352e+06,3.470983e+01,,,1.375279e+00,4
2018-04-23 04:52:27.000000,2.385738e+07,1.536840e+07,5.839200e+01,6.042488e+06,3.472122e+01,,,1.375256e+00,4
2018-04-23 04:52:28.000000,2.385741e+07,1.534771e+07,5.833600e+01,6.044685e+06,3.473261e+01,,,1.375234e+00,4
2018-04-23 04:52:29.000000,2.385743e+07,1.552468e+07,5.855600e+01,6.046882e+06,3.474400e+01,,,1.375212e+00,4
2018-04-23 04:52:30.000000,2.385745e+07,1.570164e+07,5.877600e+01,6.049079e+06,3.475539e+01,,,1.375323e+00,4
2018-04-23 04:52:31.000000,2.385747e+07,1.569130e+07,5.875400e+01,6.051275e+06,3.476678e+01,,,1.375434e+00,4
2018-04-23 04:52:32.000000,2.385750e+07,1.568096e+07,5.873200e+01,6.053473e+06,3.477818e+01,,,1.375545e+00,4
2018-04-23 04:52:33.000000,2.385752e+07,1.559190e+07,5.854000e+01,6.055669e+06,3.478957e+01,,,1.375656e+00,4
2018-04-23 04:52:34.000000,2.385754e+07,1.550284e+07,5.834800e+01,6.057867e+06,3.480096e+01,,,1.375767e+00,4
2018-04-23 04:52:35.000000,2.385756e+07,1.541379e+07,5.815600e+01,6.060063e+06,3.481235e+01,,,1.375878e+00,4
2018-04-23 04:52:36.000000,2.385759e+07,1.532473e+07,5.796400e+01,6.062260e+06,3.482374e+01,,,1.375988e+00,4
2018-04-23 04:52:37.000000,2.385761e+07,1.538908e+07,5.790600e+01,6.064458e+06,3.483513e+01,,,1.376099e+00,4
2018-04-23 04:52:38.000000,2.385763e+07,1.545343e+07,5.784800e+01,6.066654e+06,3.484652e+01,,,1.376210e+00,4
2018-04-23 04:52:39.000000,2.385765e+07,1.560052e+07,5.817200e+01,6.072791e+06,3.485791e+01,,,1.376321e+00,4
2018-04-23 04:52:40.000000,2.385768e+07,1.574761e+07,5.849600e+01,6.078927e+06,3.486930e+01,,,1.376432e+00,4
2018-04-23 04:52:41.000000,2.385770e+07,1.559248e+07,5.838000e+01,6.085063e+06,3.488070e+01,,,1.375737e+00,4
2018-04-23 04:52:42.000000,2.385772e+07,1.543734e+07,5.826400e+01,6.091200e+06,3.489209e+01,,,1.375042e+00,4
2018-04-23 04:52:43.000000,2.385769e+07,1.538793e+07,5.812600e+01,6.097336e+06,3.490348e+01,,,1.374347e+00,4
2018-04-23 04:52:44.000000,2.385765e+07,1.533852e+07,5.798800e+01,6.103473e+06,3.491487e+01,,,1.373653e+00,4
2018-04-23 04:52:45.000000,2.385762e+07,1.538219e+07,5.808700e+01,6.109609e+06,3.492626e+01,,,1.372958e+00,4
2018-04-23 04:52:46.000000,2.385758e+07,1.542585e+07,5.818600e+01,6.115745e+06,3.493765e+01,,,1.372263e+00,4
2018-04-23 04:52:47.000000,2.385755e+07,1.546952e+07,5.828500e+01,6.121881e+06,3.494904e+01,,,1.371568e+00,4
2018-04-23 04:52:48.000000,2.385752e+07,1.551319e+07,5.838400e+01,6.128018e+06,3.496043e+01,,,1.370873e+00,4
2018-04-23 04:52:49.000000,2.385748e+07,1.561891e+07,5.861800e+01,6.134154e+06,3.497182e+01,,,1.370178e+00,4
2018-04-23 04:52:50.000000,2.385745e+07,1.572463e+07,5.885200e+01,6.141806e+06,3.498322e+01,,,1.369483e+00,4
2018-04-23 04:52:51.000000,2.385741e+07,1.568785e+07,5.871000e+01,6.149458e+06,3.499461e+01,,,1.368789e+00,4
2018-04-23 04:52:52.000000,2.385738e+07,1.565108e+07,5.856800e+01,6.157109e+06,3.500600e+01,,,1.370161e+00,4
2018-04-23 04:52:53.000000,2.385735e+07,1.549020e+07,5.832800e+01,6.164760e+06,3.501739e+01,,,1.371533e+00,4
2018-04-23 04:52:54.000000,2.385731e+07,1.532933e+07,5.808800e+01,6.172412e+06,3.502878e+01,,,1.372905e+00,4
2018-04-23 04:52:55.000000,2.385728e+07,1.542700e+07,5.819200e+01,6.180063e+06,3.504017e+01,,,1.374277e+00,4
2018-04-23 04:52:56.000000,2.385724e+07,1.552468e+07,5.829600e+01,6.187715e+06,3.505156e+01,,,1.375650e+00,4
2018-04-23 04:52:57.000000,2.385721e+07,1.558041e+07,5.838700e+01,6.195366e+06,3.506296e+01,,,1.377022e+00,4
2018-04-23 04:52:58.000000,2.385718e+07,1.563614e+07,5.847800e+01,6.203018e+06,3.507435e+01,,,1.378394e+00,4
2018-04-23 04:52:59.000000,2.385714e+07,1.569187e+07,5.856900e+01,6.210669e+06,3.508574e+01,,,1.379767e+00,4
2018-04-23 04:53:00.000000,2.385711e+07,1.574761e+07,5.866000e+01,6.218321e+06,3.509713e+01,,,1.381139e+00,4
2018-04-23 04:53:01.000000,2.385708e+07,1.560741e+07,5.836200e+01,6.224381e+06,3.510852e+01,,,1.382511e+00,4
2018-04-23 04:53:02.000000,2.385704e+07,1.546722e+07,5.806400e+01,6.230442e+06,3.511991e+01,,,1.383883e+00,4
2018-04-23 04:53:03.000000,2.385701e+07,1.539827e+07,5.804800e+01,6.236502e+06,3.513131e+01,,,1.385999e+00,4
2018-04-23 04:53:04.000000,2.385697e+07,1.532933e+07,5.803200e+01,6.242563e+06,3.514270e+01,,,1.388114e+00,4
2018-04-23 04:53:05.000000,2.385694e+07,1.546263e+07,5.822400e+01,6.248624e+06,3.515409e+01,,,1.390229e+00,4
2018-04-23 04:53:06.000000,2.385691e+07,1.559592e+07,5.841600e+01,6.254685e+06,3.516548e+01,,,1.392345e+00,4
2018-04-23 04:53:07.000000,2.385687e+07,1.567292e+07,5.860800e+01,6.260745e+06,3.517687e+01,,,1.394460e+00,4
2018-04-23 04:53:08.000000,2.385684e+07,1.574991e+07,5.880000e+01,6.266806e+06,3.518826e+01,,,1.396576e+00,4
2018-04-23 04:53:09.000000,2.385680e+07,1.570796e+07,5.869800e+01,6.272866e+06,3.519965e+01,,,1.398691e+00,4
2018-04-23 04:53:10.000000,2.385677e+07,1.566602e+07,5.859600e+01,6.278927e+06,3.521104e+01,,,1.400806e+00,4
2018-04-23 04:53:11.000000,2.385674e+07,1.562408e+07,5.849400e+01,6.284987e+06,3.522243e+01,,,1.402922e+00,4
2018-04-23 04:53:12.000000,2.385670e+07,1.558213e+07,5.839200e+01,6.290442e+06,3.523383e+01,,,1.405037e+00,4
2018-04-23 04:53:13.000000,2.385667e+07,1.545918e+07,5.815000e+01,6.295896e+06,3.524522e+01,,,1.407152e+00,4
2018-04-23 04:53:14.000000,2.385663e+07,1.533622e+07,5.790800e+01,6.301351e+06,3.525661e+01,,,1.406760e+00,4
2018-04-23 04:53:15.000000,2.385697e+07,1.543620e+07,5.796800e+01,6.306806e+06,3.526800e+01,,,1.406368e+00,4
2018-04-23 04:53:16.000000,2.385730e+07,1.553617e+07,5.802800e+01,6.312260e+06,3.527939e+01,,,1.405976e+00,4
2018-04-23 04:53:17.000000,2.385764e+07,1.565223e+07,5.818800e+01,6.317714e+06,3.529078e+01,,,1.405583e+00,4
2018-04-23 04:53:18.000000,2.385797e+07,1.576829e+07,5.834800e+01,6.323169e+06,3.530217e+01,,,1.405191e+00,4
2018-04-23 04:53:19.000000,2.385830e+07,1.566028e+07,5.810600e+01,6.328624e+06,3.531356e+01,,,1.404799e+00,4
2018-04-23 04:53:20.000000,2.385864e+07,1.555226e+07,5.786400e+01,6.334078e+06,3.532495e+01,,,1.404407e+00,4
2018-04-23 04:53:21.000000,2.385897e+07,1.549882e+07,5.783300e+01,6.339533e+06,3.533635e+01,,,1.404014e+00,4
2018-04-23 04:53:22.000000,2.385930e+07,1.544539e+07,5.780200e+01,6.344987e+06,3.534774e+01,,,1.403622e+00,4
2018-04-23 04:53:23.000000,2.385964e+07,1.539195e+07,5.777100e+01,6.348699e+06,3.535913e+01,,,1.403230e+00,4
2018-04-23 04:53:24.000000,2.385997e+07,1.533852e+07,5.774000e+01,6.352412e+06,3.537052e+01,,,1.402838e+00,4
2018-04-23 04:53:25.000000,2.386031e+07,1.539368e+07,5.773200e+01,6.356124e+06,3.538191e+01,,,1.402490e+00,4
2018-04-23 04:53:26.000000,2.386064e+07,1.544884e+07,5.772400e+01,6.359836e+06,3.539330e+01,,,1.402143e+00,4
2018-04-23 04:53:27.000000,2.386097e+07,1.561086e+07,5.794400e+01,6.363548e+06,3.540469e+01,,,1.401795e+00,4
2018-04-23 04:53:28.000000,2.386131e+07,1.577289e+07,5.816400e+01,6.367260e+06,3.541608e+01,,,1.401448e+00,4
2018-04-23 04:53:29.000000,2.386164e+07,1.574416e+07,5.818200e+01,6.370972e+06,3.542748e+01,,,1.401100e+00,4
2018-04-23 04:53:30.000000,2.386198e+07,1.571543e+07,5.820000e+01,6.374685e+06,3.543887e+01,,,1.400752e+00,4
2018-04-23 04:53:31.000000,2.386231e+07,1.554881e+07,5.792600e+01,6.378396e+06,3.545026e+01,,,1.400405e+00,4
2018-04-23 04:53:32.000000,2.386264e+07,1.538219e+07,5.765200e+01,6.382109e+06,3.546165e+01,,,1.400057e+00,4
2018-04-23 04:53:33.000000,2.386298e+07,1.540402e+07,5.774700e+01,6.385821e+06,3.547304e+01,,,1.399710e+00,4
2018-04-23 04:53:34.000000,2.386331e+07,1.542585e+07,5.784200e+01,6.384912e+06,3.548443e+01,,,1.399362e+00,4
2018-04-23 04:53:35.000000,2.386364e+07,1.544769e+07,5.793700e+01,6.384002e+06,3.549583e+01,,,1.399015e+00,4
2018-04-23 04:53:36.000000,2.386398e+07,1.546952e+07,5.803200e+01,6.383094e+06,3.550722e+01,,,1.399201e+00,4
2018-04-23 04:53:37.000000,2.386431e+07,1.562810e+07,5.831600e+01,6.382185e+06,3.551861e+01,,,1.399387e+00,4
2018-04-23 04:53:38.000000,2.386465e+07,1.578668e+07,5.860000e+01,6.381275e+06,3.553000e+01,,,1.399573e+00,4
2018-04-23 04:53:39.000000,2.386498e+07,1.562120e+07,5.837200e+01,6.380366e+06,3.554956e+01,,,1.399759e+00,4
2018-04-23 04:53:40.000000,2.386531e+07,1.545573e+07,5.814400e+01,6.379457e+06,3.556913e+01,,,1.399945e+00,4
2018-04-23 04:53:41.000000,2.386565e+07,1.540747e+07,5.803400e+01,6.378548e+06,3.558870e+01,,,1.400131e+00,4
2018-04-23 04:53:42.000000,2.386598e+07,1.535920e+07,5.792400e+01,6.377639e+06,3.560826e+01,,,1.400317e+00,4
2018-04-23 04:53:43.000000,2.386631e+07,1.538908e+07,5.804800e+01,6.376730e+06,3.562783e+01,,,1.400503e+00,4
2018-04-23 04:53:44.000000,2.386665e+07,1.541896e+07,5.817200e+01,6.375821e+06,3.564739e+01,,,1.400689e+00,4
2018-04-23 04:53:45.000000,2.386698e+07,1.554191e+07,5.832800e+01,6.367942e+06,3.566695e+01,,,1.400875e+00,4
2018-04-23 04:53:46.000000,2.386732e+07,1.566487e+07,5.848400e+01,6.360063e+06,3.568652e+01,,,1.401061e+00,4
2018-04-23 04:53:47.000000,2.386765e+07,1.568556e+07,5.839400e+01,6.352185e+06,3.570609e+01,,,1.402394e+00,4
2018-04-23 04:53:48.000000,2.386798e+07,1.570624e+07,5.830400e+01,6.344306e+06,3.572565e+01,,,1.403728e+00,4
2018-04-23 04:53:49.000000,2.386815e+07,1.572692e+07,5.821400e+01,6.336427e+06,3.574522e+01,,,1.405062e+00,4
2018-04-23 04:53:50.000000,2.386832e+07,1.574761e+07,5.812400e+01,6.328548e+06,3.576478e+01,,,1.406395e+00,4
2018-04-23 04:53:51.000000,2.386848e+07,1.556720e+07,5.803400e+01,6.320669e+06,3.578435e+01,,,1.407729e+00,4
2018-04-23 04:53:52.000000,2.386865e+07,1.538678e+07,5.794400e+01,6.312791e+06,3.580391e+01,,,1.409063e+00,4
2018-04-23 04:53:53.000000,2.386882e+07,1.543734e+07,5.800400e+01,6.304912e+06,3.582348e+01,,,1.410396e+00,4
2018-04-23 04:53:54.000000,2.386898e+07,1.548791e+07,5.806400e+01,6.297033e+06,3.584304e+01,,,1.411730e+00,4
2018-04-23 04:53:55.000000,2.386915e+07,1.562006e+07,5.833000e+01,6.289154e+06,3.586261e+01,,,1.413064e+00,4
2018-04-23 04:53:56.000000,2.386932e+07,1.575220e+07,5.859600e+01,6.276730e+06,3.588217e+01,,,1.414397e+00,4
2018-04-23 04:53:57.000000,2.386948e+07,1.574071e+07,5.853200e+01,6.264306e+06,3.590174e+01,,,1.415731e+00,4
2018-04-23 04:53:58.000000,2.386965e+07,1.572922e+07,5.846800e+01,6.251882e+06,3.592130e+01,,,1.414359e+00,4
2018-04-23 04:53:59.000000,2.386982e+07,1.558214e+07,5.819200e+01,6.239458e+06,3.594087e+01,,,1.412986e+00,4
2018-04-23 04:54:00.000000,2.386998e+07,1.543505e+07,5.791600e+01,6.227033e+06,3.596043e+01,,,1.411614e+00,4
2018-04-23 04:54:01.000000,2.387015e+07,1.542068e+07,5.788200e+01,6.214609e+06,3.598000e+01,,,1.410242e+00,4
2018-04-23 04:54:02.000000,2.387032e+07,1.540632e+07,5.784800e+01,6.202185e+06,3.596957e+01,,,1.408870e+00,4
2018-04-23 04:54:03.000000,2.387048e+07,1.539195e+07,5.781400e+01,6.189760e+06,3.595913e+01,,,1.407497e+00,4
2018-04-23 04:54:04.000000,2.387065e+07,1.537759e+07,5.778000e+01,6.177336e+06,3.594870e+01,,,1.406125e+00,4
2018-04-23 04:54:05.000000,2.387082e+07,1.548905e+07,5.798200e+01,6.164912e+06,3.593826e+01,,,1.404753e+00,4
2018-04-23 04:54:06.000000,2.387098e+07,1.560052e+07,5.818400e+01,6.152488e+06,3.592783e+01,,,1.403381e+00,4
2018-04-23 04:54:07.000000,2.387115e+07,1.569475e+07,5.843000e+01,6.140442e+06,3.591739e+01,,,1.402009e+00,4
2018-04-23 04:54:08.000000,2.387132e+07,1.578898e+07,5.867600e+01,6.128397e+06,3.590696e+01,,,1.400636e+00,4
2018-04-23 04:54:09.000000,2.387148e+07,1.571773e+07,5.850600e+01,6.116352e+06,3.589652e+01,,,1.399614e+00,4
2018-04-23 04:54:10.000000,2.387165e+07,1.564648e+07,5.833600e+01,6.104306e+06,3.588609e+01,,,1.398592e+00,4
2018-04-23 04:54:11.000000,2.387182e+07,1.551089e+07,5.811800e+01,6.092261e+06,3.587565e+01,,,1.397570e+00,4
2018-04-23 04:54:12.000000,2.387198e+07,1.537529e+07,5.790000e+01,6.080215e+06,3.586522e+01,,,1.396547e+00,4
2018-04-23 04:54:13.000000,2.387215e+07,1.541953e+07,5.796300e+01,6.068169e+06,3.585478e+01,,,1.395525e+00,4
2018-04-23 04:54:14.000000,2.387232e+07,1.546377e+07,5.802600e+01,6.056124e+06,3.584435e+01,,,1.394503e+00,4
2018-04-23 04:54:15.000000,2.387249e+07,1.550802e+07,5.808900e+01,6.044079e+06,3.583392e+01,,,1.393481e+00,4
2018-04-23 04:54:16.000000,2.387265e+07,1.555226e+07,5.815200e+01,6.032033e+06,3.582348e+01,,,1.392458e+00,4
2018-04-23 04:54:17.000000,2.387282e+07,1.566832e+07,5.833000e+01,6.019988e+06,3.581305e+01,,,1.391436e+00,4
2018-04-23 04:54:18.000000,2.387299e+07,1.578438e+07,5.850800e+01,6.019154e+06,3.580261e+01,,,1.390414e+00,4
2018-04-23 04:54:19.000000,2.387224e+07,1.578898e+07,5.858800e+01,6.018321e+06,3.579218e+01,,,1.389392e+00,4
2018-04-23 04:54:20.000000,2.387149e+07,1.579357e+07,5.866800e+01,6.017488e+06,3.578174e+01,,,1.390723e+00,4
2018-04-23 04:54:21.000000,2.387074e+07,1.567751e+07,5.849000e+01,6.016654e+06,3.577131e+01,,,1.392054e+00,4
2018-04-23 04:54:22.000000,2.386999e+07,1.556145e+07,5.831200e+01,6.015821e+06,3.576087e+01,,,1.393385e+00,4
2018-04-23 04:54:23.000000,2.386924e+07,1.551434e+07,5.817200e+01,6.014988e+06,3.575043e+01,,,1.394716e+00,4
2018-04-23 04:54:24.000000,2.386849e+07,1.546722e+07,5.803200e+01,6.014155e+06,3.574000e+01,,,1.396047e+00,4
2018-04-23 04:54:25.000000,2.386775e+07,1.542011e+07,5.789200e+01,6.013321e+06,3.567566e+01,,,1.397378e+00,4
2018-04-23 04:54:26.000000,2.386700e+07,1.537299e+07,5.775200e+01,6.012488e+06,3.561131e+01,,,1.398709e+00,4
2018-04-23 04:54:27.000000,2.386625e+07,1.557869e+07,5.800000e+01,6.011655e+06,3.554696e+01,,,1.400040e+00,4
2018-04-23 04:54:28.000000,2.386550e+07,1.578438e+07,5.824800e+01,6.010821e+06,3.548261e+01,,,1.401371e+00,4
2018-04-23 04:54:29.000000,2.386475e+07,1.575795e+07,5.822400e+01,6.016655e+06,3.541826e+01,,,1.402702e+00,4
2018-04-23 04:54:30.000000,2.386400e+07,1.573152e+07,5.820000e+01,6.022488e+06,3.535391e+01,,,1.404033e+00,4
2018-04-23 04:54:31.000000,2.386325e+07,1.570509e+07,5.817600e+01,6.028321e+06,3.528957e+01,,,1.403590e+00,4
2018-04-23 04:54:32.000000,2.386251e+07,1.567866e+07,5.815200e+01,6.034155e+06,3.522522e+01,,,1.403147e+00,4
2018-04-23 04:54:33.000000,2.386176e+07,1.551548e+07,5.790800e+01,6.039988e+06,3.516087e+01,,,1.402705e+00,4
2018-04-23 04:54:34.000000,2.386101e+07,1.535231e+07,5.766400e+01,6.045821e+06,3.509652e+01,,,1.402262e+00,4
2018-04-23 04:54:35.000000,2.386026e+07,1.539942e+07,5.776200e+01,6.051654e+06,3.503217e+01,,,1.401819e+00,4
2018-04-23 04:54:36.000000,2.385951e+07,1.544654e+07,5.786000e+01,6.057488e+06,3.496783e+01,,,1.401377e+00,4
2018-04-23 04:54:37.000000,2.385876e+07,1.560167e+07,5.814800e+01,6.063321e+06,3.490348e+01,,,1.400934e+00,4
2018-04-23 04:54:38.000000,2.385801e+07,1.575680e+07,5.843600e+01,6.069154e+06,3.483913e+01,,,1.400492e+00,4
2018-04-23 04:54:39.000000,2.385727e+07,1.568211e+07,5.821600e+01,6.074988e+06,3.477478e+01,,,1.400049e+00,4
2018-04-23 04:54:40.000000,2.385652e+07,1.560741e+07,5.799600e+01,6.085442e+06,3.471043e+01,,,1.399606e+00,4
2018-04-23 04:54:41.000000,2.385577e+07,1.546607e+07,5.769800e+01,6.095897e+06,3.464609e+01,,,1.399164e+00,4
2018-04-23 04:54:42.000000,2.385502e+07,1.532473e+07,5.740000e+01,6.106352e+06,3.458174e+01,,,1.399014e+00,4
2018-04-23 04:54:43.000000,2.385427e+07,1.540172e+07,5.755500e+01,6.116806e+06,3.451739e+01,,,1.398864e+00,4
2018-04-23 04:54:44.000000,2.385352e+07,1.547871e+07,5.771000e+01,6.127261e+06,3.445304e+01,,,1.398714e+00,4
2018-04-23 04:54:45.000000,2.385277e+07,1.555570e+07,5.786500e+01,6.137715e+06,3.438869e+01,,,1.398565e+00,4
2018-04-23 04:54:46.000000,2.385202e+07,1.563270e+07,5.802000e+01,6.148169e+06,3.432434e+01,,,1.398415e+00,4
2018-04-23 04:54:47.000000,2.385128e+07,1.567521e+07,5.809400e+01,6.158624e+06,3.426000e+01,,,1.398265e+00,4
2018-04-23 04:54:48.000000,2.385053e+07,1.571773e+07,5.816800e+01,6.169079e+06,3.424130e+01,,,1.398116e+00,4
2018-04-23 04:54:49.000000,2.384978e+07,1.556145e+07,5.779000e+01,6.179533e+06,3.422261e+01,,,1.397966e+00,4
2018-04-23 04:54:50.000000,2.384903e+07,1.540517e+07,5.741200e+01,6.189988e+06,3.420391e+01,,,1.397816e+00,4
2018-04-23 04:54:51.000000,2.384924e+07,1.538448e+07,5.742600e+01,6.186352e+06,3.418521e+01,,,1.397666e+00,4
2018-04-23 04:54:52.000000,2.384945e+07,1.536380e+07,5.744000e+01,6.182715e+06,3.416652e+01,,,1.397517e+00,4
2018-04-23 04:54:53.000000,2.384966e+07,1.543275e+07,5.754800e+01,6.179079e+06,3.414783e+01,,,1.397371e+00,4
2018-04-23 04:54:54.000000,2.384986e+07,1.550170e+07,5.765600e+01,6.175442e+06,3.412913e+01,,,1.397226e+00,4
2018-04-23 04:54:55.000000,2.385007e+07,1.559018e+07,5.780000e+01,6.171806e+06,3.411044e+01,,,1.397081e+00,4
2018-04-23 04:54:56.000000,2.385028e+07,1.567866e+07,5.794400e+01,6.168169e+06,3.409174e+01,,,1.396935e+00,4
2018-04-23 04:54:57.000000,2.385049e+07,1.563787e+07,5.786900e+01,6.164533e+06,3.407304e+01,,,1.396790e+00,4
2018-04-23 04:54:58.000000,2.385070e+07,1.559707e+07,5.779400e+01,6.160897e+06,3.405435e+01,,,1.396644e+00,4
2018-04-23 04:54:59.000000,2.385090e+07,1.555628e+07,5.771900e+01,6.157261e+06,3.403565e+01,,,1.396499e+00,4
2018-04-23 04:55:00.000000,2.385111e+07,1.551548e+07,5.764400e+01,6.153624e+06,3.401696e+01,,,1.396354e+00,4
2018-04-23 04:55:01.000000,2.385132e+07,1.540977e+07,5.759200e+01,6.149988e+06,3.399826e+01,,,1.396208e+00,4
2018-04-23 04:55:02.000000,2.385153e+07,1.530405e+07,5.754000e+01,6.141048e+06,3.397956e+01,,,1.396063e+00,4
2018-04-23 04:55:03.000000,2.385174e+07,1.539713e+07,5.766400e+01,6.132109e+06,3.396087e+01,,,1.395918e+00,4
2018-04-23 04:55:04.000000,2.385195e+07,1.549020e+07,5.778800e+01,6.123169e+06,3.394217e+01,,,1.394409e+00,4
2018-04-23 04:55:05.000000,2.385215e+07,1.561546e+07,5.802000e+01,6.114230e+06,3.392348e+01,,,1.392900e+00,4
2018-04-23 04:55:06.000000,2.385236e+07,1.574071e+07,5.825200e+01,6.105291e+06,3.390479e+01,,,1.391391e+00,4
2018-04-23 04:55:07.000000,2.385257e+07,1.568498e+07,5.820400e+01,6.096352e+06,3.388609e+01,,,1.389882e+00,4
2018-04-23 04:55:08.000000,2.385278e+07,1.562925e+07,5.815600e+01,6.087412e+06,3.386739e+01,,,1.388373e+00,4
2018-04-23 04:55:09.000000,2.385299e+07,1.557352e+07,5.810800e+01,6.078473e+06,3.384870e+01,,,1.386864e+00,4
2018-04-23 04:55:10.000000,2.385320e+07,1.551778e+07,5.806000e+01,6.069533e+06,3.383000e+01,,,1.385355e+00,4
2018-04-23 04:55:11.000000,2.385340e+07,1.542126e+07,5.793800e+01,6.060594e+06,3.384044e+01,,,1.383846e+00,4
2018-04-23 04:55:12.000000,2.385361e+07,1.532473e+07,5.781600e+01,6.051654e+06,3.385087e+01,,,1.382337e+00,4
2018-04-23 04:55:13.000000,2.385382e+07,1.537529e+07,5.794000e+01,6.041654e+06,3.386131e+01,,,1.380828e+00,4
2018-04-23 04:55:14.000000,2.385403e+07,1.542585e+07,5.806400e+01,6.031654e+06,3.387174e+01,,,1.379319e+00,4
2018-04-23 04:55:15.000000,2.385424e+07,1.556834e+07,5.836200e+01,6.021654e+06,3.388218e+01,,,1.380768e+00,4
2018-04-23 04:55:16.000000,2.385444e+07,1.571084e+07,5.866000e+01,6.011654e+06,3.389261e+01,,,1.382216e+00,4
2018-04-23 04:55:17.000000,2.385465e+07,1.568900e+07,5.860200e+01,6.001654e+06,3.390305e+01,,,1.383664e+00,4
2018-04-23 04:55:18.000000,2.385486e+07,1.566717e+07,5.854400e+01,5.991655e+06,3.391348e+01,,,1.385112e+00,4
2018-04-23 04:55:19.000000,2.385507e+07,1.559707e+07,5.831400e+01,5.981655e+06,3.392392e+01,,,1.386560e+00,4
2018-04-23 04:55:20.000000,2.385528e+07,1.552698e+07,5.808400e+01,5.971655e+06,3.393435e+01,,,1.388009e+00,4
2018-04-23 04:55:21.000000,2.385549e+07,1.545688e+07,5.785400e+01,5.961655e+06,3.394478e+01,,,1.389457e+00,4
2018-04-23 04:55:22.000000,2.385569e+07,1.538678e+07,5.762400e+01,5.951655e+06,3.395522e+01,,,1.390905e+00,4
2018-04-23 04:55:23.000000,2.385590e+07,1.538219e+07,5.747200e+01,5.941655e+06,3.396565e+01,,,1.392353e+00,4
2018-04-23 04:55:24.000000,2.385611e+07,1.537759e+07,5.732000e+01,5.938776e+06,3.397609e+01,,,1.393802e+00,4
2018-04-23 04:55:25.000000,2.385583e+07,1.551663e+07,5.768600e+01,5.935897e+06,3.398652e+01,,,1.395250e+00,4
2018-04-23 04:55:26.000000,2.385555e+07,1.565568e+07,5.805200e+01,5.933019e+06,3.399696e+01,,,1.393867e+00,4
2018-04-23 04:55:27.000000,2.385526e+07,1.570394e+07,5.817400e+01,5.930140e+06,3.400739e+01,,,1.392484e+00,4
2018-04-23 04:55:28.000000,2.385498e+07,1.575220e+07,5.829600e+01,5.927261e+06,3.401783e+01,,,1.391101e+00,4
2018-04-23 04:55:29.000000,2.385470e+07,1.561086e+07,5.813200e+01,5.924382e+06,3.402826e+01,,,1.389718e+00,4
2018-04-23 04:55:30.000000,2.385441e+07,1.546952e+07,5.796800e+01,5.921503e+06,3.403870e+01,,,1.388335e+00,4
2018-04-23 04:55:31.000000,2.385413e+07,1.542011e+07,5.790600e+01,5.918624e+06,3.404913e+01,,,1.386952e+00,4
2018-04-23 04:55:32.000000,2.385385e+07,1.537069e+07,5.784400e+01,5.915746e+06,3.405957e+01,,,1.385569e+00,4
2018-04-23 04:55:33.000000,2.385357e+07,1.543677e+07,5.793000e+01,5.912867e+06,3.407000e+01,,,1.384186e+00,4
2018-04-23 04:55:34.000000,2.385328e+07,1.550284e+07,5.801600e+01,5.909988e+06,3.406413e+01,,,1.382803e+00,4
2018-04-23 04:55:35.000000,2.385300e+07,1.556892e+07,5.810200e+01,5.914003e+06,3.405826e+01,,,1.381420e+00,4
2018-04-23 04:55:36.000000,2.385272e+07,1.563499e+07,5.818800e+01,5.918018e+06,3.405239e+01,,,1.380036e+00,4
2018-04-23 04:55:37.000000,2.385244e+07,1.569130e+07,5.835200e+01,5.922033e+06,3.404652e+01,,,1.381890e+00,4
2018-04-23 04:55:38.000000,2.385215e+07,1.574761e+07,5.851600e+01,5.926048e+06,3.404065e+01,,,1.383743e+00,4
2018-04-23 04:55:39.000000,2.385187e+07,1.568441e+07,5.833000e+01,5.930063e+06,3.403478e+01,,,1.385596e+00,4
2018-04-23 04:55:40.000000,2.385159e+07,1.562120e+07,5.814400e+01,5.934079e+06,3.402891e+01,,,1.387449e+00,4
2018-04-23 04:55:41.000000,2.385130e+07,1.548216e+07,5.783000e+01,5.938094e+06,3.402304e+01,,,1.389302e+00,4
2018-04-23 04:55:42.000000,2.385102e+07,1.534312e+07,5.751600e+01,5.942109e+06,3.401717e+01,,,1.391155e+00,4
2018-04-23 04:55:43.000000,2.385074e+07,1.536265e+07,5.763400e+01,5.946125e+06,3.401130e+01,,,1.393008e+00,4
2018-04-23 04:55:44.000000,2.385046e+07,1.538219e+07,5.775200e+01,5.950140e+06,3.400544e+01,,,1.394861e+00,4
2018-04-23 04:55:45.000000,2.385017e+07,1.542068e+07,5.786900e+01,5.954155e+06,3.399957e+01,,,1.396714e+00,4
2018-04-23 04:55:46.000000,2.384989e+07,1.545918e+07,5.798600e+01,5.955746e+06,3.399369e+01,,,1.398567e+00,4
2018-04-23 04:55:47.000000,2.384961e+07,1.549767e+07,5.810300e+01,5.957336e+06,3.398783e+01,,,1.400420e+00,4
2018-04-23 04:55:48.000000,2.384932e+07,1.553617e+07,5.822000e+01,5.958927e+06,3.398196e+01,,,1.399270e+00,4
2018-04-23 04:55:49.000000,2.384904e+07,1.563499e+07,5.840400e+01,5.960518e+06,3.397609e+01,,,1.398119e+00,4
2018-04-23 04:55:50.000000,2.384876e+07,1.573382e+07,5.858800e+01,5.962109e+06,3.397022e+01,,,1.396969e+00,4
2018-04-23 04:55:51.000000,2.384848e+07,1.571773e+07,5.843600e+01,5.963700e+06,3.396435e+01,,,1.395819e+00,4
2018-04-23 04:55:52.000000,2.384819e+07,1.570164e+07,5.828400e+01,5.965291e+06,3.395848e+01,,,1.394668e+00,4
2018-04-23 04:55:53.000000,2.384791e+07,1.553617e+07,5.805000e+01,5.966882e+06,3.395261e+01,,,1.393518e+00,4
2018-04-23 04:55:54.000000,2.384763e+07,1.537069e+07,5.781600e+01,5.968473e+06,3.394674e+01,,,1.392367e+00,4
2018-04-23 04:55:55.000000,2.384734e+07,1.533967e+07,5.772600e+01,5.970063e+06,3.394087e+01,,,1.391217e+00,4
2018-04-23 04:55:56.000000,2.384706e+07,1.530864e+07,5.763600e+01,5.971654e+06,3.393500e+01,,,1.390067e+00,4
2018-04-23 04:55:57.000000,2.384678e+07,1.534656e+07,5.777000e+01,5.966200e+06,3.392913e+01,,,1.388916e+00,4
2018-04-23 04:55:58.000000,2.384650e+07,1.538448e+07,5.790400e+01,5.960745e+06,3.392326e+01,,,1.387766e+00,4
2018-04-23 04:55:59.000000,2.384650e+07,1.549710e+07,5.800400e+01,5.955291e+06,3.391739e+01,,,1.388304e+00,4
2018-04-23 04:56:00.000000,2.384650e+07,1.560971e+07,5.810400e+01,5.949836e+06,3.391152e+01,,,1.388842e+00,4
2018-04-23 04:56:01.000000,2.384650e+07,1.563672e+07,5.822300e+01,5.944382e+06,3.390565e+01,,,1.389380e+00,4
2018-04-23 04:56:02.000000,2.384650e+07,1.566372e+07,5.834200e+01,5.938927e+06,3.389978e+01,,,1.389918e+00,4
2018-04-23 04:56:03.000000,2.384649e+07,1.569073e+07,5.846100e+01,5.933473e+06,3.389391e+01,,,1.390456e+00,4
2018-04-23 04:56:04.000000,2.384649e+07,1.571773e+07,5.858000e+01,5.928018e+06,3.388804e+01,,,1.390994e+00,4
2018-04-23 04:56:05.000000,2.384649e+07,1.560627e+07,5.832600e+01,5.922564e+06,3.388217e+01,,,1.391532e+00,4
2018-04-23 04:56:06.000000,2.384649e+07,1.549480e+07,5.807200e+01,5.917109e+06,3.387630e+01,,,1.392070e+00,4
2018-04-23 04:56:07.000000,2.384649e+07,1.540517e+07,5.790400e+01,5.911655e+06,3.387043e+01,,,1.392608e+00,4
2018-04-23 04:56:08.000000,2.384649e+07,1.531554e+07,5.773600e+01,5.914306e+06,3.386456e+01,,,1.393146e+00,4
2018-04-23 04:56:09.000000,2.384649e+07,1.539713e+07,5.800200e+01,5.916958e+06,3.385870e+01,,,1.393684e+00,4
2018-04-23 04:56:10.000000,2.384649e+07,1.547871e+07,5.826800e+01,5.919609e+06,3.385283e+01,,,1.391894e+00,4
2018-04-23 04:56:11.000000,2.384649e+07,1.558903e+07,5.839200e+01,5.922261e+06,3.384695e+01,,,1.390103e+00,4
2018-04-23 04:56:12.000000,2.384649e+07,1.569935e+07,5.851600e+01,5.924912e+06,3.384109e+01,,,1.388312e+00,4
2018-04-23 04:56:13.000000,2.384649e+07,1.566717e+07,5.842600e+01,5.927564e+06,3.383522e+01,,,1.386522e+00,4
2018-04-23 04:56:14.000000,2.384649e+07,1.563499e+07,5.833600e+01,5.930215e+06,3.382935e+01,,,1.384731e+00,4
2018-04-23 04:56:15.000000,2.384649e+07,1.556720e+07,5.825300e+01,5.932867e+06,3.382348e+01,,,1.382941e+00,4
2018-04-23 04:56:16.000000,2.384649e+07,1.549940e+07,5.817000e+01,5.935518e+06,3.381761e+01,,,1.381150e+00,4
2018-04-23 04:56:17.000000,2.384649e+07,1.543160e+07,5.808700e+01,5.938170e+06,3.381174e+01,,,1.379359e+00,4
2018-04-23 04:56:18.000000,2.384649e+07,1.536380e+07,5.800400e+01,5.940821e+06,3.380587e+01,,,1.377569e+00,4
2018-04-23 04:56:19.000000,2.384649e+07,1.534656e+07,5.805600e+01,5.941048e+06,3.380000e+01,,,1.375778e+00,4
2018-04-23 04:56:20.000000,2.384649e+07,1.532933e+07,5.810800e+01,5.941276e+06,3.381072e+01,,,1.373987e+00,4
2018-04-23 04:56:21.000000,2.384649e+07,1.549480e+07,5.840200e+01,5.941503e+06,3.382145e+01,,,1.375402e+00,4
2018-04-23 04:56:22.000000,2.384649e+07,1.566027e+07,5.869600e+01,5.941730e+06,3.383217e+01,,,1.376817e+00,4
2018-04-23 04:56:23.000000,2.384648e+07,1.559248e+07,5.844800e+01,5.941958e+06,3.384290e+01,,,1.378231e+00,4
2018-04-23 04:56:24.000000,2.384648e+07,1.552468e+07,5.820000e+01,5.942185e+06,3.385362e+01,,,1.379646e+00,4
2018-04-23 04:56:25.000000,2.384648e+07,1.541551e+07,5.792000e+01,5.942412e+06,3.386435e+01,,,1.381060e+00,4
2018-04-23 04:56:26.000000,2.384648e+07,1.530634e+07,5.764000e+01,5.942640e+06,3.387507e+01,,,1.382475e+00,4
2018-04-23 04:56:27.000000,2.384648e+07,1.546377e+07,5.793000e+01,5.942867e+06,3.388580e+01,,,1.383889e+00,4
2018-04-23 04:56:28.000000,2.384648e+07,1.562120e+07,5.822000e+01,5.943094e+06,3.389652e+01,,,1.385304e+00,4
2018-04-23 04:56:29.000000,2.384658e+07,1.561661e+07,5.835200e+01,5.943321e+06,3.390725e+01,,,1.386718e+00,4
2018-04-23 04:56:30.000000,2.384668e+07,1.561201e+07,5.848400e+01,5.947563e+06,3.391797e+01,,,1.388133e+00,4
2018-04-23 04:56:31.000000,2.384677e+07,1.555800e+07,5.836200e+01,5.951806e+06,3.392870e+01,,,1.389547e+00,4
2018-04-23 04:56:32.000000,2.384687e+07,1.550399e+07,5.824000e+01,5.956048e+06,3.393942e+01,,,1.390036e+00,4
2018-04-23 04:56:33.000000,2.384697e+07,1.544998e+07,5.811800e+01,5.960291e+06,3.395015e+01,,,1.390524e+00,4
2018-04-23 04:56:34.000000,2.384706e+07,1.539597e+07,5.799600e+01,5.964533e+06,3.396087e+01,,,1.391013e+00,4
2018-04-23 04:56:35.000000,2.384716e+07,1.538908e+07,5.794800e+01,5.968776e+06,3.397159e+01,,,1.391502e+00,4
2018-04-23 04:56:36.000000,2.384725e+07,1.538219e+07,5.790000e+01,5.973018e+06,3.398232e+01,,,1.391990e+00,4
2018-04-23 04:56:37.000000,2.384735e+07,1.555341e+07,5.829400e+01,5.977261e+06,3.399304e+01,,,1.392479e+00,4
2018-04-23 04:56:38.000000,2.384745e+07,1.572463e+07,5.868800e+01,5.981503e+06,3.400377e+01,,,1.392968e+00,4
2018-04-23 04:56:39.000000,2.384754e+07,1.563040e+07,5.852800e+01,5.985746e+06,3.401449e+01,,,1.393456e+00,4
2018-04-23 04:56:40.000000,2.384764e+07,1.553617e+07,5.836800e+01,5.989988e+06,3.402522e+01,,,1.393945e+00,4
2018-04-23 04:56:41.000000,2.384774e+07,1.543390e+07,5.823600e+01,5.992715e+06,3.403594e+01,,,1.394433e+00,4
2018-04-23 04:56:42.000000,2.384783e+07,1.533162e+07,5.810400e+01,5.995442e+06,3.404667e+01,,,1.394922e+00,4
2018-04-23 04:56:43.000000,2.384793e+07,1.541666e+07,5.827200e+01,5.998169e+06,3.405739e+01,,,1.393453e+00,4
2018-04-23 04:56:44.000000,2.384803e+07,1.550169e+07,5.844000e+01,6.000897e+06,3.406812e+01,,,1.391984e+00,4
2018-04-23 04:56:45.000000,2.384812e+07,1.558673e+07,5.860800e+01,6.003624e+06,3.407884e+01,,,1.390514e+00,4
2018-04-23 04:56:46.000000,2.384822e+07,1.567177e+07,5.877600e+01,6.006352e+06,3.408957e+01,,,1.389045e+00,4
2018-04-23 04:56:47.000000,2.384831e+07,1.569934e+07,5.880000e+01,6.009079e+06,3.410029e+01,,,1.387576e+00,4
2018-04-23 04:56:48.000000,2.384841e+07,1.572692e+07,5.882400e+01,6.011806e+06,3.411102e+01,,,1.386106e+00,4
2018-04-23 04:56:49.000000,2.384851e+07,1.560512e+07,5.858600e+01,6.014533e+06,3.412174e+01,,,1.384637e+00,4
2018-04-23 04:56:50.000000,2.384860e+07,1.548331e+07,5.834800e+01,6.017261e+06,3.413246e+01,,,1.383168e+00,4
2018-04-23 04:56:51.000000,2.384870e+07,1.540747e+07,5.826000e+01,6.019988e+06,3.414319e+01,,,1.381698e+00,4
2018-04-23 04:56:52.000000,2.384880e+07,1.533162e+07,5.817200e+01,6.019230e+06,3.415391e+01,,,1.380229e+00,4
2018-04-23 04:56:53.000000,2.384889e+07,1.550399e+07,5.838400e+01,6.018473e+06,3.416464e+01,,,1.378760e+00,4
2018-04-23 04:56:54.000000,2.384899e+07,1.567636e+07,5.859600e+01,6.017715e+06,3.417536e+01,,,1.380527e+00,4
2018-04-23 04:56:55.000000,2.384908e+07,1.568671e+07,5.847667e+01,6.016958e+06,3.418608e+01,,,1.382294e+00,4
2018-04-23 04:56:56.000000,2.384918e+07,1.569705e+07,5.835733e+01,6.016200e+06,3.419681e+01,,,1.384062e+00,4
2018-04-23 04:56:57.000000,2.384928e+07,1.570739e+07,5.823800e+01,6.015442e+06,3.420753e+01,,,1.385829e+00,4
2018-04-23 04:56:58.000000,2.384937e+07,1.571773e+07,5.811867e+01,6.014685e+06,3.421826e+01,,,1.387597e+00,4
2018-04-23 04:56:59.000000,2.384947e+07,1.554191e+07,5.799934e+01,6.013927e+06,3.422898e+01,,,1.389364e+00,4
2018-04-23 04:57:00.000000,2.384957e+07,1.536610e+07,5.788000e+01,6.013169e+06,3.423971e+01,,,1.391131e+00,4
2018-04-23 04:57:01.000000,2.384973e+07,1.537414e+07,5.791800e+01,6.012412e+06,3.425043e+01,,,1.392899e+00,4
2018-04-23 04:57:02.000000,2.384990e+07,1.538219e+07,5.795600e+01,6.011654e+06,3.426116e+01,,,1.394666e+00,4
2018-04-23 04:57:03.000000,2.385007e+07,1.554766e+07,5.835200e+01,6.014685e+06,3.427188e+01,,,1.396433e+00,4
2018-04-23 04:57:04.000000,2.385024e+07,1.571313e+07,5.874800e+01,6.017715e+06,3.428261e+01,,,1.398201e+00,4
2018-04-23 04:57:05.000000,2.385040e+07,1.570394e+07,5.874200e+01,6.020745e+06,3.429333e+01,,,1.397732e+00,4
2018-04-23 04:57:06.000000,2.385057e+07,1.569475e+07,5.873600e+01,6.023775e+06,3.430406e+01,,,1.397264e+00,4
2018-04-23 04:57:07.000000,2.385074e+07,1.562637e+07,5.863500e+01,6.026806e+06,3.431478e+01,,,1.396795e+00,4
2018-04-23 04:57:08.000000,2.385090e+07,1.555800e+07,5.853400e+01,6.029836e+06,3.432551e+01,,,1.396326e+00,4
2018-04-23 04:57:09.000000,2.385107e+07,1.548963e+07,5.843300e+01,6.032867e+06,3.433623e+01,,,1.395858e+00,4
2018-04-23 04:57:10.000000,2.385124e+07,1.542126e+07,5.833200e+01,6.035897e+06,3.434695e+01,,,1.395389e+00,4
2018-04-23 04:57:11.000000,2.385141e+07,1.537644e+07,5.820000e+01,6.038927e+06,3.435768e+01,,,1.394921e+00,4
2018-04-23 04:57:12.000000,2.385157e+07,1.533162e+07,5.806800e+01,6.041958e+06,3.436840e+01,,,1.394452e+00,4
2018-04-23 04:57:13.000000,2.385174e+07,1.547641e+07,5.829200e+01,6.044988e+06,3.437913e+01,,,1.393983e+00,4
2018-04-23 04:57:14.000000,2.385191e+07,1.562120e+07,5.851600e+01,6.045367e+06,3.438985e+01,,,1.393515e+00,4
2018-04-23 04:57:15.000000,2.385208e+07,1.562465e+07,5.851200e+01,6.045745e+06,3.440058e+01,,,1.393046e+00,4
2018-04-23 04:57:16.000000,2.385224e+07,1.562810e+07,5.850800e+01,6.046124e+06,3.441130e+01,,,1.395511e+00,4
2018-04-23 04:57:17.000000,2.385241e+07,1.548216e+07,5.831400e+01,6.046503e+06,3.442203e+01,,,1.397976e+00,4
2018-04-23 04:57:18.000000,2.385258e+07,1.533622e+07,5.812000e+01,6.046882e+06,3.443275e+01,,,1.400440e+00,4
2018-04-23 04:57:19.000000,2.385275e+07,1.542413e+07,5.820900e+01,6.047260e+06,3.444348e+01,,,1.402905e+00,4
2018-04-23 04:57:20.000000,2.385291e+07,1.551204e+07,5.829800e+01,6.047639e+06,3.445420e+01,,,1.405370e+00,4
2018-04-23 04:57:21.000000,2.385308e+07,1.559995e+07,5.838700e+01,6.048018e+06,3.446493e+01,,,1.407835e+00,4
2018-04-23 04:57:22.000000,2.385325e+07,1.568785e+07,5.847600e+01,6.048397e+06,3.447565e+01,,,1.410299e+00,4
2018-04-23 04:57:23.000000,2.385342e+07,1.561776e+07,5.836700e+01,6.048775e+06,3.448638e+01,,,1.412764e+00,4
2018-04-23 04:57:24.000000,2.385358e+07,1.554766e+07,5.825800e+01,6.049154e+06,3.449710e+01,,,1.415229e+00,4
2018-04-23 04:57:25.000000,2.385375e+07,1.547756e+07,5.814900e+01,6.048018e+06,3.450782e+01,,,1.417694e+00,4
2018-04-23 04:57:26.000000,2.385392e+07,1.540747e+07,5.804000e+01,6.046881e+06,3.451855e+01,,,1.420158e+00,4
2018-04-23 04:57:27.000000,2.385408e+07,1.539138e+07,5.805400e+01,6.045745e+06,3.452927e+01,,,1.419576e+00,4
2018-04-23 04:57:28.000000,2.385425e+07,1.537529e+07,5.806800e+01,6.044609e+06,3.454000e+01,,,1.418994e+00,4
2018-04-23 04:57:29.000000,2.385442e+07,1.554536e+07,5.845000e+01,6.043473e+06,3.455072e+01,,,1.418411e+00,4
2018-04-23 04:57:30.000000,2.385459e+07,1.571543e+07,5.883200e+01,6.042336e+06,3.456145e+01,,,1.417829e+00,4
2018-04-23 04:57:31.000000,2.385475e+07,1.567292e+07,5.876600e+01,6.041200e+06,3.457217e+01,,,1.417247e+00,4
2018-04-23 04:57:32.000000,2.385492e+07,1.563040e+07,5.870000e+01,6.040063e+06,3.458290e+01,,,1.416664e+00,4
2018-04-23 04:57:33.000000,2.385509e+07,1.548905e+07,5.848000e+01,6.038927e+06,3.459362e+01,,,1.416082e+00,4
2018-04-23 04:57:34.000000,2.385526e+07,1.534771e+07,5.826000e+01,6.037791e+06,3.460435e+01,,,1.415500e+00,4
2018-04-23 04:57:35.000000,2.385533e+07,1.535748e+07,5.825300e+01,6.036654e+06,3.461507e+01,,,1.414917e+00,4
2018-04-23 04:57:36.000000,2.385540e+07,1.536725e+07,5.824600e+01,6.038775e+06,3.462580e+01,,,1.414335e+00,4
2018-04-23 04:57:37.000000,2.385548e+07,1.537702e+07,5.823900e+01,6.040897e+06,3.463652e+01,,,1.413753e+00,4
2018-04-23 04:57:38.000000,2.385555e+07,1.538678e+07,5.823200e+01,6.043018e+06,3.464724e+01,,,1.414192e+00,4
2018-04-23 04:57:39.000000,2.385562e+07,1.551663e+07,5.841400e+01,6.045139e+06,3.465797e+01,,,1.414631e+00,4
2018-04-23 04:57:40.000000,2.385570e+07,1.564648e+07,5.859600e+01,6.047260e+06,3.466869e+01,,,1.415070e+00,4
2018-04-23 04:57:41.000000,2.385577e+07,1.564534e+07,5.844400e+01,6.049382e+06,3.467942e+01,,,1.415509e+00,4
2018-04-23 04:57:42.000000,2.385584e+07,1.564419e+07,5.829200e+01,6.051503e+06,3.469014e+01,,,1.415948e+00,4
2018-04-23 04:57:43.000000,2.385591e+07,1.548791e+07,5.807600e+01,6.053624e+06,3.470087e+01,,,1.416387e+00,4
2018-04-23 04:57:44.000000,2.385599e+07,1.533162e+07,5.786000e+01,6.055745e+06,3.471159e+01,,,1.416826e+00,4
2018-04-23 04:57:45.000000,2.385606e+07,1.542470e+07,5.799600e+01,6.057867e+06,3.472232e+01,,,1.417265e+00,4
2018-04-23 04:57:46.000000,2.385613e+07,1.551778e+07,5.813200e+01,6.059988e+06,3.473304e+01,,,1.417704e+00,4
2018-04-23 04:57:47.000000,2.385621e+07,1.557179e+07,5.825800e+01,6.064003e+06,3.474377e+01,,,1.418144e+00,4
2018-04-23 04:57:48.000000,2.385628e+07,1.562580e+07,5.838400e+01,6.068018e+06,3.475449e+01,,,1.418583e+00,4
2018-04-23 04:57:49.000000,2.385635e+07,1.567981e+07,5.851000e+01,6.072033e+06,3.476522e+01,,,1.417149e+00,4
2018-04-23 04:57:50.000000,2.385643e+07,1.573382e+07,5.863600e+01,6.076048e+06,3.477594e+01,,,1.415715e+00,4
2018-04-23 04:57:51.000000,2.385650e+07,1.563040e+07,5.852200e+01,6.080063e+06,3.478667e+01,,,1.414281e+00,4
2018-04-23 04:57:52.000000,2.385657e+07,1.552698e+07,5.840800e+01,6.084079e+06,3.479739e+01,,,1.412847e+00,4
2018-04-23 04:57:53.000000,2.385665e+07,1.542241e+07,5.830600e+01,6.088094e+06,3.480811e+01,,,1.411413e+00,4
2018-04-23 04:57:54.000000,2.385672e+07,1.531783e+07,5.820400e+01,6.092109e+06,3.481884e+01,,,1.409980e+00,4
2018-04-23 04:57:55.000000,2.385679e+07,1.545343e+07,5.839200e+01,6.096124e+06,3.482956e+01,,,1.408546e+00,4
2018-04-23 04:57:56.000000,2.385687e+07,1.558903e+07,5.858000e+01,6.100139e+06,3.484029e+01,,,1.407112e+00,4
2018-04-23 04:57:57.000000,2.385694e+07,1.566372e+07,5.866800e+01,6.104154e+06,3.485101e+01,,,1.405678e+00,4
2018-04-23 04:57:58.000000,2.385701e+07,1.573842e+07,5.875600e+01,6.113927e+06,3.486174e+01,,,1.404244e+00,4
2018-04-23 04:57:59.000000,2.385709e+07,1.563672e+07,5.857900e+01,6.123700e+06,3.487246e+01,,,1.402810e+00,4
2018-04-23 04:58:00.000000,2.385716e+07,1.553502e+07,5.840200e+01,6.133473e+06,3.488319e+01,,,1.403920e+00,4
2018-04-23 04:58:01.000000,2.385723e+07,1.543332e+07,5.822500e+01,6.143245e+06,3.489391e+01,,,1.405030e+00,4
2018-04-23 04:58:02.000000,2.385730e+07,1.533162e+07,5.804800e+01,6.153018e+06,3.490464e+01,,,1.406140e+00,4
2018-04-23 04:58:03.000000,2.385738e+07,1.541896e+07,5.817900e+01,6.162791e+06,3.491536e+01,,,1.407249e+00,4
2018-04-23 04:58:04.000000,2.385745e+07,1.550629e+07,5.831000e+01,6.172563e+06,3.492609e+01,,,1.408359e+00,4
2018-04-23 04:58:05.000000,2.385752e+07,1.559362e+07,5.844100e+01,6.182336e+06,3.493681e+01,,,1.409469e+00,4
2018-04-23 04:58:06.000000,2.385760e+07,1.568096e+07,5.857200e+01,6.192109e+06,3.494754e+01,,,1.410578e+00,4
2018-04-23 04:58:07.000000,2.385767e+07,1.565108e+07,5.855400e+01,6.201881e+06,3.495826e+01,,,1.411688e+00,4
2018-04-23 04:58:08.000000,2.385774e+07,1.562120e+07,5.853600e+01,6.211654e+06,3.496898e+01,,,1.412798e+00,4
2018-04-23 04:58:09.000000,2.385788e+07,1.555226e+07,5.829200e+01,6.217942e+06,3.497971e+01,,,1.413908e+00,4
2018-04-23 04:58:10.000000,2.385802e+07,1.548331e+07,5.804800e+01,6.224230e+06,3.499043e+01,,,1.415017e+00,4
2018-04-23 04:58:11.000000,2.385816e+07,1.549365e+07,5.815800e+01,6.230518e+06,3.500116e+01,,,1.414905e+00,4
2018-04-23 04:58:12.000000,2.385830e+07,1.550399e+07,5.826800e+01,6.236806e+06,3.501188e+01,,,1.414793e+00,4
2018-04-23 04:58:13.000000,2.385844e+07,1.562465e+07,5.855000e+01,6.243094e+06,3.502261e+01,,,1.414681e+00,4
2018-04-23 04:58:14.000000,2.385858e+07,1.574531e+07,5.883200e+01,6.249381e+06,3.503333e+01,,,1.414568e+00,4
2018-04-23 04:58:15.000000,2.385872e+07,1.561776e+07,5.850800e+01,6.255669e+06,3.504406e+01,,,1.414456e+00,4
2018-04-23 04:58:16.000000,2.385886e+07,1.549020e+07,5.818400e+01,6.261957e+06,3.505478e+01,,,1.414344e+00,4
2018-04-23 04:58:17.000000,2.385900e+07,1.544711e+07,5.808800e+01,6.268245e+06,3.506551e+01,,,1.414232e+00,4
2018-04-23 04:58:18.000000,2.385914e+07,1.540402e+07,5.799200e+01,6.274533e+06,3.507623e+01,,,1.414119e+00,4
2018-04-23 04:58:19.000000,2.385927e+07,1.536093e+07,5.789600e+01,6.280821e+06,3.508696e+01,,,1.414007e+00,4
2018-04-23 04:58:20.000000,2.385941e+07,1.531783e+07,5.780000e+01,6.285821e+06,3.509768e+01,,,1.413895e+00,4
2018-04-23 04:58:21.000000,2.385955e+07,1.546952e+07,5.816400e+01,6.290821e+06,3.510841e+01,,,1.413783e+00,4
2018-04-23 04:58:22.000000,2.385969e+07,1.562120e+07,5.852800e+01,6.295821e+06,3.511913e+01,,,1.413326e+00,4
2018-04-23 04:58:23.000000,2.385983e+07,1.569130e+07,5.876200e+01,6.300821e+06,3.512985e+01,,,1.412869e+00,4
2018-04-23 04:58:24.000000,2.385997e+07,1.576140e+07,5.899600e+01,6.305821e+06,3.514058e+01,,,1.412412e+00,4
2018-04-23 04:58:25.000000,2.386011e+07,1.562120e+07,5.862000e+01,6.310821e+06,3.515130e+01,,,1.411956e+00,4
2018-04-23 04:58:26.000000,2.386025e+07,1.548101e+07,5.824400e+01,6.315821e+06,3.516203e+01,,,1.411499e+00,4
2018-04-23 04:58:27.000000,2.386039e+07,1.542815e+07,5.810600e+01,6.320821e+06,3.517275e+01,,,1.411042e+00,4
2018-04-23 04:58:28.000000,2.386053e+07,1.537529e+07,5.796800e+01,6.325821e+06,3.518348e+01,,,1.410585e+00,4
2018-04-23 04:58:29.000000,2.386067e+07,1.546550e+07,5.810700e+01,6.330821e+06,3.519420e+01,,,1.410129e+00,4
2018-04-23 04:58:30.000000,2.386080e+07,1.555570e+07,5.824600e+01,6.335821e+06,3.520493e+01,,,1.409672e+00,4
2018-04-23 04:58:31.000000,2.386095e+07,1.564591e+07,5.838500e+01,6.336881e+06,3.521565e+01,,,1.409215e+00,4
2018-04-23 04:58:32.000000,2.386108e+07,1.573612e+07,5.852400e+01,6.337942e+06,3.522638e+01,,,1.408758e+00,4
2018-04-23 04:58:33.000000,2.386122e+07,1.575335e+07,5.852600e+01,6.339002e+06,3.523710e+01,,,1.406243e+00,4
2018-04-23 04:58:34.000000,2.386136e+07,1.577059e+07,5.852800e+01,6.340063e+06,3.524783e+01,,,1.403728e+00,4
2018-04-23 04:58:35.000000,2.386150e+07,1.566602e+07,5.836000e+01,6.341124e+06,3.525855e+01,,,1.401213e+00,4
2018-04-23 04:58:36.000000,2.386164e+07,1.556145e+07,5.819200e+01,6.342185e+06,3.526928e+01,,,1.398698e+00,4
2018-04-23 04:58:37.000000,2.386178e+07,1.546607e+07,5.797200e+01,6.343245e+06,3.528000e+01,,,1.396183e+00,4
2018-04-23 04:58:38.000000,2.386192e+07,1.537069e+07,5.775200e+01,6.344306e+06,3.530130e+01,,,1.393668e+00,4
2018-04-23 04:58:39.000000,2.386220e+07,1.544654e+07,5.789600e+01,6.345366e+06,3.532261e+01,,,1.391153e+00,4
2018-04-23 04:58:40.000000,2.386247e+07,1.552238e+07,5.804000e+01,6.346427e+06,3.534391e+01,,,1.388638e+00,4
2018-04-23 04:58:41.000000,2.386275e+07,1.558558e+07,5.808800e+01,6.347487e+06,3.536522e+01,,,1.386123e+00,4
2018-04-23 04:58:42.000000,2.386303e+07,1.564878e+07,5.813600e+01,6.341957e+06,3.538652e+01,,,1.383608e+00,4
2018-04-23 04:58:43.000000,2.386331e+07,1.571199e+07,5.818400e+01,6.336427e+06,3.540783e+01,,,1.381093e+00,4
2018-04-23 04:58:44.000000,2.386358e+07,1.577519e+07,5.823200e+01,6.330896e+06,3.542913e+01,,,1.383983e+00,4
2018-04-23 04:58:45.000000,2.386386e+07,1.575220e+07,5.802600e+01,6.325366e+06,3.545044e+01,,,1.386874e+00,4
2018-04-23 04:58:46.000000,2.386414e+07,1.572922e+07,5.782000e+01,6.319836e+06,3.547174e+01,,,1.389764e+00,4
2018-04-23 04:58:47.000000,2.386442e+07,1.554536e+07,5.768800e+01,6.314306e+06,3.549304e+01,,,1.392655e+00,4
2018-04-23 04:58:48.000000,2.386470e+07,1.536150e+07,5.755600e+01,6.308775e+06,3.551435e+01,,,1.395545e+00,4
2018-04-23 04:58:49.000000,2.386497e+07,1.541666e+07,5.767800e+01,6.303245e+06,3.553565e+01,,,1.398436e+00,4
2018-04-23 04:58:50.000000,2.386525e+07,1.547182e+07,5.780000e+01,6.297715e+06,3.555696e+01,,,1.401326e+00,4
2018-04-23 04:58:51.000000,2.386553e+07,1.561546e+07,5.803400e+01,6.292185e+06,3.557826e+01,,,1.404217e+00,4
2018-04-23 04:58:52.000000,2.386581e+07,1.575910e+07,5.826800e+01,6.286654e+06,3.559956e+01,,,1.407107e+00,4
2018-04-23 04:58:53.000000,2.386608e+07,1.574588e+07,5.828500e+01,6.274230e+06,3.562087e+01,,,1.409997e+00,4
2018-04-23 04:58:54.000000,2.386636e+07,1.573267e+07,5.830200e+01,6.261806e+06,3.564217e+01,,,1.412888e+00,4
2018-04-23 04:58:55.000000,2.386664e+07,1.571945e+07,5.831900e+01,6.249382e+06,3.566348e+01,,,1.411835e+00,4
2018-04-23 04:58:56.000000,2.386692e+07,1.570624e+07,5.833600e+01,6.236958e+06,3.568478e+01,,,1.410782e+00,4
2018-04-23 04:58:57.000000,2.386720e+07,1.559822e+07,5.810800e+01,6.224533e+06,3.570609e+01,,,1.409729e+00,4
2018-04-23 04:58:58.000000,2.386747e+07,1.549020e+07,5.788000e+01,6.212109e+06,3.572739e+01,,,1.408676e+00,4
2018-04-23 04:58:59.000000,2.386775e+07,1.546607e+07,5.795000e+01,6.199685e+06,3.574870e+01,,,1.407623e+00,4
2018-04-23 04:59:00.000000,2.386803e+07,1.544194e+07,5.802000e+01,6.187260e+06,3.577000e+01,,,1.406571e+00,4
2018-04-23 04:59:01.000000,2.386831e+07,1.559362e+07,5.824400e+01,6.174836e+06,3.576565e+01,,,1.405518e+00,4
2018-04-23 04:59:02.000000,2.386858e+07,1.574531e+07,5.846800e+01,6.162412e+06,3.576130e+01,,,1.404465e+00,4
2018-04-23 04:59:03.000000,2.386886e+07,1.575106e+07,5.843800e+01,6.149988e+06,3.575696e+01,,,1.403412e+00,4
2018-04-23 04:59:04.000000,2.386914e+07,1.575680e+07,5.840800e+01,6.142942e+06,3.575261e+01,,,1.402359e+00,4
2018-04-23 04:59:05.000000,2.386942e+07,1.569245e+07,5.827200e+01,6.135897e+06,3.574826e+01,,,1.401306e+00,4
2018-04-23 04:59:06.000000,2.386969e+07,1.562810e+07,5.813600e+01,6.128852e+06,3.574391e+01,,,1.400228e+00,4
2018-04-23 04:59:07.000000,2.386997e+07,1.556375e+07,5.800000e+01,6.121806e+06,3.573957e+01,,,1.399150e+00,4
2018-04-23 04:59:08.000000,2.387025e+07,1.549940e+07,5.786400e+01,6.114761e+06,3.573522e+01,,,1.398072e+00,4
2018-04-23 04:59:09.000000,2.387053e+07,1.544194e+07,5.785000e+01,6.107715e+06,3.573087e+01,,,1.396993e+00,4
2018-04-23 04:59:10.000000,2.387081e+07,1.538448e+07,5.783600e+01,6.100669e+06,3.572652e+01,,,1.395915e+00,4
2018-04-23 04:59:11.000000,2.387030e+07,1.545918e+07,5.791000e+01,6.093624e+06,3.572217e+01,,,1.394837e+00,4
2018-04-23 04:59:12.000000,2.386979e+07,1.553387e+07,5.798400e+01,6.086579e+06,3.571783e+01,,,1.393759e+00,4
2018-04-23 04:59:13.000000,2.386928e+07,1.565108e+07,5.825000e+01,6.079533e+06,3.571348e+01,,,1.392681e+00,4
2018-04-23 04:59:14.000000,2.386877e+07,1.576829e+07,5.851600e+01,6.072488e+06,3.570913e+01,,,1.391603e+00,4
2018-04-23 04:59:15.000000,2.386826e+07,1.573612e+07,5.836000e+01,6.070897e+06,3.570478e+01,,,1.390525e+00,4
2018-04-23 04:59:16.000000,2.386775e+07,1.570394e+07,5.820400e+01,6.069306e+06,3.570043e+01,,,1.389446e+00,4
2018-04-23 04:59:17.000000,2.386724e+07,1.563729e+07,5.812000e+01,6.067715e+06,3.569609e+01,,,1.389948e+00,4
2018-04-23 04:59:18.000000,2.386673e+07,1.557064e+07,5.803600e+01,6.066124e+06,3.569174e+01,,,1.390449e+00,4
2018-04-23 04:59:19.000000,2.386622e+07,1.550399e+07,5.795200e+01,6.064533e+06,3.568739e+01,,,1.390950e+00,4
2018-04-23 04:59:20.000000,2.386572e+07,1.543734e+07,5.786800e+01,6.062942e+06,3.568304e+01,,,1.391452e+00,4
2018-04-23 04:59:21.000000,2.386521e+07,1.540517e+07,5.776200e+01,6.061352e+06,3.567870e+01,,,1.391953e+00,4
2018-04-23 04:59:22.000000,2.386470e+07,1.537299e+07,5.765600e+01,6.059761e+06,3.567435e+01,,,1.392454e+00,4
2018-04-23 04:59:23.000000,2.386419e+07,1.550744e+07,5.786400e+01,6.058169e+06,3.567000e+01,,,1.392955e+00,4
2018-04-23 04:59:24.000000,2.386368e+07,1.564189e+07,5.807200e+01,6.056579e+06,3.564043e+01,,,1.393457e+00,4
2018-04-23 04:59:25.000000,2.386317e+07,1.570624e+07,5.819000e+01,6.054988e+06,3.561087e+01,,,1.393958e+00,4
2018-04-23 04:59:26.000000,2.386266e+07,1.577059e+07,5.830800e+01,6.054458e+06,3.558130e+01,,,1.394459e+00,4
2018-04-23 04:59:27.000000,2.386215e+07,1.562005e+07,5.809200e+01,6.053927e+06,3.555174e+01,,,1.394961e+00,4
2018-04-23 04:59:28.000000,2.386164e+07,1.546952e+07,5.787600e+01,6.053397e+06,3.552217e+01,,,1.393830e+00,4
2018-04-23 04:59:29.000000,2.386113e+07,1.540632e+07,5.773000e+01,6.052867e+06,3.549261e+01,,,1.392700e+00,4
2018-04-23 04:59:30.000000,2.386062e+07,1.534312e+07,5.758400e+01,6.052336e+06,3.546304e+01,,,1.391569e+00,4
2018-04-23 04:59:31.000000,2.386012e+07,1.540287e+07,5.769800e+01,6.051806e+06,3.543348e+01,,,1.390438e+00,4
2018-04-23 04:59:32.000000,2.385961e+07,1.546263e+07,5.781200e+01,6.051275e+06,3.540391e+01,,,1.389308e+00,4
2018-04-23 04:59:33.000000,2.385910e+07,1.552238e+07,5.792600e+01,6.050745e+06,3.537435e+01,,,1.388177e+00,4
2018-04-23 04:59:34.000000,2.385859e+07,1.558213e+07,5.804000e+01,6.050215e+06,3.534478e+01,,,1.387047e+00,4
2018-04-23 04:59:35.000000,2.385808e+07,1.567177e+07,5.816200e+01,6.049685e+06,3.531522e+01,,,1.385916e+00,4
2018-04-23 04:59:36.000000,2.385757e+07,1.576140e+07,5.828400e+01,6.049154e+06,3.528565e+01,,,1.384785e+00,4
2018-04-23 04:59:37.000000,2.385706e+07,1.564878e+07,5.803400e+01,6.045897e+06,3.525608e+01,,,1.383655e+00,4
2018-04-23 04:59:38.000000,2.385655e+07,1.553617e+07,5.778400e+01,6.042639e+06,3.522652e+01,,,1.382524e+00,4
2018-04-23 04:59:39.000000,2.385604e+07,1.543160e+07,5.768800e+01,6.039382e+06,3.519696e+01,,,1.383672e+00,4
2018-04-23 04:59:40.000000,2.385553e+07,1.532703e+07,5.759200e+01,6.036124e+06,3.516739e+01,,,1.384819e+00,4
2018-04-23 04:59:41.000000,2.385539e+07,1.544539e+07,5.775800e+01,6.032867e+06,3.513783e+01,,,1.385966e+00,4
2018-04-23 04:59:42.000000,2.385524e+07,1.556375e+07,5.792400e+01,6.029609e+06,3.510826e+01,,,1.387113e+00,4
2018-04-23 04:59:43.000000,2.385510e+07,1.560799e+07,5.799500e+01,6.026352e+06,3.507869e+01,,,1.388261e+00,4
2018-04-23 04:59:44.000000,2.385496e+07,1.565223e+07,5.806600e+01,6.023094e+06,3.504913e+01,,,1.389408e+00,4
2018-04-23 04:59:45.000000,2.385481e+07,1.569647e+07,5.813700e+01,6.019836e+06,3.501957e+01,,,1.390555e+00,4
2018-04-23 04:59:46.000000,2.385467e+07,1.574071e+07,5.820800e+01,6.016579e+06,3.499000e+01,,,1.391703e+00,4
2018-04-23 04:59:47.000000,2.385453e+07,1.568211e+07,5.801600e+01,6.013321e+06,3.496043e+01,,,1.392850e+00,4
2018-04-23 04:59:48.000000,2.385438e+07,1.562350e+07,5.782400e+01,6.016200e+06,3.493087e+01,,,1.393997e+00,4
2018-04-23 04:59:49.000000,2.385424e+07,1.547641e+07,5.763000e+01,6.019079e+06,3.490131e+01,,,1.395144e+00,4
2018-04-23 04:59:50.000000,2.385409e+07,1.532933e+07,5.743600e+01,6.021958e+06,3.487174e+01,,,1.393353e+00,4
2018-04-23 04:59:51.000000,2.385395e+07,1.544079e+07,5.763800e+01,6.024836e+06,3.484217e+01,,,1.391561e+00,4
2018-04-23 04:59:52.000000,2.385381e+07,1.555226e+07,5.784000e+01,6.027715e+06,3.481261e+01,,,1.389770e+00,4
2018-04-23 04:59:53.000000,2.385366e+07,1.566028e+07,5.800400e+01,6.030594e+06,3.478304e+01,,,1.387978e+00,4
2018-04-23 04:59:54.000000,2.385352e+07,1.576829e+07,5.816800e+01,6.033473e+06,3.475348e+01,,,1.386187e+00,4
2018-04-23 04:59:55.000000,2.385338e+07,1.563155e+07,5.780800e+01,6.036352e+06,3.472392e+01,,,1.384395e+00,4
2018-04-23 04:59:56.000000,2.385323e+07,1.549480e+07,5.744800e+01,6.039230e+06,3.469435e+01,,,1.382604e+00,4
2018-04-23 04:59:57.000000,2.385309e+07,1.541896e+07,5.731600e+01,6.042109e+06,3.466478e+01,,,1.380812e+00,4
2018-04-23 04:59:58.000000,2.385294e+07,1.534312e+07,5.718400e+01,6.044988e+06,3.463522e+01,,,1.379021e+00,4
2018-04-23 04:59:59.000000,2.385280e+07,1.536782e+07,5.722600e+01,6.047488e+06,3.460565e+01,,,1.377229e+00,4
2018-04-23 05:00:00.000000,2.385266e+07,1.539253e+07,5.726800e+01,6.049988e+06,3.457609e+01,,,1.375438e+00,4
2018-04-23 05:00:01.000000,2.385251e+07,1.541723e+07,5.731000e+01,6.052488e+06,3.454652e+01,,,1.376979e+00,4
2018-04-23 05:00:02.000000,2.385237e+07,1.544194e+07,5.735200e+01,6.054988e+06,3.451696e+01,,,1.378521e+00,4
2018-04-23 05:00:03.000000,2.385222e+07,1.559937e+07,5.746400e+01,6.057488e+06,3.448739e+01,,,1.380062e+00,4
2018-04-23 05:00:04.000000,2.385208e+07,1.575680e+07,5.757600e+01,6.059988e+06,3.445783e+01,,,1.381604e+00,4
2018-04-23 05:00:05.000000,2.385194e+07,1.564648e+07,5.747200e+01,6.062488e+06,3.442826e+01,,,1.383145e+00,4
2018-04-23 05:00:06.000000,2.385179e+07,1.553617e+07,5.736800e+01,6.064988e+06,3.439870e+01,,,1.384687e+00,4
2018-04-23 05:00:07.000000,2.385165e+07,1.542700e+07,5.724200e+01,6.067488e+06,3.436913e+01,,,1.386228e+00,4
2018-04-23 05:00:08.000000,2.385151e+07,1.531783e+07,5.711600e+01,6.069988e+06,3.433957e+01,,,1.387770e+00,4
2018-04-23 05:00:09.000000,2.385136e+07,1.544424e+07,5.726600e+01,6.072488e+06,3.431000e+01,,,1.389311e+00,4
2018-04-23 05:00:10.000000,2.385122e+07,1.557064e+07,5.741600e+01,6.067412e+06,3.431363e+01,,,1.390853e+00,4
2018-04-23 05:00:11.000000,2.385107e+07,1.564878e+07,5.761000e+01,6.062336e+06,3.431725e+01,,,1.392394e+00,4
2018-04-23 05:00:12.000000,2.385093e+07,1.572692e+07,5.780400e+01,6.057260e+06,3.432087e+01,,,1.390859e+00,4
2018-04-23 05:00:13.000000,2.385079e+07,1.572003e+07,5.786400e+01,6.052185e+06,3.432449e+01,,,1.389324e+00,4
2018-04-23 05:00:14.000000,2.385064e+07,1.571313e+07,5.792400e+01,6.047109e+06,3.432812e+01,,,1.387789e+00,4
2018-04-23 05:00:15.000000,2.385072e+07,1.570624e+07,5.798400e+01,6.042033e+06,3.433174e+01,,,1.386253e+00,4
2018-04-23 05:00:16.000000,2.385079e+07,1.569935e+07,5.804400e+01,6.036958e+06,3.433537e+01,,,1.384718e+00,4
2018-04-23 05:00:17.000000,2.385087e+07,1.558214e+07,5.780200e+01,6.031882e+06,3.433899e+01,,,1.383183e+00,4
2018-04-23 05:00:18.000000,2.385094e+07,1.546492e+07,5.756000e+01,6.026806e+06,3.434261e+01,,,1.381648e+00,4
2018-04-23 05:00:19.000000,2.385102e+07,1.541206e+07,5.752000e+01,6.021730e+06,3.434623e+01,,,1.380112e+00,4
2018-04-23 05:00:20.000000,2.385109e+07,1.535920e+07,5.748000e+01,6.016654e+06,3.434986e+01,,,1.378577e+00,4
2018-04-23 05:00:21.000000,2.385117e+07,1.553617e+07,5.776200e+01,6.011351e+06,3.435348e+01,,,1.377042e+00,4
2018-04-23 05:00:22.000000,2.385125e+07,1.571313e+07,5.804400e+01,6.006048e+06,3.435710e+01,,,1.375507e+00,4
2018-04-23 05:00:23.000000,2.385132e+07,1.569820e+07,5.809200e+01,6.000745e+06,3.436073e+01,,,1.377005e+00,4
2018-04-23 05:00:24.000000,2.385140e+07,1.568326e+07,5.814000e+01,5.995442e+06,3.436435e+01,,,1.378504e+00,4
2018-04-23 05:00:25.000000,2.385147e+07,1.561144e+07,5.800300e+01,5.990139e+06,3.436797e+01,,,1.380002e+00,4
2018-04-23 05:00:26.000000,2.385155e+07,1.553961e+07,5.786600e+01,5.984836e+06,3.437160e+01,,,1.381501e+00,4
2018-04-23 05:00:27.000000,2.385162e+07,1.546779e+07,5.772900e+01,5.979533e+06,3.437522e+01,,,1.382999e+00,4
2018-04-23 05:00:28.000000,2.385170e+07,1.539597e+07,5.759200e+01,5.974230e+06,3.437884e+01,,,1.384497e+00,4
2018-04-23 05:00:29.000000,2.385177e+07,1.536725e+07,5.754800e+01,5.968927e+06,3.438247e+01,,,1.385996e+00,4
2018-04-23 05:00:30.000000,2.385185e+07,1.533852e+07,5.750400e+01,5.963625e+06,3.438609e+01,,,1.387494e+00,4
2018-04-23 05:00:31.000000,2.385192e+07,1.545803e+07,5.780400e+01,5.958321e+06,3.438971e+01,,,1.388993e+00,4
2018-04-23 05:00:32.000000,2.385200e+07,1.557754e+07,5.810400e+01,5.957033e+06,3.439333e+01,,,1.390491e+00,4
2018-04-23 05:00:33.000000,2.385207e+07,1.566257e+07,5.828000e+01,5.955746e+06,3.439696e+01,,,1.391989e+00,4
2018-04-23 05:00:34.000000,2.385215e+07,1.574761e+07,5.845600e+01,5.954458e+06,3.440058e+01,,,1.392248e+00,4
2018-04-23 05:00:35.000000,2.385222e+07,1.565108e+07,5.817000e+01,5.953170e+06,3.440421e+01,,,1.392506e+00,4
2018-04-23 05:00:36.000000,2.385230e+07,1.555455e+07,5.788400e+01,5.951882e+06,3.440783e+01,,,1.392764e+00,4
2018-04-23 05:00:37.000000,2.385237e+07,1.552812e+07,5.782700e+01,5.950594e+06,3.441145e+01,,,1.393023e+00,4
2018-04-23 05:00:38.000000,2.385245e+07,1.550170e+07,5.777000e+01,5.949306e+06,3.441507e+01,,,1.393281e+00,4
2018-04-23 05:00:39.000000,2.385253e+07,1.547527e+07,5.771300e+01,5.948019e+06,3.441870e+01,,,1.393539e+00,4
2018-04-23 05:00:40.000000,2.385260e+07,1.544884e+07,5.765600e+01,5.946730e+06,3.442232e+01,,,1.393797e+00,4
2018-04-23 05:00:41.000000,2.385268e+07,1.548963e+07,5.777800e+01,5.945443e+06,3.442595e+01,,,1.394056e+00,4
2018-04-23 05:00:42.000000,2.385275e+07,1.553042e+07,5.790000e+01,5.944155e+06,3.442957e+01,,,1.394314e+00,4
2018-04-23 05:00:43.000000,2.385283e+07,1.557122e+07,5.802200e+01,5.950291e+06,3.443319e+01,,,1.394572e+00,4
2018-04-23 05:00:44.000000,2.385290e+07,1.561201e+07,5.814400e+01,5.956427e+06,3.443681e+01,,,1.394831e+00,4
2018-04-23 05:00:45.000000,2.385298e+07,1.564763e+07,5.816200e+01,5.962564e+06,3.444044e+01,,,1.395643e+00,4
2018-04-23 05:00:46.000000,2.385305e+07,1.568326e+07,5.818000e+01,5.968700e+06,3.444406e+01,,,1.396456e+00,4
2018-04-23 05:00:47.000000,2.385313e+07,1.568900e+07,5.831200e+01,5.974836e+06,3.444768e+01,,,1.397269e+00,4
2018-04-23 05:00:48.000000,2.385320e+07,1.569475e+07,5.844400e+01,5.980973e+06,3.445131e+01,,,1.398081e+00,4
2018-04-23 05:00:49.000000,2.385310e+07,1.565510e+07,5.828400e+01,5.987109e+06,3.445493e+01,,,1.398894e+00,4
2018-04-23 05:00:50.000000,2.385300e+07,1.561546e+07,5.812400e+01,5.993245e+06,3.445855e+01,,,1.399707e+00,4
2018-04-23 05:00:51.000000,2.385290e+07,1.557581e+07,5.796400e+01,5.999382e+06,3.446217e+01,,,1.400519e+00,4
2018-04-23 05:00:52.000000,2.385279e+07,1.553617e+07,5.780400e+01,6.005518e+06,3.446580e+01,,,1.401332e+00,4
2018-04-23 05:00:53.000000,2.385269e+07,1.543045e+07,5.760800e+01,6.011654e+06,3.446942e+01,,,1.402145e+00,4
2018-04-23 05:00:54.000000,2.385259e+07,1.532473e+07,5.741200e+01,6.010897e+06,3.447305e+01,,,1.402957e+00,4
2018-04-23 05:00:55.000000,2.385249e+07,1.539023e+07,5.758200e+01,6.010139e+06,3.447667e+01,,,1.403770e+00,4
2018-04-23 05:00:56.000000,2.385238e+07,1.545573e+07,5.775200e+01,6.009382e+06,3.448029e+01,,,1.404025e+00,4
2018-04-23 05:00:57.000000,2.385228e+07,1.559133e+07,5.798200e+01,6.008624e+06,3.448391e+01,,,1.404280e+00,4
2018-04-23 05:00:58.000000,2.385218e+07,1.572692e+07,5.821200e+01,6.007867e+06,3.448754e+01,,,1.404535e+00,4
2018-04-23 05:00:59.000000,2.385208e+07,1.560282e+07,5.805400e+01,6.007109e+06,3.449116e+01,,,1.404790e+00,4
2018-04-23 05:01:00.000000,2.385197e+07,1.547871e+07,5.789600e+01,6.006352e+06,3.449479e+01,,,1.405045e+00,4
2018-04-23 05:01:01.000000,2.385187e+07,1.540517e+07,5.762800e+01,6.005594e+06,3.449841e+01,,,1.405300e+00,4
2018-04-23 05:01:02.000000,2.385177e+07,1.533162e+07,5.736000e+01,6.004836e+06,3.450203e+01,,,1.405555e+00,4
2018-04-23 05:01:03.000000,2.385167e+07,1.536840e+07,5.746700e+01,6.004079e+06,3.450565e+01,,,1.405810e+00,4
2018-04-23 05:01:04.000000,2.385156e+07,1.540517e+07,5.757400e+01,6.003321e+06,3.450928e+01,,,1.406065e+00,4
2018-04-23 05:01:05.000000,2.385146e+07,1.544194e+07,5.768100e+01,6.005367e+06,3.451290e+01,,,1.406319e+00,4
2018-04-23 05:01:06.000000,2.385136e+07,1.547871e+07,5.778800e+01,6.007412e+06,3.451652e+01,,,1.406574e+00,4
2018-04-23 05:01:07.000000,2.385126e+07,1.559133e+07,5.800000e+01,6.009458e+06,3.452015e+01,,,1.405855e+00,4
2018-04-23 05:01:08.000000,2.385116e+07,1.570394e+07,5.821200e+01,6.011503e+06,3.452377e+01,,,1.405136e+00,4
2018-04-23 05:01:09.000000,2.385105e+07,1.565568e+07,5.812800e+01,6.013548e+06,3.452739e+01,,,1.404417e+00,4
2018-04-23 05:01:10.000000,2.385095e+07,1.560741e+07,5.804400e+01,6.015594e+06,3.453102e+01,,,1.403698e+00,4
2018-04-23 05:01:11.000000,2.385085e+07,1.547182e+07,5.781000e+01,6.017640e+06,3.453464e+01,,,1.402978e+00,4
2018-04-23 05:01:12.000000,2.385075e+07,1.533622e+07,5.757600e+01,6.019685e+06,3.453826e+01,,,1.402259e+00,4
2018-04-23 05:01:13.000000,2.385064e+07,1.543734e+07,5.782800e+01,6.021730e+06,3.454189e+01,,,1.401540e+00,4
2018-04-23 05:01:14.000000,2.385054e+07,1.553847e+07,5.808000e+01,6.023776e+06,3.454551e+01,,,1.400821e+00,4
2018-04-23 05:01:15.000000,2.385044e+07,1.559018e+07,5.811000e+01,6.025821e+06,3.454913e+01,,,1.400101e+00,4
2018-04-23 05:01:16.000000,2.385034e+07,1.564189e+07,5.814000e+01,6.026125e+06,3.455275e+01,,,1.399382e+00,4
2018-04-23 05:01:17.000000,2.385023e+07,1.569360e+07,5.817000e+01,6.026427e+06,3.455638e+01,,,1.398663e+00,4
2018-04-23 05:01:18.000000,2.385013e+07,1.574531e+07,5.820000e+01,6.026730e+06,3.456000e+01,,,1.400886e+00,4
2018-04-23 05:01:19.000000,2.385026e+07,1.572348e+07,5.807400e+01,6.027033e+06,3.456363e+01,,,1.403109e+00,4
2018-04-23 05:01:20.000000,2.385039e+07,1.570164e+07,5.794800e+01,6.027336e+06,3.456725e+01,,,1.405332e+00,4
2018-04-23 05:01:21.000000,2.385052e+07,1.552698e+07,5.766400e+01,6.027639e+06,3.457087e+01,,,1.407555e+00,4
2018-04-23 05:01:22.000000,2.385065e+07,1.535231e+07,5.738000e+01,6.027942e+06,3.457449e+01,,,1.409778e+00,4
2018-04-23 05:01:23.000000,2.385077e+07,1.539483e+07,5.727600e+01,6.028245e+06,3.457812e+01,,,1.412001e+00,4
2018-04-23 05:01:24.000000,2.385090e+07,1.543734e+07,5.717200e+01,6.028548e+06,3.458174e+01,,,1.414224e+00,4
2018-04-23 05:01:25.000000,2.385103e+07,1.557064e+07,5.746400e+01,6.028851e+06,3.458537e+01,,,1.416447e+00,4
2018-04-23 05:01:26.000000,2.385116e+07,1.570394e+07,5.775600e+01,6.029154e+06,3.458899e+01,,,1.418670e+00,4
2018-04-23 05:01:27.000000,2.385129e+07,1.563729e+07,5.774600e+01,6.028321e+06,3.459261e+01,,,1.420893e+00,4
2018-04-23 05:01:28.000000,2.385141e+07,1.557064e+07,5.773600e+01,6.027488e+06,3.459623e+01,,,1.423116e+00,4
2018-04-23 05:01:29.000000,2.385154e+07,1.551089e+07,5.766200e+01,6.026654e+06,3.459986e+01,,,1.421739e+00,4
2018-04-23 05:01:30.000000,2.385167e+07,1.545113e+07,5.758800e+01,6.025821e+06,3.460348e+01,,,1.420361e+00,4
2018-04-23 05:01:31.000000,2.385180e+07,1.539138e+07,5.751400e+01,6.024988e+06,3.460710e+01,,,1.418983e+00,4
2018-04-23 05:01:32.000000,2.385193e+07,1.533162e+07,5.744000e+01,6.024154e+06,3.461073e+01,,,1.417605e+00,4
2018-04-23 05:01:33.000000,2.385206e+07,1.547067e+07,5.768200e+01,6.023321e+06,3.461435e+01,,,1.416227e+00,4
2018-04-23 05:01:34.000000,2.385219e+07,1.560971e+07,5.792400e+01,6.022488e+06,3.461797e+01,,,1.414849e+00,4
2018-04-23 05:01:35.000000,2.385231e+07,1.567751e+07,5.805400e+01,6.021654e+06,3.462160e+01,,,1.413471e+00,4
2018-04-23 05:01:36.000000,2.385244e+07,1.574531e+07,5.818400e+01,6.020821e+06,3.462522e+01,,,1.412093e+00,4
2018-04-23 05:01:37.000000,2.385257e+07,1.558558e+07,5.799400e+01,6.019988e+06,3.462884e+01,,,1.410715e+00,4
2018-04-23 05:01:38.000000,2.385270e+07,1.542585e+07,5.780400e+01,6.022109e+06,3.463247e+01,,,1.409337e+00,4
2018-04-23 05:01:39.000000,2.385283e+07,1.541781e+07,5.775800e+01,6.024230e+06,3.463609e+01,,,1.407959e+00,4
2018-04-23 05:01:40.000000,2.385296e+07,1.540977e+07,5.771200e+01,6.026352e+06,3.463971e+01,,,1.407164e+00,4
2018-04-23 05:01:41.000000,2.385308e+07,1.540172e+07,5.766600e+01,6.028473e+06,3.464333e+01,,,1.406370e+00,4
2018-04-23 05:01:42.000000,2.385321e+07,1.539368e+07,5.762000e+01,6.030594e+06,3.464696e+01,,,1.405575e+00,4
2018-04-23 05:01:43.000000,2.385334e+07,1.550744e+07,5.794000e+01,6.032715e+06,3.465058e+01,,,1.404780e+00,4
2018-04-23 05:01:44.000000,2.385347e+07,1.562120e+07,5.826000e+01,6.034836e+06,3.465421e+01,,,1.403985e+00,4
2018-04-23 05:01:45.000000,2.385360e+07,1.565108e+07,5.820400e+01,6.036958e+06,3.465783e+01,,,1.403190e+00,4
2018-04-23 05:01:46.000000,2.385373e+07,1.568096e+07,5.814800e+01,6.039079e+06,3.466145e+01,,,1.402395e+00,4
2018-04-23 05:01:47.000000,2.385385e+07,1.553272e+07,5.781000e+01,6.041200e+06,3.466507e+01,,,1.401600e+00,4
2018-04-23 05:01:48.000000,2.385398e+07,1.538448e+07,5.747200e+01,6.043321e+06,3.466870e+01,,,1.400805e+00,4
2018-04-23 05:01:49.000000,2.385411e+07,1.543849e+07,5.759800e+01,6.044836e+06,3.467232e+01,,,1.400011e+00,4
2018-04-23 05:01:50.000000,2.385424e+07,1.549250e+07,5.772400e+01,6.046352e+06,3.467595e+01,,,1.399216e+00,4
2018-04-23 05:01:51.000000,2.385437e+07,1.555053e+07,5.783400e+01,6.047867e+06,3.467957e+01,,,1.400450e+00,4
2018-04-23 05:01:52.000000,2.385450e+07,1.560856e+07,5.794400e+01,6.049382e+06,3.468319e+01,,,1.401684e+00,4
2018-04-23 05:01:53.000000,2.385462e+07,1.566660e+07,5.805400e+01,6.050897e+06,3.468681e+01,,,1.402918e+00,4
2018-04-23 05:01:54.000000,2.385474e+07,1.572463e+07,5.816400e+01,6.052412e+06,3.469044e+01,,,1.404153e+00,4
2018-04-23 05:01:55.000000,2.385486e+07,1.567406e+07,5.811200e+01,6.053927e+06,3.469406e+01,,,1.405387e+00,4
2018-04-23 05:01:56.000000,2.385498e+07,1.562350e+07,5.806000e+01,6.055442e+06,3.469768e+01,,,1.406621e+00,4
2018-04-23 05:01:57.000000,2.385510e+07,1.547412e+07,5.783000e+01,6.056958e+06,3.470131e+01,,,1.407855e+00,4
2018-04-23 05:01:58.000000,2.385523e+07,1.532473e+07,5.760000e+01,6.058473e+06,3.470493e+01,,,1.409090e+00,4
2018-04-23 05:01:59.000000,2.385535e+07,1.547067e+07,5.785200e+01,6.059988e+06,3.470855e+01,,,1.410324e+00,4
2018-04-23 05:02:00.000000,2.385547e+07,1.561661e+07,5.810400e+01,6.059003e+06,3.471217e+01,,,1.411558e+00,4
2018-04-23 05:02:01.000000,2.385559e+07,1.567866e+07,5.820400e+01,6.058018e+06,3.471580e+01,,,1.412792e+00,4
2018-04-23 05:02:02.000000,2.385571e+07,1.574071e+07,5.830400e+01,6.057033e+06,3.471942e+01,,,1.411494e+00,4
2018-04-23 05:02:03.000000,2.385583e+07,1.569935e+07,5.821900e+01,6.056048e+06,3.472305e+01,,,1.410196e+00,4
2018-04-23 05:02:04.000000,2.385595e+07,1.565798e+07,5.813400e+01,6.055063e+06,3.472667e+01,,,1.408898e+00,4
2018-04-23 05:02:05.000000,2.385608e+07,1.561661e+07,5.804900e+01,6.054079e+06,3.473029e+01,,,1.407600e+00,4
2018-04-23 05:02:06.000000,2.385620e+07,1.557524e+07,5.796400e+01,6.053094e+06,3.473391e+01,,,1.406302e+00,4
2018-04-23 05:02:07.000000,2.385632e+07,1.545573e+07,5.782400e+01,6.052109e+06,3.473754e+01,,,1.405004e+00,4
2018-04-23 05:02:08.000000,2.385644e+07,1.533622e+07,5.768400e+01,6.051124e+06,3.474116e+01,,,1.403706e+00,4
2018-04-23 05:02:09.000000,2.385656e+07,1.553272e+07,5.803800e+01,6.050139e+06,3.474479e+01,,,1.402408e+00,4
2018-04-23 05:02:10.000000,2.385668e+07,1.572922e+07,5.839200e+01,6.049154e+06,3.474841e+01,,,1.401110e+00,4
2018-04-23 05:02:11.000000,2.385680e+07,1.571773e+07,5.835000e+01,6.048397e+06,3.475203e+01,,,1.399812e+00,4
2018-04-23 05:02:12.000000,2.385693e+07,1.570624e+07,5.830800e+01,6.047639e+06,3.475565e+01,,,1.398514e+00,4
2018-04-23 05:02:13.000000,2.385705e+07,1.554421e+07,5.797400e+01,6.046882e+06,3.475928e+01,,,1.400826e+00,4
2018-04-23 05:02:14.000000,2.385717e+07,1.538219e+07,5.764000e+01,6.046124e+06,3.476290e+01,,,1.403139e+00,4
2018-04-23 05:02:15.000000,2.385729e+07,1.538506e+07,5.765000e+01,6.045367e+06,3.476652e+01,,,1.405451e+00,4
2018-04-23 05:02:16.000000,2.385741e+07,1.538793e+07,5.766000e+01,6.044609e+06,3.477015e+01,,,1.407764e+00,4
2018-04-23 05:02:17.000000,2.385753e+07,1.539080e+07,5.767000e+01,6.043852e+06,3.477377e+01,,,1.410076e+00,4
2018-04-23 05:02:18.000000,2.385766e+07,1.539368e+07,5.768000e+01,6.043094e+06,3.477739e+01,,,1.412389e+00,4
2018-04-23 05:02:19.000000,2.385778e+07,1.549480e+07,5.776200e+01,6.042336e+06,3.478102e+01,,,1.414701e+00,4
2018-04-23 05:02:20.000000,2.385790e+07,1.559592e+07,5.784400e+01,6.041579e+06,3.478464e+01,,,1.417014e+00,4
2018-04-23 05:02:21.000000,2.385802e+07,1.563040e+07,5.793600e+01,6.040821e+06,3.478826e+01,,,1.419326e+00,4
2018-04-23 05:02:22.000000,2.385814e+07,1.566487e+07,5.802800e+01,6.042563e+06,3.479189e+01,,,1.421639e+00,4
2018-04-23 05:02:23.000000,2.385817e+07,1.549595e+07,5.778000e+01,6.044306e+06,3.479551e+01,,,1.423951e+00,4
2018-04-23 05:02:24.000000,2.385819e+07,1.532703e+07,5.753200e+01,6.046048e+06,3.479913e+01,,,1.421975e+00,4
2018-04-23 05:02:25.000000,2.385822e+07,1.537069e+07,5.774400e+01,6.047791e+06,3.480275e+01,,,1.419998e+00,4
2018-04-23 05:02:26.000000,2.385825e+07,1.541436e+07,5.795600e+01,6.049533e+06,3.480638e+01,,,1.418021e+00,4
2018-04-23 05:02:27.000000,2.385827e+07,1.548733e+07,5.810400e+01,6.051276e+06,3.481000e+01,,,1.416044e+00,4
2018-04-23 05:02:28.000000,2.385830e+07,1.556030e+07,5.825200e+01,6.053018e+06,3.481363e+01,,,1.414068e+00,4
2018-04-23 05:02:29.000000,2.385833e+07,1.563327e+07,5.840000e+01,6.054761e+06,3.481725e+01,,,1.412091e+00,4
2018-04-23 05:02:30.000000,2.385835e+07,1.570624e+07,5.854800e+01,6.056503e+06,3.482087e+01,,,1.410114e+00,4
2018-04-23 05:02:31.000000,2.385838e+07,1.566142e+07,5.839600e+01,6.058246e+06,3.482449e+01,,,1.408137e+00,4
2018-04-23 05:02:32.000000,2.385841e+07,1.561661e+07,5.824400e+01,6.059988e+06,3.482812e+01,,,1.406161e+00,4
2018-04-23 05:02:33.000000,2.385844e+07,1.546837e+07,5.797200e+01,6.060897e+06,3.483174e+01,,,1.404184e+00,4
2018-04-23 05:02:34.000000,2.385846e+07,1.532013e+07,5.770000e+01,6.061806e+06,3.483537e+01,,,1.402207e+00,4
2018-04-23 05:02:35.000000,2.385849e+07,1.538678e+07,5.772000e+01,6.062715e+06,3.483899e+01,,,1.402072e+00,4
2018-04-23 05:02:36.000000,2.385851e+07,1.545343e+07,5.774000e+01,6.063624e+06,3.484261e+01,,,1.401937e+00,4
2018-04-23 05:02:37.000000,2.385854e+07,1.558213e+07,5.802400e+01,6.064533e+06,3.484623e+01,,,1.401802e+00,4
2018-04-23 05:02:38.000000,2.385857e+07,1.571084e+07,5.830800e+01,6.065442e+06,3.484986e+01,,,1.401667e+00,4
2018-04-23 05:02:39.000000,2.385860e+07,1.569647e+07,5.831300e+01,6.066352e+06,3.485348e+01,,,1.401533e+00,4
2018-04-23 05:02:40.000000,2.385862e+07,1.568211e+07,5.831800e+01,6.067261e+06,3.485710e+01,,,1.401398e+00,4
2018-04-23 05:02:41.000000,2.385865e+07,1.566774e+07,5.832300e+01,6.068169e+06,3.486073e+01,,,1.401263e+00,4
2018-04-23 05:02:42.000000,2.385868e+07,1.565338e+07,5.832800e+01,6.069079e+06,3.486435e+01,,,1.401128e+00,4
2018-04-23 05:02:43.000000,2.385870e+07,1.553272e+07,5.801400e+01,6.069988e+06,3.486797e+01,,,1.400993e+00,4
2018-04-23 05:02:44.000000,2.385873e+07,1.541206e+07,5.770000e+01,6.070367e+06,3.487160e+01,,,1.400858e+00,4
2018-04-23 05:02:45.000000,2.385876e+07,1.536955e+07,5.760800e+01,6.070745e+06,3.487522e+01,,,1.400723e+00,4
2018-04-23 05:02:46.000000,2.385878e+07,1.532703e+07,5.751600e+01,6.071124e+06,3.487884e+01,,,1.400858e+00,4
2018-04-23 05:02:47.000000,2.385881e+07,1.542126e+07,5.769000e+01,6.071503e+06,3.488247e+01,,,1.400994e+00,4
2018-04-23 05:02:48.000000,2.385884e+07,1.551548e+07,5.786400e+01,6.071882e+06,3.488609e+01,,,1.401129e+00,4
2018-04-23 05:02:49.000000,2.385886e+07,1.559133e+07,5.802600e+01,6.072260e+06,3.488971e+01,,,1.401265e+00,4
2018-04-23 05:02:50.000000,2.385889e+07,1.566717e+07,5.818800e+01,6.072639e+06,3.489333e+01,,,1.401400e+00,4
2018-04-23 05:02:51.000000,2.385892e+07,1.561661e+07,5.818400e+01,6.073018e+06,3.489696e+01,,,1.401536e+00,4
2018-04-23 05:02:52.000000,2.385894e+07,1.556605e+07,5.818000e+01,6.073397e+06,3.490058e+01,,,1.401671e+00,4
2018-04-23 05:02:53.000000,2.385897e+07,1.551548e+07,5.817600e+01,6.073775e+06,3.490421e+01,,,1.401806e+00,4
2018-04-23 05:02:54.000000,2.385900e+07,1.546492e+07,5.817200e+01,6.074154e+06,3.490783e+01,,,1.401942e+00,4
2018-04-23 05:02:55.000000,2.385902e+07,1.553330e+07,5.823600e+01,6.072033e+06,3.491145e+01,,,1.402077e+00,4
2018-04-23 05:02:56.000000,2.385905e+07,1.560167e+07,5.830000e+01,6.069912e+06,3.491507e+01,,,1.402213e+00,4
2018-04-23 05:02:57.000000,2.385909e+07,1.567004e+07,5.836400e+01,6.067791e+06,3.491870e+01,,,1.401070e+00,4
2018-04-23 05:02:58.000000,2.385914e+07,1.573842e+07,5.842800e+01,6.065669e+06,3.492232e+01,,,1.399927e+00,4
2018-04-23 05:02:59.000000,2.385918e+07,1.573727e+07,5.842600e+01,6.063548e+06,3.492595e+01,,,1.398785e+00,4
2018-04-23 05:03:00.000000,2.385922e+07,1.573612e+07,5.842400e+01,6.061427e+06,3.492957e+01,,,1.397642e+00,4
2018-04-23 05:03:01.000000,2.385926e+07,1.557179e+07,5.816400e+01,6.059306e+06,3.493319e+01,,,1.396499e+00,4
2018-04-23 05:03:02.000000,2.385930e+07,1.540747e+07,5.790400e+01,6.057185e+06,3.493681e+01,,,1.395357e+00,4
2018-04-23 05:03:03.000000,2.385935e+07,1.541091e+07,5.786000e+01,6.055063e+06,3.494044e+01,,,1.394214e+00,4
2018-04-23 05:03:04.000000,2.385939e+07,1.541436e+07,5.781600e+01,6.052942e+06,3.494406e+01,,,1.393072e+00,4
2018-04-23 05:03:05.000000,2.385943e+07,1.558328e+07,5.805200e+01,6.050821e+06,3.494768e+01,,,1.391929e+00,4
2018-04-23 05:03:06.000000,2.385947e+07,1.575220e+07,5.828800e+01,6.056806e+06,3.495131e+01,,,1.390786e+00,4
2018-04-23 05:03:07.000000,2.385952e+07,1.567292e+07,5.812400e+01,6.062791e+06,3.495493e+01,,,1.389644e+00,4
2018-04-23 05:03:08.000000,2.385956e+07,1.559362e+07,5.796000e+01,6.068776e+06,3.495855e+01,,,1.389144e+00,4
2018-04-23 05:03:09.000000,2.385960e+07,1.546263e+07,5.772400e+01,6.074761e+06,3.496217e+01,,,1.388644e+00,4
2018-04-23 05:03:10.000000,2.385964e+07,1.533162e+07,5.748800e+01,6.080746e+06,3.496580e+01,,,1.388145e+00,4
2018-04-23 05:03:11.000000,2.385969e+07,1.543045e+07,5.768800e+01,6.086730e+06,3.496942e+01,,,1.387645e+00,4
2018-04-23 05:03:12.000000,2.385973e+07,1.552927e+07,5.788800e+01,6.092715e+06,3.497305e+01,,,1.387146e+00,4
2018-04-23 05:03:13.000000,2.385977e+07,1.558443e+07,5.796600e+01,6.098700e+06,3.497667e+01,,,1.386646e+00,4
2018-04-23 05:03:14.000000,2.385981e+07,1.563959e+07,5.804400e+01,6.104685e+06,3.498029e+01,,,1.386146e+00,4
2018-04-23 05:03:15.000000,2.385986e+07,1.569475e+07,5.812200e+01,6.110669e+06,3.498391e+01,,,1.385647e+00,4
2018-04-23 05:03:16.000000,2.385990e+07,1.574991e+07,5.820000e+01,6.116654e+06,3.498754e+01,,,1.385147e+00,4
2018-04-23 05:03:17.000000,2.385994e+07,1.571888e+07,5.810800e+01,6.119079e+06,3.499116e+01,,,1.384648e+00,4
2018-04-23 05:03:18.000000,2.385998e+07,1.568785e+07,5.801600e+01,6.121503e+06,3.499479e+01,,,1.384148e+00,4
2018-04-23 05:03:19.000000,2.386003e+07,1.551548e+07,5.779000e+01,6.123927e+06,3.499841e+01,,,1.384924e+00,4
2018-04-23 05:03:20.000000,2.386007e+07,1.534312e+07,5.756400e+01,6.126351e+06,3.500203e+01,,,1.385701e+00,4
2018-04-23 05:03:21.000000,2.386011e+07,1.538219e+07,5.779800e+01,6.128775e+06,3.500565e+01,,,1.386477e+00,4
2018-04-23 05:03:22.000000,2.386015e+07,1.542126e+07,5.803200e+01,6.131200e+06,3.500928e+01,,,1.387253e+00,4
2018-04-23 05:03:23.000000,2.386019e+07,1.557409e+07,5.820400e+01,6.133624e+06,3.501290e+01,,,1.388029e+00,4
2018-04-23 05:03:24.000000,2.386024e+07,1.572692e+07,5.837600e+01,6.136048e+06,3.501652e+01,,,1.388806e+00,4
2018-04-23 05:03:25.000000,2.386028e+07,1.568671e+07,5.830400e+01,6.138472e+06,3.502015e+01,,,1.389582e+00,4
2018-04-23 05:03:26.000000,2.386032e+07,1.564648e+07,5.823200e+01,6.140896e+06,3.502377e+01,,,1.390358e+00,4
2018-04-23 05:03:27.000000,2.386037e+07,1.560627e+07,5.816000e+01,6.143321e+06,3.502739e+01,,,1.391135e+00,4
2018-04-23 05:03:28.000000,2.386041e+07,1.556605e+07,5.808800e+01,6.151275e+06,3.503102e+01,,,1.391911e+00,4
2018-04-23 05:03:29.000000,2.386045e+07,1.552123e+07,5.810400e+01,6.159230e+06,3.503464e+01,,,1.392687e+00,4
2018-04-23 05:03:30.000000,2.386049e+07,1.547641e+07,5.812000e+01,6.167185e+06,3.503826e+01,,,1.392383e+00,4
2018-04-23 05:03:31.000000,2.386060e+07,1.540402e+07,5.791600e+01,6.175139e+06,3.504189e+01,,,1.392080e+00,4
2018-04-23 05:03:32.000000,2.386070e+07,1.533162e+07,5.771200e+01,6.183094e+06,3.504551e+01,,,1.391776e+00,4
2018-04-23 05:03:33.000000,2.386081e+07,1.547182e+07,5.805400e+01,6.191048e+06,3.504913e+01,,,1.391472e+00,4
2018-04-23 05:03:34.000000,2.386091e+07,1.561201e+07,5.839600e+01,6.199002e+06,3.505275e+01,,,1.391168e+00,4
2018-04-23 05:03:35.000000,2.386102e+07,1.568441e+07,5.844200e+01,6.206957e+06,3.505638e+01,,,1.390865e+00,4
2018-04-23 05:03:36.000000,2.386112e+07,1.575680e+07,5.848800e+01,6.214912e+06,3.506000e+01,,,1.390561e+00,4
2018-04-23 05:03:37.000000,2.386123e+07,1.568785e+07,5.836800e+01,6.222866e+06,3.506551e+01,,,1.390257e+00,4
2018-04-23 05:03:38.000000,2.386133e+07,1.561891e+07,5.824800e+01,6.230821e+06,3.507101e+01,,,1.389953e+00,4
2018-04-23 05:03:39.000000,2.386143e+07,1.554996e+07,5.812800e+01,6.232412e+06,3.507652e+01,,,1.389650e+00,4
2018-04-23 05:03:40.000000,2.386154e+07,1.548101e+07,5.800800e+01,6.234002e+06,3.508203e+01,,,1.389346e+00,4
2018-04-23 05:03:41.000000,2.386165e+07,1.542815e+07,5.790600e+01,6.235594e+06,3.508754e+01,,,1.388994e+00,4
2018-04-23 05:03:42.000000,2.386175e+07,1.537529e+07,5.780400e+01,6.237185e+06,3.509304e+01,,,1.388643e+00,4
2018-04-23 05:03:43.000000,2.386185e+07,1.549365e+07,5.797600e+01,6.238775e+06,3.509855e+01,,,1.388291e+00,4
2018-04-23 05:03:44.000000,2.386196e+07,1.561201e+07,5.814800e+01,6.240366e+06,3.510406e+01,,,1.387939e+00,4
2018-04-23 05:03:45.000000,2.386206e+07,1.568441e+07,5.824600e+01,6.241957e+06,3.510957e+01,,,1.387588e+00,4
2018-04-23 05:03:46.000000,2.386217e+07,1.575680e+07,5.834400e+01,6.243548e+06,3.511507e+01,,,1.387236e+00,4
2018-04-23 05:03:47.000000,2.386227e+07,1.563499e+07,5.836600e+01,6.245139e+06,3.512058e+01,,,1.386884e+00,4
2018-04-23 05:03:48.000000,2.386238e+07,1.551319e+07,5.838800e+01,6.246730e+06,3.512609e+01,,,1.386533e+00,4
2018-04-23 05:03:49.000000,2.386248e+07,1.546952e+07,5.827300e+01,6.248321e+06,3.513160e+01,,,1.386181e+00,4
2018-04-23 05:03:50.000000,2.386259e+07,1.542585e+07,5.815800e+01,6.246427e+06,3.513710e+01,,,1.385830e+00,4
2018-04-23 05:03:51.000000,2.386269e+07,1.538219e+07,5.804300e+01,6.244533e+06,3.514261e+01,,,1.385478e+00,4
2018-04-23 05:03:52.000000,2.386280e+07,1.533852e+07,5.792800e+01,6.242639e+06,3.514812e+01,,,1.384058e+00,4
2018-04-23 05:03:53.000000,2.386290e+07,1.541666e+07,5.807400e+01,6.240745e+06,3.515363e+01,,,1.382639e+00,4
2018-04-23 05:03:54.000000,2.386301e+07,1.549480e+07,5.822000e+01,6.238851e+06,3.515913e+01,,,1.381219e+00,4
2018-04-23 05:03:55.000000,2.386311e+07,1.561201e+07,5.844600e+01,6.236958e+06,3.516464e+01,,,1.379800e+00,4
2018-04-23 05:03:56.000000,2.386322e+07,1.572922e+07,5.867200e+01,6.235063e+06,3.517015e+01,,,1.378380e+00,4
2018-04-23 05:03:57.000000,2.386332e+07,1.569475e+07,5.855200e+01,6.233169e+06,3.517565e+01,,,1.376960e+00,4
2018-04-23 05:03:58.000000,2.386343e+07,1.566027e+07,5.843200e+01,6.231275e+06,3.518116e+01,,,1.375541e+00,4
2018-04-23 05:03:59.000000,2.386353e+07,1.550169e+07,5.810000e+01,6.229382e+06,3.518667e+01,,,1.374121e+00,4
2018-04-23 05:04:00.000000,2.386364e+07,1.534312e+07,5.776800e+01,6.227488e+06,3.519217e+01,,,1.372702e+00,4
2018-04-23 05:04:01.000000,2.386369e+07,1.538678e+07,5.787700e+01,6.224609e+06,3.519768e+01,,,1.371282e+00,4
2018-04-23 05:04:02.000000,2.386375e+07,1.543045e+07,5.798600e+01,6.221730e+06,3.520319e+01,,,1.369863e+00,4
2018-04-23 05:04:03.000000,2.386381e+07,1.547411e+07,5.809500e+01,6.218852e+06,3.520869e+01,,,1.369247e+00,4
2018-04-23 05:04:04.000000,2.386387e+07,1.551778e+07,5.820400e+01,6.215973e+06,3.521420e+01,,,1.368631e+00,4
2018-04-23 05:04:05.000000,2.386392e+07,1.564419e+07,5.842800e+01,6.213094e+06,3.521971e+01,,,1.368015e+00,4
2018-04-23 05:04:06.000000,2.386398e+07,1.577059e+07,5.865200e+01,6.210215e+06,3.522522e+01,,,1.367399e+00,4
2018-04-23 05:04:07.000000,2.386404e+07,1.573612e+07,5.863400e+01,6.207336e+06,3.523072e+01,,,1.366783e+00,4
2018-04-23 05:04:08.000000,2.386410e+07,1.570164e+07,5.861600e+01,6.204457e+06,3.523623e+01,,,1.366167e+00,4
2018-04-23 05:04:09.000000,2.386415e+07,1.554766e+07,5.835200e+01,6.201579e+06,3.524174e+01,,,1.365551e+00,4
2018-04-23 05:04:10.000000,2.386421e+07,1.539368e+07,5.808800e+01,6.198700e+06,3.524725e+01,,,1.364935e+00,4
2018-04-23 05:04:11.000000,2.386427e+07,1.541781e+07,5.812400e+01,6.195821e+06,3.525275e+01,,,1.364320e+00,4
2018-04-23 05:04:12.000000,2.386433e+07,1.544194e+07,5.816000e+01,6.193624e+06,3.525826e+01,,,1.363704e+00,4
2018-04-23 05:04:13.000000,2.386438e+07,1.549135e+07,5.824400e+01,6.191427e+06,3.526377e+01,,,1.363088e+00,4
2018-04-23 05:04:14.000000,2.386444e+07,1.554077e+07,5.832800e+01,6.189230e+06,3.526928e+01,,,1.365991e+00,4
2018-04-23 05:04:15.000000,2.386450e+07,1.559018e+07,5.841200e+01,6.187033e+06,3.527478e+01,,,1.368894e+00,4
2018-04-23 05:04:16.000000,2.386456e+07,1.563959e+07,5.849600e+01,6.184836e+06,3.528029e+01,,,1.371798e+00,4
2018-04-23 05:04:17.000000,2.386461e+07,1.570624e+07,5.839400e+01,6.182639e+06,3.528580e+01,,,1.374701e+00,4
2018-04-23 05:04:18.000000,2.386467e+07,1.577289e+07,5.829200e+01,6.180442e+06,3.529131e+01,,,1.377604e+00,4
2018-04-23 05:04:19.000000,2.386473e+07,1.559362e+07,5.802600e+01,6.178245e+06,3.529681e+01,,,1.380508e+00,4
2018-04-23 05:04:20.000000,2.386479e+07,1.541436e+07,5.776000e+01,6.176048e+06,3.530232e+01,,,1.383411e+00,4
2018-04-23 05:04:21.000000,2.386484e+07,1.538793e+07,5.777000e+01,6.173851e+06,3.530783e+01,,,1.386314e+00,4
2018-04-23 05:04:22.000000,2.386490e+07,1.536150e+07,5.778000e+01,6.171654e+06,3.531333e+01,,,1.389218e+00,4
2018-04-23 05:04:23.000000,2.386496e+07,1.553042e+07,5.808800e+01,6.167639e+06,3.531884e+01,,,1.392121e+00,4
2018-04-23 05:04:24.000000,2.386502e+07,1.569935e+07,5.839600e+01,6.163624e+06,3.532435e+01,,,1.395024e+00,4
2018-04-23 05:04:25.000000,2.386507e+07,1.572290e+07,5.845200e+01,6.159609e+06,3.532985e+01,,,1.396386e+00,4
2018-04-23 05:04:26.000000,2.386513e+07,1.574646e+07,5.850800e+01,6.155594e+06,3.533536e+01,,,1.397749e+00,4
2018-04-23 05:04:27.000000,2.386519e+07,1.577002e+07,5.856400e+01,6.151579e+06,3.534087e+01,,,1.399111e+00,4
2018-04-23 05:04:28.000000,2.386525e+07,1.579357e+07,5.862000e+01,6.147563e+06,3.534637e+01,,,1.400473e+00,4
2018-04-23 05:04:29.000000,2.386530e+07,1.571428e+07,5.840600e+01,6.143548e+06,3.535188e+01,,,1.401835e+00,4
2018-04-23 05:04:30.000000,2.386536e+07,1.563499e+07,5.819200e+01,6.139533e+06,3.535739e+01,,,1.403198e+00,4
2018-04-23 05:04:31.000000,2.386542e+07,1.549480e+07,5.798400e+01,6.135518e+06,3.536290e+01,,,1.404560e+00,4
2018-04-23 05:04:32.000000,2.386548e+07,1.535461e+07,5.777600e+01,6.131503e+06,3.536840e+01,,,1.405922e+00,4
2018-04-23 05:04:33.000000,2.386553e+07,1.550974e+07,5.813600e+01,6.127488e+06,3.537391e+01,,,1.407284e+00,4
2018-04-23 05:04:34.000000,2.386559e+07,1.566487e+07,5.849600e+01,6.135139e+06,3.537942e+01,,,1.408647e+00,4
2018-04-23 05:04:35.000000,2.386538e+07,1.572003e+07,5.868000e+01,6.142791e+06,3.538493e+01,,,1.410009e+00,4
2018-04-23 05:04:36.000000,2.386517e+07,1.577519e+07,5.886400e+01,6.150442e+06,3.539043e+01,,,1.407374e+00,4
2018-04-23 05:04:37.000000,2.386496e+07,1.572003e+07,5.870300e+01,6.158094e+06,3.539594e+01,,,1.404739e+00,4
2018-04-23 05:04:38.000000,2.386475e+07,1.566487e+07,5.854200e+01,6.165745e+06,3.540145e+01,,,1.402104e+00,4
2018-04-23 05:04:39.000000,2.386454e+07,1.560971e+07,5.838100e+01,6.173397e+06,3.540696e+01,,,1.399470e+00,4
2018-04-23 05:04:40.000000,2.386432e+07,1.555455e+07,5.822000e+01,6.181048e+06,3.541246e+01,,,1.396835e+00,4
2018-04-23 05:04:41.000000,2.386411e+07,1.545458e+07,5.804800e+01,6.188700e+06,3.541797e+01,,,1.394200e+00,4
2018-04-23 05:04:42.000000,2.386390e+07,1.535461e+07,5.787600e+01,6.196351e+06,3.542348e+01,,,1.391565e+00,4
2018-04-23 05:04:43.000000,2.386369e+07,1.547067e+07,5.799000e+01,6.204003e+06,3.542899e+01,,,1.388931e+00,4
2018-04-23 05:04:44.000000,2.386348e+07,1.558673e+07,5.810400e+01,6.211654e+06,3.543449e+01,,,1.386296e+00,4
2018-04-23 05:04:45.000000,2.386327e+07,1.568096e+07,5.818400e+01,6.210821e+06,3.544000e+01,,,1.383661e+00,4
2018-04-23 05:04:46.000000,2.386306e+07,1.577519e+07,5.826400e+01,6.209988e+06,3.543130e+01,,,1.381026e+00,4
2018-04-23 05:04:47.000000,2.386284e+07,1.567636e+07,5.808000e+01,6.209154e+06,3.542261e+01,,,1.384217e+00,4
2018-04-23 05:04:48.000000,2.386263e+07,1.557754e+07,5.789600e+01,6.208321e+06,3.541391e+01,,,1.387408e+00,4
2018-04-23 05:04:49.000000,2.386242e+07,1.552066e+07,5.782300e+01,6.207488e+06,3.540522e+01,,,1.390599e+00,4
2018-04-23 05:04:50.000000,2.386221e+07,1.546377e+07,5.775000e+01,6.206654e+06,3.539652e+01,,,1.393789e+00,4
2018-04-23 05:04:51.000000,2.386200e+07,1.540689e+07,5.767700e+01,6.205821e+06,3.538783e+01,,,1.396980e+00,4
2018-04-23 05:04:52.000000,2.386179e+07,1.535001e+07,5.760400e+01,6.204988e+06,3.537913e+01,,,1.400171e+00,4
2018-04-23 05:04:53.000000,2.386158e+07,1.547297e+07,5.800000e+01,6.204154e+06,3.537043e+01,,,1.403362e+00,4
2018-04-23 05:04:54.000000,2.386137e+07,1.559592e+07,5.839600e+01,6.203321e+06,3.536174e+01,,,1.406552e+00,4
2018-04-23 05:04:55.000000,2.386116e+07,1.568441e+07,5.851200e+01,6.202488e+06,3.535304e+01,,,1.409743e+00,4
2018-04-23 05:04:56.000000,2.386094e+07,1.577289e+07,5.862800e+01,6.199382e+06,3.534435e+01,,,1.412934e+00,4
2018-04-23 05:04:57.000000,2.386073e+07,1.573612e+07,5.833000e+01,6.196275e+06,3.533565e+01,,,1.416125e+00,4
2018-04-23 05:04:58.000000,2.386052e+07,1.569935e+07,5.803200e+01,6.193169e+06,3.532696e+01,,,1.414609e+00,4
2018-04-23 05:04:59.000000,2.386031e+07,1.552123e+07,5.764000e+01,6.190063e+06,3.531826e+01,,,1.413093e+00,4
2018-04-23 05:05:00.000000,2.386010e+07,1.534312e+07,5.724800e+01,6.186958e+06,3.530956e+01,,,1.411578e+00,4
2018-04-23 05:05:01.000000,2.385989e+07,1.538678e+07,5.730500e+01,6.183851e+06,3.530087e+01,,,1.410062e+00,4
2018-04-23 05:05:02.000000,2.385968e+07,1.543045e+07,5.736200e+01,6.180745e+06,3.529218e+01,,,1.408546e+00,4
2018-04-23 05:05:03.000000,2.385947e+07,1.547411e+07,5.741900e+01,6.177639e+06,3.528348e+01,,,1.407030e+00,4
2018-04-23 05:05:04.000000,2.385925e+07,1.551778e+07,5.747600e+01,6.174533e+06,3.527478e+01,,,1.405514e+00,4
2018-04-23 05:05:05.000000,2.385904e+07,1.564648e+07,5.778000e+01,6.171427e+06,3.526609e+01,,,1.403999e+00,4
2018-04-23 05:05:06.000000,2.385883e+07,1.577519e+07,5.808400e+01,6.168321e+06,3.525739e+01,,,1.402483e+00,4
2018-04-23 05:05:07.000000,2.385893e+07,1.576829e+07,5.816600e+01,6.159381e+06,3.524870e+01,,,1.400967e+00,4
2018-04-23 05:05:08.000000,2.385903e+07,1.576140e+07,5.824800e+01,6.150442e+06,3.524000e+01,,,1.399451e+00,4
2018-04-23 05:05:09.000000,2.385914e+07,1.562465e+07,5.805400e+01,6.141503e+06,3.523130e+01,,,1.398799e+00,4
2018-04-23 05:05:10.000000,2.385924e+07,1.548791e+07,5.786000e+01,6.132563e+06,3.522261e+01,,,1.398146e+00,4
2018-04-23 05:05:11.000000,2.385934e+07,1.542126e+07,5.772800e+01,6.123624e+06,3.521391e+01,,,1.397493e+00,4
2018-04-23 05:05:12.000000,2.385944e+07,1.535461e+07,5.759600e+01,6.114685e+06,3.520522e+01,,,1.396841e+00,4
2018-04-23 05:05:13.000000,2.385954e+07,1.539081e+07,5.757600e+01,6.105745e+06,3.519652e+01,,,1.396188e+00,4
2018-04-23 05:05:14.000000,2.385964e+07,1.542700e+07,5.755600e+01,6.096806e+06,3.518783e+01,,,1.395535e+00,4
2018-04-23 05:05:15.000000,2.385974e+07,1.546320e+07,5.753600e+01,6.087867e+06,3.517913e+01,,,1.394883e+00,4
2018-04-23 05:05:16.000000,2.385984e+07,1.549940e+07,5.751600e+01,6.078927e+06,3.517043e+01,,,1.394230e+00,4
2018-04-23 05:05:17.000000,2.385994e+07,1.561086e+07,5.772800e+01,6.069988e+06,3.516174e+01,,,1.393577e+00,4
2018-04-23 05:05:18.000000,2.386004e+07,1.572233e+07,5.794000e+01,6.061276e+06,3.515305e+01,,,1.392925e+00,4
2018-04-23 05:05:19.000000,2.386015e+07,1.575106e+07,5.794200e+01,6.052563e+06,3.514435e+01,,,1.392272e+00,4
2018-04-23 05:05:20.000000,2.386025e+07,1.577978e+07,5.794400e+01,6.043852e+06,3.513565e+01,,,1.392891e+00,4
2018-04-23 05:05:21.000000,2.386035e+07,1.561661e+07,5.767800e+01,6.035139e+06,3.512696e+01,,,1.393509e+00,4
2018-04-23 05:05:22.000000,2.386045e+07,1.545343e+07,5.741200e+01,6.026427e+06,3.511826e+01,,,1.394128e+00,4
2018-04-23 05:05:23.000000,2.386055e+07,1.543045e+07,5.736400e+01,6.017715e+06,3.510957e+01,,,1.394746e+00,4
2018-04-23 05:05:24.000000,2.386065e+07,1.540747e+07,5.731600e+01,6.009003e+06,3.510087e+01,,,1.395365e+00,4
2018-04-23 05:05:25.000000,2.386075e+07,1.542183e+07,5.743900e+01,6.000291e+06,3.509217e+01,,,1.395983e+00,4
2018-04-23 05:05:26.000000,2.386085e+07,1.543619e+07,5.756200e+01,5.991579e+06,3.508348e+01,,,1.396602e+00,4
2018-04-23 05:05:27.000000,2.386095e+07,1.545056e+07,5.768500e+01,5.982866e+06,3.507478e+01,,,1.397221e+00,4
2018-04-23 05:05:28.000000,2.386105e+07,1.546492e+07,5.780800e+01,5.974154e+06,3.506609e+01,,,1.397839e+00,4
2018-04-23 05:05:29.000000,2.386116e+07,1.560167e+07,5.803600e+01,5.973018e+06,3.505739e+01,,,1.398458e+00,4
2018-04-23 05:05:30.000000,2.386126e+07,1.573842e+07,5.826400e+01,5.971881e+06,3.504870e+01,,,1.399076e+00,4
2018-04-23 05:05:31.000000,2.386136e+07,1.575106e+07,5.826800e+01,5.970745e+06,3.504000e+01,,,1.400119e+00,4
2018-04-23 05:05:32.000000,2.386146e+07,1.576370e+07,5.827200e+01,5.969609e+06,3.502304e+01,,,1.401161e+00,4
2018-04-23 05:05:33.000000,2.386156e+07,1.571084e+07,5.821200e+01,5.968473e+06,3.500609e+01,,,1.402203e+00,4
2018-04-23 05:05:34.000000,2.386166e+07,1.565798e+07,5.815200e+01,5.967336e+06,3.498913e+01,,,1.403245e+00,4
2018-04-23 05:05:35.000000,2.386176e+07,1.552123e+07,5.787200e+01,5.966200e+06,3.497218e+01,,,1.404288e+00,4
2018-04-23 05:05:36.000000,2.386186e+07,1.538448e+07,5.759200e+01,5.965063e+06,3.495522e+01,,,1.405330e+00,4
2018-04-23 05:05:37.000000,2.386153e+07,1.540517e+07,5.757800e+01,5.963927e+06,3.493826e+01,,,1.406372e+00,4
2018-04-23 05:05:38.000000,2.386119e+07,1.542585e+07,5.756400e+01,5.962791e+06,3.492131e+01,,,1.407414e+00,4
2018-04-23 05:05:39.000000,2.386086e+07,1.548216e+07,5.763200e+01,5.961654e+06,3.490435e+01,,,1.408456e+00,4
2018-04-23 05:05:40.000000,2.386052e+07,1.553847e+07,5.770000e+01,5.963624e+06,3.488739e+01,,,1.409499e+00,4
2018-04-23 05:05:41.000000,2.386019e+07,1.559478e+07,5.776800e+01,5.965594e+06,3.487043e+01,,,1.410541e+00,4
2018-04-23 05:05:42.000000,2.385986e+07,1.565108e+07,5.783600e+01,5.967563e+06,3.485348e+01,,,1.411024e+00,4
2018-04-23 05:05:43.000000,2.385952e+07,1.570969e+07,5.788000e+01,5.969533e+06,3.483652e+01,,,1.411507e+00,4
2018-04-23 05:05:44.000000,2.385919e+07,1.576829e+07,5.792400e+01,5.971503e+06,3.481956e+01,,,1.411989e+00,4
2018-04-23 05:05:45.000000,2.385885e+07,1.575106e+07,5.798400e+01,5.973473e+06,3.480261e+01,,,1.412472e+00,4
2018-04-23 05:05:46.000000,2.385852e+07,1.573382e+07,5.804400e+01,5.975442e+06,3.478565e+01,,,1.412955e+00,4
2018-04-23 05:05:47.000000,2.385818e+07,1.558558e+07,5.779200e+01,5.977412e+06,3.476870e+01,,,1.413438e+00,4
2018-04-23 05:05:48.000000,2.385785e+07,1.543734e+07,5.754000e+01,5.979382e+06,3.475174e+01,,,1.413921e+00,4
2018-04-23 05:05:49.000000,2.385751e+07,1.539253e+07,5.753000e+01,5.981352e+06,3.473478e+01,,,1.414404e+00,4
2018-04-23 05:05:50.000000,2.385718e+07,1.534771e+07,5.752000e+01,5.983321e+06,3.471783e+01,,,1.414886e+00,4
2018-04-23 05:05:51.000000,2.385685e+07,1.538104e+07,5.760500e+01,5.985140e+06,3.470087e+01,,,1.415369e+00,4
2018-04-23 05:05:52.000000,2.385651e+07,1.541436e+07,5.769000e+01,5.986958e+06,3.468391e+01,,,1.415852e+00,4
2018-04-23 05:05:53.000000,2.385618e+07,1.544769e+07,5.777500e+01,5.988776e+06,3.466696e+01,,,1.414580e+00,4
2018-04-23 05:05:54.000000,2.385584e+07,1.548101e+07,5.786000e+01,5.990594e+06,3.465000e+01,,,1.413309e+00,4
2018-04-23 05:05:55.000000,2.385551e+07,1.560397e+07,5.793400e+01,5.992412e+06,3.463304e+01,,,1.412037e+00,4
2018-04-23 05:05:56.000000,2.385517e+07,1.572692e+07,5.800800e+01,5.994230e+06,3.461609e+01,,,1.410766e+00,4
2018-04-23 05:05:57.000000,2.385484e+07,1.564534e+07,5.782200e+01,5.996048e+06,3.459913e+01,,,1.409494e+00,4
2018-04-23 05:05:58.000000,2.385450e+07,1.556375e+07,5.763600e+01,5.997867e+06,3.458217e+01,,,1.408222e+00,4
2018-04-23 05:05:59.000000,2.385417e+07,1.545688e+07,5.748400e+01,5.999685e+06,3.456522e+01,,,1.406950e+00,4
2018-04-23 05:06:00.000000,2.385384e+07,1.535001e+07,5.733200e+01,6.001503e+06,3.454826e+01,,,1.405679e+00,4
2018-04-23 05:06:01.000000,2.385350e+07,1.548446e+07,5.760600e+01,6.003321e+06,3.453130e+01,,,1.404407e+00,4
2018-04-23 05:06:02.000000,2.385317e+07,1.561891e+07,5.788000e+01,5.999155e+06,3.451435e+01,,,1.403135e+00,4
2018-04-23 05:06:03.000000,2.385283e+07,1.567406e+07,5.802600e+01,5.994988e+06,3.449739e+01,,,1.401864e+00,4
2018-04-23 05:06:04.000000,2.385250e+07,1.572922e+07,5.817200e+01,5.990821e+06,3.448043e+01,,,1.402676e+00,4
2018-04-23 05:06:05.000000,2.385216e+07,1.558214e+07,5.797400e+01,5.986655e+06,3.446348e+01,,,1.403489e+00,4
2018-04-23 05:06:06.000000,2.385183e+07,1.543505e+07,5.777600e+01,5.982488e+06,3.444652e+01,,,1.404301e+00,4
2018-04-23 05:06:07.000000,2.385150e+07,1.541091e+07,5.764000e+01,5.978321e+06,3.442957e+01,,,1.405114e+00,4
2018-04-23 05:06:08.000000,2.385116e+07,1.538678e+07,5.750400e+01,5.974154e+06,3.441261e+01,,,1.405926e+00,4
2018-04-23 05:06:09.000000,2.385083e+07,1.536265e+07,5.736800e+01,5.969988e+06,3.439565e+01,,,1.406739e+00,4
2018-04-23 05:06:10.000000,2.385049e+07,1.533852e+07,5.723200e+01,5.965821e+06,3.437869e+01,,,1.407551e+00,4
2018-04-23 05:06:11.000000,2.385048e+07,1.550744e+07,5.750800e+01,5.961654e+06,3.436174e+01,,,1.408364e+00,4
2018-04-23 05:06:12.000000,2.385047e+07,1.567636e+07,5.778400e+01,5.957488e+06,3.434478e+01,,,1.409176e+00,4
2018-04-23 05:06:13.000000,2.385046e+07,1.564648e+07,5.779600e+01,5.960139e+06,3.432782e+01,,,1.409989e+00,4
2018-04-23 05:06:14.000000,2.385045e+07,1.561661e+07,5.780800e+01,5.962791e+06,3.431087e+01,,,1.410801e+00,4
2018-04-23 05:06:15.000000,2.385044e+07,1.547986e+07,5.758800e+01,5.965442e+06,3.429391e+01,,,1.410310e+00,4
2018-04-23 05:06:16.000000,2.385043e+07,1.534312e+07,5.736800e+01,5.968094e+06,3.427695e+01,,,1.409819e+00,4
2018-04-23 05:06:17.000000,2.385042e+07,1.539483e+07,5.751400e+01,5.970745e+06,3.426000e+01,,,1.409328e+00,4
2018-04-23 05:06:18.000000,2.385041e+07,1.544654e+07,5.766000e+01,5.973397e+06,3.426540e+01,,,1.408837e+00,4
2018-04-23 05:06:19.000000,2.385040e+07,1.552008e+07,5.779300e+01,5.976048e+06,3.427081e+01,,,1.408346e+00,4
2018-04-23 05:06:20.000000,2.385039e+07,1.559362e+07,5.792600e+01,5.978700e+06,3.427621e+01,,,1.407855e+00,4
2018-04-23 05:06:21.000000,2.385038e+07,1.566717e+07,5.805900e+01,5.981351e+06,3.428161e+01,,,1.407364e+00,4
2018-04-23 05:06:22.000000,2.385036e+07,1.574071e+07,5.819200e+01,5.984003e+06,3.428702e+01,,,1.406873e+00,4
2018-04-23 05:06:23.000000,2.385035e+07,1.572807e+07,5.817000e+01,5.986654e+06,3.429242e+01,,,1.406382e+00,4
2018-04-23 05:06:24.000000,2.385034e+07,1.571543e+07,5.814800e+01,5.991958e+06,3.429782e+01,,,1.405891e+00,4
2018-04-23 05:06:25.000000,2.385033e+07,1.557294e+07,5.800200e+01,5.997260e+06,3.430323e+01,,,1.405400e+00,4
2018-04-23 05:06:26.000000,2.385032e+07,1.543045e+07,5.785600e+01,6.002563e+06,3.430863e+01,,,1.402762e+00,4
2018-04-23 05:06:27.000000,2.385031e+07,1.542528e+07,5.788300e+01,6.007867e+06,3.431404e+01,,,1.400124e+00,4
2018-04-23 05:06:28.000000,2.385030e+07,1.542011e+07,5.791000e+01,6.013169e+06,3.431944e+01,,,1.397486e+00,4
2018-04-23 05:06:29.000000,2.385029e+07,1.541494e+07,5.793700e+01,6.018473e+06,3.432484e+01,,,1.394849e+00,4
2018-04-23 05:06:30.000000,2.385028e+07,1.540977e+07,5.796400e+01,6.023775e+06,3.433025e+01,,,1.392211e+00,4
2018-04-23 05:06:31.000000,2.385027e+07,1.552468e+07,5.816000e+01,6.029079e+06,3.433565e+01,,,1.389573e+00,4
2018-04-23 05:06:32.000000,2.385026e+07,1.563959e+07,5.835600e+01,6.034382e+06,3.434105e+01,,,1.386935e+00,4
2018-04-23 05:06:33.000000,2.385025e+07,1.567292e+07,5.837000e+01,6.039685e+06,3.434646e+01,,,1.384297e+00,4
2018-04-23 05:06:34.000000,2.385024e+07,1.570624e+07,5.838400e+01,6.044988e+06,3.435186e+01,,,1.381659e+00,4
2018-04-23 05:06:35.000000,2.385023e+07,1.561086e+07,5.827800e+01,6.043246e+06,3.435727e+01,,,1.379022e+00,4
2018-04-23 05:06:36.000000,2.385022e+07,1.551548e+07,5.817200e+01,6.041503e+06,3.436267e+01,,,1.376384e+00,4
2018-04-23 05:06:37.000000,2.385021e+07,1.548101e+07,5.813100e+01,6.039761e+06,3.436807e+01,,,1.375819e+00,4
2018-04-23 05:06:38.000000,2.385020e+07,1.544654e+07,5.809000e+01,6.038018e+06,3.437348e+01,,,1.375254e+00,4
2018-04-23 05:06:39.000000,2.385019e+07,1.541206e+07,5.804900e+01,6.036276e+06,3.437888e+01,,,1.374689e+00,4
2018-04-23 05:06:40.000000,2.385018e+07,1.537759e+07,5.800800e+01,6.034533e+06,3.438428e+01,,,1.374124e+00,4
2018-04-23 05:06:41.000000,2.385016e+07,1.555341e+07,5.829000e+01,6.032791e+06,3.438969e+01,,,1.373559e+00,4
2018-04-23 05:06:42.000000,2.385015e+07,1.572922e+07,5.857200e+01,6.031048e+06,3.439509e+01,,,1.372995e+00,4
2018-04-23 05:06:43.000000,2.385014e+07,1.566832e+07,5.851400e+01,6.029306e+06,3.440050e+01,,,1.372430e+00,4
2018-04-23 05:06:44.000000,2.385013e+07,1.560741e+07,5.845600e+01,6.027563e+06,3.440590e+01,,,1.371865e+00,4
2018-04-23 05:06:45.000000,2.385034e+07,1.547297e+07,5.810400e+01,6.025821e+06,3.441130e+01,,,1.371300e+00,4
2018-04-23 05:06:46.000000,2.385056e+07,1.533852e+07,5.775200e+01,6.026958e+06,3.441671e+01,,,1.370735e+00,4
2018-04-23 05:06:47.000000,2.385077e+07,1.545573e+07,5.789800e+01,6.028094e+06,3.442211e+01,,,1.370170e+00,4
2018-04-23 05:06:48.000000,2.385098e+07,1.557294e+07,5.804400e+01,6.029230e+06,3.442751e+01,,,1.373266e+00,4
2018-04-23 05:06:49.000000,2.385119e+07,1.565338e+07,5.815600e+01,6.030367e+06,3.443292e+01,,,1.376363e+00,4
2018-04-23 05:06:50.000000,2.385140e+07,1.573382e+07,5.826800e+01,6.031503e+06,3.443832e+01,,,1.379459e+00,4
2018-04-23 05:06:51.000000,2.385162e+07,1.555226e+07,5.786200e+01,6.032640e+06,3.444373e+01,,,1.382555e+00,4
2018-04-23 05:06:52.000000,2.385183e+07,1.537069e+07,5.745600e+01,6.033776e+06,3.444913e+01,,,1.385652e+00,4
2018-04-23 05:06:53.000000,2.385204e+07,1.540862e+07,5.751400e+01,6.034912e+06,3.445453e+01,,,1.388748e+00,4
2018-04-23 05:06:54.000000,2.385225e+07,1.544654e+07,5.757200e+01,6.036048e+06,3.445994e+01,,,1.391844e+00,4
2018-04-23 05:06:55.000000,2.385246e+07,1.559592e+07,5.790200e+01,6.037185e+06,3.446534e+01,,,1.394941e+00,4
2018-04-23 05:06:56.000000,2.385267e+07,1.574531e+07,5.823200e+01,6.038321e+06,3.447075e+01,,,1.398037e+00,4
2018-04-23 05:06:57.000000,2.385289e+07,1.567866e+07,5.818600e+01,6.038321e+06,3.447615e+01,,,1.401133e+00,4
2018-04-23 05:06:58.000000,2.385310e+07,1.561201e+07,5.814000e+01,6.038321e+06,3.448155e+01,,,1.404230e+00,4
2018-04-23 05:06:59.000000,2.385331e+07,1.554364e+07,5.805600e+01,6.038321e+06,3.448695e+01,,,1.402925e+00,4
2018-04-23 05:07:00.000000,2.385352e+07,1.547527e+07,5.797200e+01,6.038321e+06,3.449236e+01,,,1.401620e+00,4
2018-04-23 05:07:01.000000,2.385373e+07,1.540689e+07,5.788800e+01,6.038321e+06,3.449776e+01,,,1.400315e+00,4
2018-04-23 05:07:02.000000,2.385395e+07,1.533852e+07,5.780400e+01,6.038321e+06,3.450317e+01,,,1.399010e+00,4
2018-04-23 05:07:03.000000,2.385416e+07,1.543160e+07,5.796600e+01,6.038321e+06,3.450857e+01,,,1.397705e+00,4
2018-04-23 05:07:04.000000,2.385437e+07,1.552468e+07,5.812800e+01,6.038321e+06,3.451397e+01,,,1.396400e+00,4
2018-04-23 05:07:05.000000,2.385458e+07,1.564189e+07,5.829600e+01,6.038321e+06,3.451938e+01,,,1.395095e+00,4
2018-04-23 05:07:06.000000,2.385479e+07,1.575910e+07,5.846400e+01,6.038321e+06,3.452478e+01,,,1.393789e+00,4
2018-04-23 05:07:07.000000,2.385500e+07,1.560167e+07,5.814400e+01,6.038321e+06,3.453019e+01,,,1.392484e+00,4
2018-04-23 05:07:08.000000,2.385522e+07,1.544424e+07,5.782400e+01,6.039306e+06,3.453559e+01,,,1.391179e+00,4
2018-04-23 05:07:09.000000,2.385543e+07,1.540517e+07,5.777000e+01,6.040291e+06,3.454099e+01,,,1.389874e+00,4
2018-04-23 05:07:10.000000,2.385564e+07,1.536610e+07,5.771600e+01,6.041276e+06,3.454640e+01,,,1.391127e+00,4
2018-04-23 05:07:11.000000,2.385585e+07,1.545803e+07,5.787000e+01,6.042261e+06,3.455180e+01,,,1.392380e+00,4
2018-04-23 05:07:12.000000,2.385607e+07,1.554996e+07,5.802400e+01,6.043246e+06,3.455721e+01,,,1.393633e+00,4
2018-04-23 05:07:13.000000,2.385628e+07,1.564189e+07,5.817800e+01,6.044230e+06,3.456261e+01,,,1.394886e+00,4
2018-04-23 05:07:14.000000,2.385649e+07,1.573382e+07,5.833200e+01,6.045215e+06,3.456801e+01,,,1.396139e+00,4
2018-04-23 05:07:15.000000,2.385670e+07,1.567292e+07,5.819600e+01,6.046200e+06,3.457341e+01,,,1.397391e+00,4
2018-04-23 05:07:16.000000,2.385691e+07,1.561201e+07,5.806000e+01,6.047185e+06,3.457882e+01,,,1.398644e+00,4
2018-04-23 05:07:17.000000,2.385700e+07,1.552238e+07,5.791400e+01,6.048169e+06,3.458422e+01,,,1.399897e+00,4
2018-04-23 05:07:18.000000,2.385710e+07,1.543275e+07,5.776800e+01,6.049154e+06,3.458963e+01,,,1.401150e+00,4
2018-04-23 05:07:19.000000,2.385719e+07,1.539827e+07,5.784800e+01,6.049609e+06,3.459503e+01,,,1.402402e+00,4
2018-04-23 05:07:20.000000,2.385728e+07,1.536380e+07,5.792800e+01,6.050063e+06,3.460043e+01,,,1.403655e+00,4
2018-04-23 05:07:21.000000,2.385737e+07,1.553732e+07,5.827400e+01,6.050518e+06,3.460584e+01,,,1.402765e+00,4
2018-04-23 05:07:22.000000,2.385746e+07,1.571084e+07,5.862000e+01,6.050973e+06,3.461124e+01,,,1.401875e+00,4
2018-04-23 05:07:23.000000,2.385755e+07,1.572520e+07,5.863900e+01,6.051427e+06,3.461665e+01,,,1.400986e+00,4
2018-04-23 05:07:24.000000,2.385765e+07,1.573956e+07,5.865800e+01,6.051881e+06,3.462205e+01,,,1.400096e+00,4
2018-04-23 05:07:25.000000,2.385774e+07,1.575393e+07,5.867700e+01,6.052336e+06,3.462745e+01,,,1.399206e+00,4
2018-04-23 05:07:26.000000,2.385783e+07,1.576829e+07,5.869600e+01,6.052791e+06,3.463286e+01,,,1.398316e+00,4
2018-04-23 05:07:27.000000,2.385792e+07,1.568326e+07,5.849200e+01,6.053245e+06,3.463826e+01,,,1.397426e+00,4
2018-04-23 05:07:28.000000,2.385801e+07,1.559822e+07,5.828800e+01,6.053700e+06,3.464367e+01,,,1.396536e+00,4
2018-04-23 05:07:29.000000,2.385811e+07,1.551434e+07,5.809600e+01,6.054154e+06,3.464907e+01,,,1.395646e+00,4
2018-04-23 05:07:30.000000,2.385820e+07,1.543045e+07,5.790400e+01,6.054988e+06,3.465447e+01,,,1.394756e+00,4
2018-04-23 05:07:31.000000,2.385829e+07,1.542011e+07,5.785200e+01,6.055821e+06,3.465987e+01,,,1.393866e+00,4
2018-04-23 05:07:32.000000,2.385838e+07,1.540977e+07,5.780000e+01,6.056654e+06,3.466528e+01,,,1.393284e+00,4
2018-04-23 05:07:33.000000,2.385847e+07,1.555111e+07,5.798200e+01,6.057488e+06,3.467068e+01,,,1.392701e+00,4
2018-04-23 05:07:34.000000,2.385856e+07,1.569245e+07,5.816400e+01,6.058321e+06,3.467609e+01,,,1.392119e+00,4
2018-04-23 05:07:35.000000,2.385866e+07,1.570452e+07,5.815100e+01,6.059154e+06,3.468149e+01,,,1.391537e+00,4
2018-04-23 05:07:36.000000,2.385875e+07,1.571658e+07,5.813800e+01,6.059988e+06,3.468689e+01,,,1.390954e+00,4
2018-04-23 05:07:37.000000,2.385884e+07,1.572865e+07,5.812500e+01,6.060821e+06,3.469230e+01,,,1.390372e+00,4
2018-04-23 05:07:38.000000,2.385893e+07,1.574071e+07,5.811200e+01,6.061654e+06,3.469770e+01,,,1.389789e+00,4
2018-04-23 05:07:39.000000,2.385902e+07,1.556260e+07,5.785800e+01,6.062488e+06,3.470311e+01,,,1.389207e+00,4
2018-04-23 05:07:40.000000,2.385911e+07,1.538448e+07,5.760400e+01,6.063321e+06,3.470851e+01,,,1.388625e+00,4
2018-04-23 05:07:41.000000,2.385921e+07,1.539942e+07,5.769400e+01,6.064154e+06,3.471391e+01,,,1.388043e+00,4
2018-04-23 05:07:42.000000,2.385930e+07,1.541436e+07,5.778400e+01,6.064988e+06,3.471932e+01,,,1.387460e+00,4
2018-04-23 05:07:43.000000,2.385939e+07,1.556375e+07,5.808000e+01,6.065821e+06,3.472472e+01,,,1.386995e+00,4
2018-04-23 05:07:44.000000,2.385948e+07,1.571313e+07,5.837600e+01,6.066654e+06,3.473013e+01,,,1.386530e+00,4
2018-04-23 05:07:45.000000,2.385957e+07,1.567981e+07,5.826400e+01,6.067488e+06,3.473553e+01,,,1.386064e+00,4
2018-04-23 05:07:46.000000,2.385966e+07,1.564648e+07,5.815200e+01,6.068321e+06,3.474093e+01,,,1.385599e+00,4
2018-04-23 05:07:47.000000,2.385978e+07,1.560224e+07,5.807600e+01,6.069154e+06,3.474633e+01,,,1.385134e+00,4
2018-04-23 05:07:48.000000,2.385989e+07,1.555800e+07,5.800000e+01,6.069988e+06,3.475174e+01,,,1.384668e+00,4
2018-04-23 05:07:49.000000,2.386000e+07,1.551376e+07,5.792400e+01,6.070821e+06,3.475714e+01,,,1.384203e+00,4
2018-04-23 05:07:50.000000,2.386011e+07,1.546952e+07,5.784800e+01,6.071654e+06,3.476255e+01,,,1.383738e+00,4
2018-04-23 05:07:51.000000,2.386022e+07,1.541666e+07,5.775600e+01,6.072488e+06,3.476795e+01,,,1.383273e+00,4
2018-04-23 05:07:52.000000,2.386033e+07,1.536380e+07,5.766400e+01,6.069230e+06,3.477335e+01,,,1.382807e+00,4
2018-04-23 05:07:53.000000,2.386044e+07,1.549135e+07,5.784000e+01,6.065973e+06,3.477876e+01,,,1.382342e+00,4
2018-04-23 05:07:54.000000,2.386055e+07,1.561891e+07,5.801600e+01,6.062715e+06,3.478416e+01,,,1.383486e+00,4
2018-04-23 05:07:55.000000,2.386066e+07,1.569705e+07,5.812800e+01,6.059458e+06,3.478957e+01,,,1.384630e+00,4
2018-04-23 05:07:56.000000,2.386078e+07,1.577519e+07,5.824000e+01,6.056200e+06,3.479497e+01,,,1.385775e+00,4
2018-04-23 05:07:57.000000,2.386089e+07,1.567981e+07,5.803200e+01,6.052942e+06,3.480037e+01,,,1.386919e+00,4
2018-04-23 05:07:58.000000,2.386100e+07,1.558443e+07,5.782400e+01,6.049685e+06,3.480577e+01,,,1.388063e+00,4
2018-04-23 05:07:59.000000,2.386111e+07,1.552295e+07,5.779700e+01,6.046427e+06,3.481118e+01,,,1.389207e+00,4
2018-04-23 05:08:00.000000,2.386122e+07,1.546147e+07,5.777000e+01,6.043169e+06,3.481659e+01,,,1.390352e+00,4
2018-04-23 05:08:01.000000,2.386133e+07,1.540000e+07,5.774300e+01,6.039912e+06,3.482199e+01,,,1.391496e+00,4
2018-04-23 05:08:02.000000,2.386144e+07,1.533852e+07,5.771600e+01,6.036654e+06,3.482739e+01,,,1.392640e+00,4
2018-04-23 05:08:03.000000,2.386155e+07,1.539138e+07,5.774600e+01,6.037185e+06,3.483279e+01,,,1.393784e+00,4
2018-04-23 05:08:04.000000,2.386166e+07,1.544424e+07,5.777600e+01,6.037715e+06,3.483820e+01,,,1.394928e+00,4
2018-04-23 05:08:05.000000,2.386178e+07,1.555111e+07,5.812000e+01,6.038245e+06,3.484360e+01,,,1.396058e+00,4
2018-04-23 05:08:06.000000,2.386189e+07,1.565798e+07,5.846400e+01,6.038775e+06,3.484901e+01,,,1.397188e+00,4
2018-04-23 05:08:07.000000,2.386200e+07,1.570739e+07,5.849000e+01,6.039306e+06,3.485441e+01,,,1.398317e+00,4
2018-04-23 05:08:08.000000,2.386211e+07,1.575680e+07,5.851600e+01,6.039836e+06,3.485981e+01,,,1.399447e+00,4
2018-04-23 05:08:09.000000,2.386222e+07,1.559362e+07,5.824200e+01,6.040367e+06,3.486522e+01,,,1.400577e+00,4
2018-04-23 05:08:10.000000,2.386233e+07,1.543045e+07,5.796800e+01,6.040897e+06,3.487062e+01,,,1.401706e+00,4
2018-04-23 05:08:11.000000,2.386244e+07,1.540862e+07,5.792300e+01,6.041427e+06,3.487603e+01,,,1.402836e+00,4
2018-04-23 05:08:12.000000,2.386255e+07,1.538678e+07,5.787800e+01,6.041958e+06,3.488143e+01,,,1.403966e+00,4
2018-04-23 05:08:13.000000,2.386266e+07,1.536495e+07,5.783300e+01,6.042488e+06,3.488683e+01,,,1.405095e+00,4
2018-04-23 05:08:14.000000,2.386277e+07,1.534312e+07,5.778800e+01,6.046124e+06,3.489223e+01,,,1.406225e+00,4
2018-04-23 05:08:15.000000,2.386289e+07,1.540632e+07,5.783400e+01,6.049761e+06,3.489764e+01,,,1.407355e+00,4
2018-04-23 05:08:16.000000,2.386300e+07,1.546952e+07,5.788000e+01,6.053397e+06,3.490305e+01,,,1.406790e+00,4
2018-04-23 05:08:17.000000,2.386311e+07,1.562235e+07,5.813800e+01,6.057033e+06,3.490845e+01,,,1.406225e+00,4
2018-04-23 05:08:18.000000,2.386322e+07,1.577519e+07,5.839600e+01,6.060669e+06,3.491385e+01,,,1.405660e+00,4
2018-04-23 05:08:19.000000,2.386333e+07,1.566947e+07,5.833200e+01,6.064306e+06,3.491925e+01,,,1.405095e+00,4
2018-04-23 05:08:20.000000,2.386344e+07,1.556375e+07,5.826800e+01,6.067942e+06,3.492466e+01,,,1.404530e+00,4
2018-04-23 05:08:21.000000,2.386338e+07,1.545918e+07,5.804400e+01,6.071579e+06,3.493006e+01,,,1.403965e+00,4
2018-04-23 05:08:22.000000,2.386332e+07,1.535461e+07,5.782000e+01,6.075215e+06,3.493547e+01,,,1.403400e+00,4
2018-04-23 05:08:23.000000,2.386326e+07,1.544883e+07,5.794400e+01,6.078852e+06,3.494087e+01,,,1.402836e+00,4
2018-04-23 05:08:24.000000,2.386320e+07,1.554306e+07,5.806800e+01,6.082488e+06,3.494627e+01,,,1.402271e+00,4
2018-04-23 05:08:25.000000,2.386315e+07,1.566142e+07,5.829800e+01,6.081048e+06,3.495168e+01,,,1.401706e+00,4
2018-04-23 05:08:26.000000,2.386309e+07,1.577978e+07,5.852800e+01,6.079609e+06,3.495708e+01,,,1.401141e+00,4
2018-04-23 05:08:27.000000,2.386303e+07,1.572175e+07,5.842800e+01,6.078169e+06,3.496249e+01,,,1.403253e+00,4
2018-04-23 05:08:28.000000,2.386297e+07,1.566372e+07,5.832800e+01,6.076730e+06,3.496789e+01,,,1.405366e+00,4
2018-04-23 05:08:29.000000,2.386291e+07,1.560569e+07,5.822800e+01,6.075291e+06,3.497329e+01,,,1.407479e+00,4
2018-04-23 05:08:30.000000,2.386285e+07,1.554766e+07,5.812800e+01,6.073852e+06,3.497869e+01,,,1.409591e+00,4
2018-04-23 05:08:31.000000,2.386279e+07,1.544309e+07,5.787200e+01,6.072412e+06,3.498410e+01,,,1.411704e+00,4
2018-04-23 05:08:32.000000,2.386273e+07,1.533852e+07,5.761600e+01,6.070973e+06,3.498950e+01,,,1.413816e+00,4
2018-04-23 05:08:33.000000,2.386267e+07,1.542585e+07,5.789800e+01,6.069533e+06,3.499491e+01,,,1.415929e+00,4
2018-04-23 05:08:34.000000,2.386261e+07,1.551319e+07,5.818000e+01,6.068094e+06,3.500031e+01,,,1.418042e+00,4
2018-04-23 05:08:35.000000,2.386255e+07,1.564189e+07,5.840800e+01,6.066654e+06,3.500571e+01,,,1.420154e+00,4
2018-04-23 05:08:36.000000,2.386249e+07,1.577059e+07,5.863600e+01,6.070518e+06,3.501112e+01,,,1.422267e+00,4
2018-04-23 05:08:37.000000,2.386243e+07,1.563729e+07,5.849200e+01,6.074381e+06,3.501652e+01,,,1.424380e+00,4
2018-04-23 05:08:38.000000,2.386237e+07,1.550399e+07,5.834800e+01,6.078245e+06,3.502193e+01,,,1.422888e+00,4
2018-04-23 05:08:39.000000,2.386231e+07,1.542700e+07,5.816200e+01,6.082109e+06,3.502733e+01,,,1.421396e+00,4
2018-04-23 05:08:40.000000,2.386225e+07,1.535001e+07,5.797600e+01,6.085973e+06,3.503273e+01,,,1.419904e+00,4
2018-04-23 05:08:41.000000,2.386219e+07,1.552698e+07,5.831400e+01,6.089836e+06,3.503814e+01,,,1.418412e+00,4
2018-04-23 05:08:42.000000,2.386214e+07,1.570394e+07,5.865200e+01,6.093700e+06,3.504354e+01,,,1.416920e+00,4
2018-04-23 05:08:43.000000,2.386208e+07,1.572118e+07,5.860000e+01,6.097563e+06,3.504895e+01,,,1.415428e+00,4
2018-04-23 05:08:44.000000,2.386202e+07,1.573842e+07,5.854800e+01,6.101427e+06,3.505435e+01,,,1.413936e+00,4
2018-04-23 05:08:45.000000,2.386196e+07,1.564993e+07,5.837700e+01,6.105291e+06,3.505975e+01,,,1.412444e+00,4
2018-04-23 05:08:46.000000,2.386190e+07,1.556145e+07,5.820600e+01,6.109154e+06,3.506516e+01,,,1.410952e+00,4
2018-04-23 05:08:47.000000,2.386184e+07,1.547297e+07,5.803500e+01,6.110821e+06,3.507056e+01,,,1.409460e+00,4
2018-04-23 05:08:48.000000,2.386178e+07,1.538448e+07,5.786400e+01,6.112488e+06,3.507596e+01,,,1.407968e+00,4
2018-04-23 05:08:49.000000,2.386172e+07,1.540402e+07,5.781400e+01,6.114154e+06,3.508137e+01,,,1.407576e+00,4
2018-04-23 05:08:50.000000,2.386166e+07,1.542355e+07,5.776400e+01,6.115821e+06,3.508677e+01,,,1.407184e+00,4
2018-04-23 05:08:51.000000,2.386160e+07,1.557524e+07,5.802200e+01,6.117488e+06,3.509217e+01,,,1.406792e+00,4
2018-04-23 05:08:52.000000,2.386154e+07,1.572692e+07,5.828000e+01,6.119154e+06,3.509758e+01,,,1.406400e+00,4
2018-04-23 05:08:53.000000,2.386148e+07,1.573382e+07,5.827600e+01,6.120821e+06,3.510298e+01,,,1.406008e+00,4
2018-04-23 05:08:54.000000,2.386142e+07,1.574071e+07,5.827200e+01,6.122488e+06,3.510839e+01,,,1.405616e+00,4
2018-04-23 05:08:55.000000,2.386146e+07,1.556834e+07,5.806600e+01,6.124154e+06,3.511379e+01,,,1.405224e+00,4
2018-04-23 05:08:56.000000,2.386149e+07,1.539597e+07,5.786000e+01,6.125821e+06,3.511919e+01,,,1.404832e+00,4
2018-04-23 05:08:57.000000,2.386152e+07,1.538276e+07,5.786900e+01,6.127488e+06,3.512460e+01,,,1.404439e+00,4
2018-04-23 05:08:58.000000,2.386155e+07,1.536954e+07,5.787800e+01,6.129912e+06,3.513000e+01,,,1.404047e+00,4
2018-04-23 05:08:59.000000,2.386158e+07,1.535633e+07,5.788700e+01,6.132336e+06,3.513098e+01,,,1.403655e+00,4
2018-04-23 05:09:00.000000,2.386162e+07,1.534312e+07,5.789600e+01,6.134760e+06,3.513196e+01,,,1.404827e+00,4
2018-04-23 05:09:01.000000,2.386165e+07,1.547411e+07,5.817200e+01,6.137185e+06,3.513293e+01,,,1.405998e+00,4
2018-04-23 05:09:02.000000,2.386168e+07,1.560512e+07,5.844800e+01,6.139609e+06,3.513391e+01,,,1.407169e+00,4
2018-04-23 05:09:03.000000,2.386171e+07,1.566602e+07,5.851400e+01,6.142033e+06,3.513489e+01,,,1.408340e+00,4
2018-04-23 05:09:04.000000,2.386175e+07,1.572692e+07,5.858000e+01,6.144458e+06,3.513587e+01,,,1.409511e+00,4
2018-04-23 05:09:05.000000,2.386178e+07,1.555455e+07,5.819000e+01,6.146882e+06,3.513685e+01,,,1.410682e+00,4
2018-04-23 05:09:06.000000,2.386181e+07,1.538219e+07,5.780000e+01,6.149306e+06,3.513783e+01,,,1.411854e+00,4
2018-04-23 05:09:07.000000,2.386184e+07,1.537069e+07,5.789000e+01,6.151730e+06,3.513881e+01,,,1.413025e+00,4
2018-04-23 05:09:08.000000,2.386187e+07,1.535920e+07,5.798000e+01,6.154154e+06,3.513978e+01,,,1.414196e+00,4
2018-04-23 05:09:09.000000,2.386191e+07,1.549020e+07,5.820800e+01,6.155821e+06,3.514076e+01,,,1.415367e+00,4
2018-04-23 05:09:10.000000,2.386194e+07,1.562120e+07,5.843600e+01,6.157488e+06,3.514174e+01,,,1.416538e+00,4
2018-04-23 05:09:11.000000,2.386197e+07,1.565683e+07,5.845500e+01,6.159154e+06,3.514272e+01,,,1.414634e+00,4
2018-04-23 05:09:12.000000,2.386200e+07,1.569245e+07,5.847400e+01,6.160821e+06,3.514370e+01,,,1.412731e+00,4
2018-04-23 05:09:13.000000,2.386204e+07,1.572807e+07,5.849300e+01,6.162488e+06,3.514468e+01,,,1.410827e+00,4
2018-04-23 05:09:14.000000,2.386207e+07,1.576370e+07,5.851200e+01,6.164154e+06,3.514565e+01,,,1.408923e+00,4
2018-04-23 05:09:15.000000,2.386210e+07,1.569820e+07,5.841200e+01,6.165821e+06,3.514663e+01,,,1.407019e+00,4
2018-04-23 05:09:16.000000,2.386213e+07,1.563270e+07,5.831200e+01,6.167488e+06,3.514761e+01,,,1.405115e+00,4
2018-04-23 05:09:17.000000,2.386216e+07,1.549020e+07,5.820000e+01,6.169154e+06,3.514859e+01,,,1.403211e+00,4
2018-04-23 05:09:18.000000,2.386220e+07,1.534771e+07,5.808800e+01,6.170821e+06,3.514957e+01,,,1.401307e+00,4
2018-04-23 05:09:19.000000,2.386223e+07,1.548791e+07,5.838000e+01,6.172488e+06,3.515054e+01,,,1.399403e+00,4
2018-04-23 05:09:20.000000,2.386226e+07,1.562810e+07,5.867200e+01,6.172715e+06,3.515152e+01,,,1.397500e+00,4
2018-04-23 05:09:21.000000,2.386229e+07,1.570509e+07,5.877400e+01,6.172942e+06,3.515250e+01,,,1.395596e+00,4
2018-04-23 05:09:22.000000,2.386233e+07,1.578208e+07,5.887600e+01,6.173169e+06,3.515348e+01,,,1.395856e+00,4
2018-04-23 05:09:23.000000,2.386236e+07,1.576025e+07,5.879700e+01,6.173397e+06,3.515446e+01,,,1.396116e+00,4
2018-04-23 05:09:24.000000,2.386239e+07,1.573842e+07,5.871800e+01,6.173624e+06,3.515544e+01,,,1.396376e+00,4
2018-04-23 05:09:25.000000,2.386242e+07,1.571658e+07,5.863900e+01,6.173852e+06,3.515641e+01,,,1.396636e+00,4
2018-04-23 05:09:26.000000,2.386245e+07,1.569475e+07,5.856000e+01,6.174079e+06,3.515739e+01,,,1.396896e+00,4
2018-04-23 05:09:27.000000,2.386254e+07,1.554996e+07,5.828200e+01,6.174306e+06,3.515837e+01,,,1.397156e+00,4
2018-04-23 05:09:28.000000,2.386262e+07,1.540517e+07,5.800400e+01,6.174533e+06,3.515935e+01,,,1.397416e+00,4
2018-04-23 05:09:29.000000,2.386270e+07,1.540862e+07,5.800600e+01,6.174761e+06,3.516033e+01,,,1.397676e+00,4
2018-04-23 05:09:30.000000,2.386279e+07,1.541206e+07,5.800800e+01,6.174988e+06,3.516130e+01,,,1.397936e+00,4
2018-04-23 05:09:31.000000,2.386287e+07,1.559362e+07,5.834200e+01,6.175821e+06,3.516228e+01,,,1.398196e+00,4
2018-04-23 05:09:32.000000,2.386296e+07,1.577519e+07,5.867600e+01,6.176654e+06,3.516326e+01,,,1.398456e+00,4
2018-04-23 05:09:33.000000,2.386304e+07,1.574301e+07,5.861600e+01,6.177488e+06,3.516424e+01,,,1.398078e+00,4
2018-04-23 05:09:34.000000,2.386312e+07,1.571084e+07,5.855600e+01,6.178321e+06,3.516522e+01,,,1.397700e+00,4
2018-04-23 05:09:35.000000,2.386321e+07,1.563959e+07,5.846000e+01,6.179154e+06,3.516619e+01,,,1.397322e+00,4
2018-04-23 05:09:36.000000,2.386329e+07,1.556834e+07,5.836400e+01,6.179988e+06,3.516718e+01,,,1.396944e+00,4
2018-04-23 05:09:37.000000,2.386337e+07,1.549710e+07,5.826800e+01,6.180821e+06,3.516815e+01,,,1.396566e+00,4
2018-04-23 05:09:38.000000,2.386346e+07,1.542585e+07,5.817200e+01,6.181654e+06,3.516913e+01,,,1.396188e+00,4
2018-04-23 05:09:39.000000,2.386354e+07,1.545113e+07,5.818600e+01,6.182488e+06,3.517011e+01,,,1.395810e+00,4
2018-04-23 05:09:40.000000,2.386362e+07,1.547641e+07,5.820000e+01,6.183321e+06,3.517109e+01,,,1.395432e+00,4
2018-04-23 05:09:41.000000,2.386371e+07,1.559592e+07,5.846800e+01,6.184154e+06,3.517207e+01,,,1.395054e+00,4
2018-04-23 05:09:42.000000,2.386379e+07,1.571543e+07,5.873600e+01,6.184079e+06,3.517305e+01,,,1.394676e+00,4
2018-04-23 05:09:43.000000,2.386387e+07,1.573037e+07,5.875800e+01,6.184003e+06,3.517402e+01,,,1.394297e+00,4
2018-04-23 05:09:44.000000,2.386396e+07,1.574531e+07,5.878000e+01,6.183927e+06,3.517500e+01,,,1.394624e+00,4
2018-04-23 05:09:45.000000,2.386404e+07,1.560167e+07,5.854800e+01,6.183851e+06,3.517598e+01,,,1.394950e+00,4
2018-04-23 05:09:46.000000,2.386413e+07,1.545803e+07,5.831600e+01,6.183775e+06,3.517696e+01,,,1.395277e+00,4
2018-04-23 05:09:47.000000,2.386421e+07,1.543677e+07,5.825200e+01,6.183700e+06,3.517794e+01,,,1.395604e+00,4
2018-04-23 05:09:48.000000,2.386429e+07,1.541551e+07,5.818800e+01,6.183624e+06,3.517891e+01,,,1.395930e+00,4
2018-04-23 05:09:49.000000,2.386438e+07,1.539425e+07,5.812400e+01,6.183548e+06,3.517989e+01,,,1.396257e+00,4
2018-04-23 05:09:50.000000,2.386446e+07,1.537299e+07,5.806000e+01,6.183472e+06,3.518087e+01,,,1.396583e+00,4
2018-04-23 05:09:51.000000,2.386454e+07,1.545803e+07,5.821800e+01,6.183396e+06,3.518185e+01,,,1.396910e+00,4
2018-04-23 05:09:52.000000,2.386463e+07,1.554306e+07,5.837600e+01,6.183321e+06,3.518283e+01,,,1.397236e+00,4
2018-04-23 05:09:53.000000,2.386471e+07,1.566257e+07,5.853600e+01,6.179987e+06,3.518381e+01,,,1.397563e+00,4
2018-04-23 05:09:54.000000,2.386479e+07,1.578208e+07,5.869600e+01,6.176654e+06,3.518478e+01,,,1.397889e+00,4
2018-04-23 05:09:55.000000,2.386488e+07,1.572578e+07,5.858600e+01,6.173321e+06,3.518576e+01,,,1.397442e+00,4
2018-04-23 05:09:56.000000,2.386496e+07,1.566947e+07,5.847600e+01,6.169987e+06,3.518674e+01,,,1.396994e+00,4
2018-04-23 05:09:57.000000,2.386491e+07,1.564763e+07,5.844100e+01,6.166654e+06,3.518772e+01,,,1.396546e+00,4
2018-04-23 05:09:58.000000,2.386486e+07,1.562580e+07,5.840600e+01,6.163321e+06,3.518870e+01,,,1.396098e+00,4
2018-04-23 05:09:59.000000,2.386480e+07,1.560397e+07,5.837100e+01,6.159988e+06,3.518967e+01,,,1.395650e+00,4
2018-04-23 05:10:00.000000,2.386475e+07,1.558213e+07,5.833600e+01,6.156654e+06,3.519065e+01,,,1.395203e+00,4
2018-04-23 05:10:01.000000,2.386470e+07,1.549825e+07,5.824000e+01,6.153321e+06,3.519163e+01,,,1.394755e+00,4
2018-04-23 05:10:02.000000,2.386464e+07,1.541436e+07,5.814400e+01,6.149988e+06,3.519261e+01,,,1.394307e+00,4
2018-04-23 05:10:03.000000,2.386459e+07,1.540977e+07,5.811200e+01,6.146654e+06,3.519359e+01,,,1.393859e+00,4
2018-04-23 05:10:04.000000,2.386454e+07,1.540517e+07,5.808000e+01,6.145063e+06,3.519456e+01,,,1.393411e+00,4
2018-04-23 05:10:05.000000,2.386448e+07,1.556145e+07,5.828600e+01,6.143473e+06,3.519555e+01,,,1.392964e+00,4
2018-04-23 05:10:06.000000,2.386443e+07,1.571773e+07,5.849200e+01,6.141881e+06,3.519652e+01,,,1.392718e+00,4
2018-04-23 05:10:07.000000,2.386438e+07,1.575106e+07,5.841400e+01,6.140291e+06,3.519750e+01,,,1.392472e+00,4
2018-04-23 05:10:08.000000,2.386432e+07,1.578438e+07,5.833600e+01,6.138700e+06,3.519848e+01,,,1.392225e+00,4
2018-04-23 05:10:09.000000,2.386427e+07,1.574014e+07,5.823700e+01,6.137109e+06,3.519946e+01,,,1.391979e+00,4
2018-04-23 05:10:10.000000,2.386422e+07,1.569590e+07,5.813800e+01,6.135518e+06,3.520044e+01,,,1.391733e+00,4
2018-04-23 05:10:11.000000,2.386417e+07,1.565166e+07,5.803900e+01,6.133927e+06,3.520142e+01,,,1.391487e+00,4
2018-04-23 05:10:12.000000,2.386411e+07,1.560741e+07,5.794000e+01,6.132336e+06,3.520239e+01,,,1.391241e+00,4
2018-04-23 05:10:13.000000,2.386406e+07,1.553272e+07,5.764400e+01,6.130745e+06,3.520337e+01,,,1.390995e+00,4
2018-04-23 05:10:14.000000,2.386401e+07,1.545803e+07,5.734800e+01,6.129154e+06,3.520435e+01,,,1.390748e+00,4
2018-04-23 05:10:15.000000,2.386395e+07,1.542011e+07,5.727200e+01,6.127185e+06,3.520533e+01,,,1.390502e+00,4
2018-04-23 05:10:16.000000,2.386390e+07,1.538219e+07,5.719600e+01,6.125215e+06,3.520631e+01,,,1.390256e+00,4
2018-04-23 05:10:17.000000,2.386385e+07,1.542355e+07,5.730600e+01,6.123245e+06,3.520728e+01,,,1.389387e+00,4
2018-04-23 05:10:18.000000,2.386379e+07,1.546492e+07,5.741600e+01,6.121275e+06,3.520826e+01,,,1.388519e+00,4
2018-04-23 05:10:19.000000,2.386374e+07,1.555226e+07,5.744600e+01,6.119306e+06,3.520924e+01,,,1.387650e+00,4
2018-04-23 05:10:20.000000,2.386369e+07,1.563959e+07,5.747600e+01,6.117336e+06,3.521022e+01,,,1.386781e+00,4
2018-04-23 05:10:21.000000,2.386364e+07,1.567349e+07,5.748300e+01,6.115367e+06,3.521120e+01,,,1.385913e+00,4
2018-04-23 05:10:22.000000,2.386358e+07,1.570739e+07,5.749000e+01,6.113397e+06,3.521217e+01,,,1.385044e+00,4
2018-04-23 05:10:23.000000,2.386353e+07,1.574129e+07,5.749700e+01,6.111427e+06,3.521315e+01,,,1.384175e+00,4
2018-04-23 05:10:24.000000,2.386348e+07,1.577519e+07,5.750400e+01,6.109458e+06,3.521413e+01,,,1.383306e+00,4
2018-04-23 05:10:25.000000,2.386342e+07,1.566372e+07,5.746600e+01,6.107488e+06,3.521511e+01,,,1.382438e+00,4
2018-04-23 05:10:26.000000,2.386337e+07,1.555226e+07,5.742800e+01,6.102336e+06,3.521609e+01,,,1.381569e+00,4
2018-04-23 05:10:27.000000,2.386332e+07,1.546722e+07,5.733400e+01,6.097185e+06,3.521707e+01,,,1.380700e+00,4
2018-04-23 05:10:28.000000,2.386326e+07,1.538219e+07,5.724000e+01,6.092033e+06,3.521804e+01,,,1.382984e+00,4
2018-04-23 05:10:29.000000,2.386312e+07,1.539827e+07,5.723400e+01,6.086882e+06,3.521902e+01,,,1.385268e+00,4
2018-04-23 05:10:30.000000,2.386297e+07,1.541436e+07,5.722800e+01,6.081730e+06,3.522000e+01,,,1.387552e+00,4
2018-04-23 05:10:31.000000,2.386283e+07,1.557064e+07,5.753800e+01,6.076579e+06,3.520957e+01,,,1.389836e+00,4
2018-04-23 05:10:32.000000,2.386268e+07,1.572692e+07,5.784800e+01,6.071427e+06,3.519913e+01,,,1.392120e+00,4
2018-04-23 05:10:33.000000,2.386253e+07,1.566430e+07,5.773400e+01,6.066276e+06,3.518870e+01,,,1.394404e+00,4
2018-04-23 05:10:34.000000,2.386239e+07,1.560167e+07,5.762000e+01,6.061125e+06,3.517826e+01,,,1.396688e+00,4
2018-04-23 05:10:35.000000,2.386224e+07,1.553904e+07,5.750600e+01,6.055973e+06,3.516783e+01,,,1.398972e+00,4
2018-04-23 05:10:36.000000,2.386209e+07,1.547641e+07,5.739200e+01,6.050821e+06,3.515739e+01,,,1.401256e+00,4
2018-04-23 05:10:37.000000,2.386194e+07,1.545286e+07,5.749000e+01,6.044988e+06,3.514696e+01,,,1.403540e+00,4
2018-04-23 05:10:38.000000,2.386180e+07,1.542930e+07,5.758800e+01,6.039155e+06,3.513652e+01,,,1.405824e+00,4
2018-04-23 05:10:39.000000,2.386165e+07,1.540574e+07,5.768600e+01,6.033321e+06,3.512609e+01,,,1.404764e+00,4
2018-04-23 05:10:40.000000,2.386151e+07,1.538219e+07,5.778400e+01,6.027488e+06,3.511565e+01,,,1.403705e+00,4
2018-04-23 05:10:41.000000,2.386136e+07,1.554651e+07,5.788200e+01,6.021654e+06,3.510522e+01,,,1.402645e+00,4
2018-04-23 05:10:42.000000,2.386121e+07,1.571084e+07,5.798000e+01,6.015821e+06,3.509478e+01,,,1.401585e+00,4
2018-04-23 05:10:43.000000,2.386107e+07,1.574876e+07,5.805600e+01,6.009988e+06,3.508435e+01,,,1.400526e+00,4
2018-04-23 05:10:44.000000,2.386092e+07,1.578668e+07,5.813200e+01,6.004154e+06,3.507391e+01,,,1.399466e+00,4
2018-04-23 05:10:45.000000,2.386077e+07,1.571773e+07,5.800800e+01,5.998321e+06,3.506348e+01,,,1.398407e+00,4
2018-04-23 05:10:46.000000,2.386063e+07,1.564878e+07,5.788400e+01,5.992488e+06,3.505304e+01,,,1.397347e+00,4
2018-04-23 05:10:47.000000,2.386048e+07,1.557984e+07,5.776000e+01,5.986654e+06,3.504261e+01,,,1.396287e+00,4
2018-04-23 05:10:48.000000,2.386033e+07,1.551089e+07,5.763600e+01,5.985821e+06,3.503217e+01,,,1.395228e+00,4
2018-04-23 05:10:49.000000,2.386019e+07,1.556087e+07,5.776700e+01,5.984988e+06,3.502174e+01,,,1.394168e+00,4
2018-04-23 05:10:50.000000,2.386004e+07,1.561086e+07,5.789800e+01,5.984154e+06,3.501131e+01,,,1.393035e+00,4
2018-04-23 05:10:51.000000,2.385989e+07,1.566085e+07,5.802900e+01,5.983321e+06,3.500087e+01,,,1.391903e+00,4
2018-04-23 05:10:52.000000,2.385975e+07,1.571084e+07,5.816000e+01,5.982488e+06,3.499044e+01,,,1.390770e+00,4
2018-04-23 05:10:53.000000,2.385960e+07,1.562982e+07,5.799000e+01,5.981654e+06,3.498000e+01,,,1.389637e+00,4
2018-04-23 05:10:54.000000,2.385945e+07,1.554881e+07,5.782000e+01,5.980821e+06,3.496957e+01,,,1.388504e+00,4
2018-04-23 05:10:55.000000,2.385931e+07,1.546780e+07,5.764000e+01,5.979988e+06,3.495913e+01,,,1.387371e+00,4
2018-04-23 05:10:56.000000,2.385916e+07,1.538678e+07,5.746000e+01,5.979154e+06,3.494870e+01,,,1.386238e+00,4
2018-04-23 05:10:57.000000,2.385901e+07,1.545803e+07,5.756800e+01,5.978321e+06,3.493826e+01,,,1.385106e+00,4
2018-04-23 05:10:58.000000,2.385887e+07,1.552927e+07,5.767600e+01,5.977488e+06,3.492783e+01,,,1.383973e+00,4
2018-04-23 05:10:59.000000,2.385872e+07,1.563270e+07,5.784600e+01,5.981503e+06,3.491739e+01,,,1.382840e+00,4
2018-04-23 05:11:00.000000,2.385857e+07,1.573612e+07,5.801600e+01,5.985518e+06,3.490696e+01,,,1.381707e+00,4
2018-04-23 05:11:01.000000,2.385843e+07,1.565568e+07,5.799400e+01,5.989533e+06,3.489652e+01,,,1.382088e+00,4
2018-04-23 05:11:02.000000,2.385828e+07,1.557524e+07,5.797200e+01,5.993548e+06,3.488609e+01,,,1.382469e+00,4
2018-04-23 05:11:03.000000,2.385808e+07,1.549480e+07,5.795000e+01,5.997563e+06,3.487565e+01,,,1.382850e+00,4
2018-04-23 05:11:04.000000,2.385788e+07,1.541436e+07,5.792800e+01,6.001579e+06,3.486522e+01,,,1.383231e+00,4
2018-04-23 05:11:05.000000,2.385768e+07,1.550055e+07,5.804900e+01,6.005594e+06,3.485478e+01,,,1.383612e+00,4
2018-04-23 05:11:06.000000,2.385748e+07,1.558673e+07,5.817000e+01,6.009609e+06,3.484435e+01,,,1.383993e+00,4
2018-04-23 05:11:07.000000,2.385728e+07,1.567291e+07,5.829100e+01,6.013624e+06,3.483391e+01,,,1.384374e+00,4
2018-04-23 05:11:08.000000,2.385707e+07,1.575910e+07,5.841200e+01,6.017639e+06,3.482348e+01,,,1.384755e+00,4
2018-04-23 05:11:09.000000,2.385687e+07,1.569590e+07,5.824600e+01,6.021654e+06,3.481305e+01,,,1.385136e+00,4
2018-04-23 05:11:10.000000,2.385667e+07,1.563270e+07,5.808000e+01,6.021200e+06,3.480261e+01,,,1.385517e+00,4
2018-04-23 05:11:11.000000,2.385647e+07,1.549250e+07,5.774600e+01,6.020745e+06,3.479218e+01,,,1.385898e+00,4
2018-04-23 05:11:12.000000,2.385627e+07,1.535231e+07,5.741200e+01,6.020291e+06,3.478174e+01,,,1.386646e+00,4
2018-04-23 05:11:13.000000,2.385607e+07,1.551548e+07,5.765600e+01,6.019836e+06,3.477131e+01,,,1.387393e+00,4
2018-04-23 05:11:14.000000,2.385587e+07,1.567866e+07,5.790000e+01,6.019381e+06,3.476087e+01,,,1.388141e+00,4
2018-04-23 05:11:15.000000,2.385567e+07,1.568441e+07,5.780800e+01,6.018927e+06,3.475043e+01,,,1.388888e+00,4
2018-04-23 05:11:16.000000,2.385547e+07,1.569015e+07,5.771600e+01,6.018473e+06,3.474000e+01,,,1.389636e+00,4
2018-04-23 05:11:17.000000,2.385527e+07,1.552008e+07,5.754600e+01,6.018018e+06,3.472956e+01,,,1.390384e+00,4
2018-04-23 05:11:18.000000,2.385506e+07,1.535001e+07,5.737600e+01,6.017563e+06,3.471913e+01,,,1.391131e+00,4
2018-04-23 05:11:19.000000,2.385486e+07,1.547986e+07,5.760000e+01,6.017109e+06,3.470869e+01,,,1.391879e+00,4
2018-04-23 05:11:20.000000,2.385466e+07,1.560971e+07,5.782400e+01,6.016654e+06,3.469826e+01,,,1.392626e+00,4
2018-04-23 05:11:21.000000,2.385446e+07,1.564763e+07,5.791300e+01,6.018245e+06,3.468783e+01,,,1.393374e+00,4
2018-04-23 05:11:22.000000,2.385426e+07,1.568555e+07,5.800200e+01,6.019836e+06,3.467739e+01,,,1.394121e+00,4
2018-04-23 05:11:23.000000,2.385406e+07,1.572348e+07,5.809100e+01,6.021427e+06,3.466696e+01,,,1.395435e+00,4
2018-04-23 05:11:24.000000,2.385386e+07,1.576140e+07,5.818000e+01,6.023018e+06,3.465652e+01,,,1.396749e+00,4
2018-04-23 05:11:25.000000,2.385366e+07,1.568096e+07,5.806400e+01,6.024609e+06,3.464609e+01,,,1.398063e+00,4
2018-04-23 05:11:26.000000,2.385346e+07,1.560052e+07,5.794800e+01,6.026200e+06,3.463565e+01,,,1.399377e+00,4
2018-04-23 05:11:27.000000,2.385325e+07,1.547641e+07,5.772200e+01,6.027791e+06,3.462522e+01,,,1.400691e+00,4
2018-04-23 05:11:28.000000,2.385305e+07,1.535231e+07,5.749600e+01,6.029381e+06,3.461478e+01,,,1.402006e+00,4
2018-04-23 05:11:29.000000,2.385285e+07,1.546377e+07,5.767000e+01,6.030973e+06,3.460435e+01,,,1.403320e+00,4
2018-04-23 05:11:30.000000,2.385265e+07,1.557524e+07,5.784400e+01,6.032563e+06,3.459391e+01,,,1.404634e+00,4
2018-04-23 05:11:31.000000,2.385245e+07,1.566028e+07,5.805800e+01,6.034154e+06,3.458348e+01,,,1.405948e+00,4
2018-04-23 05:11:32.000000,2.385225e+07,1.574531e+07,5.827200e+01,6.033018e+06,3.457304e+01,,,1.407262e+00,4
2018-04-23 05:11:33.000000,2.385205e+07,1.565338e+07,5.810300e+01,6.031881e+06,3.456261e+01,,,1.408576e+00,4
2018-04-23 05:11:34.000000,2.385185e+07,1.556145e+07,5.793400e+01,6.030745e+06,3.455217e+01,,,1.409121e+00,4
2018-04-23 05:11:35.000000,2.385193e+07,1.546952e+07,5.776500e+01,6.029609e+06,3.454174e+01,,,1.409666e+00,4
2018-04-23 05:11:36.000000,2.385201e+07,1.537759e+07,5.759600e+01,6.028473e+06,3.453130e+01,,,1.410212e+00,4
2018-04-23 05:11:37.000000,2.385209e+07,1.541896e+07,5.779200e+01,6.027336e+06,3.452087e+01,,,1.410757e+00,4
2018-04-23 05:11:38.000000,2.385217e+07,1.546033e+07,5.798800e+01,6.026200e+06,3.451043e+01,,,1.411302e+00,4
2018-04-23 05:11:39.000000,2.385225e+07,1.559248e+07,5.826800e+01,6.025063e+06,3.450000e+01,,,1.411848e+00,4
2018-04-23 05:11:40.000000,2.385233e+07,1.572463e+07,5.854800e+01,6.023927e+06,3.450374e+01,,,1.412393e+00,4
2018-04-23 05:11:41.000000,2.385241e+07,1.570624e+07,5.854200e+01,6.022791e+06,3.450748e+01,,,1.412939e+00,4
2018-04-23 05:11:42.000000,2.385249e+07,1.568785e+07,5.853600e+01,6.021654e+06,3.451122e+01,,,1.413484e+00,4
2018-04-23 05:11:43.000000,2.385257e+07,1.551778e+07,5.833800e+01,6.022412e+06,3.451496e+01,,,1.414029e+00,4
2018-04-23 05:11:44.000000,2.385265e+07,1.534771e+07,5.814000e+01,6.023169e+06,3.451870e+01,,,1.414575e+00,4
2018-04-23 05:11:45.000000,2.385273e+07,1.541034e+07,5.820600e+01,6.023927e+06,3.452243e+01,,,1.413656e+00,4
2018-04-23 05:11:46.000000,2.385281e+07,1.547297e+07,5.827200e+01,6.024685e+06,3.452617e+01,,,1.412738e+00,4
2018-04-23 05:11:47.000000,2.385289e+07,1.553560e+07,5.833800e+01,6.025442e+06,3.452991e+01,,,1.411819e+00,4
2018-04-23 05:11:48.000000,2.385297e+07,1.559822e+07,5.840400e+01,6.026200e+06,3.453365e+01,,,1.410901e+00,4
2018-04-23 05:11:49.000000,2.385305e+07,1.568671e+07,5.850000e+01,6.026958e+06,3.453739e+01,,,1.409983e+00,4
2018-04-23 05:11:50.000000,2.385313e+07,1.577519e+07,5.859600e+01,6.027715e+06,3.454113e+01,,,1.409064e+00,4
2018-04-23 05:11:51.000000,2.385321e+07,1.567981e+07,5.841000e+01,6.028473e+06,3.454487e+01,,,1.408146e+00,4
2018-04-23 05:11:52.000000,2.385329e+07,1.558443e+07,5.822400e+01,6.029230e+06,3.454861e+01,,,1.407227e+00,4
2018-04-23 05:11:53.000000,2.385337e+07,1.547756e+07,5.799400e+01,6.029988e+06,3.455235e+01,,,1.406309e+00,4
2018-04-23 05:11:54.000000,2.385345e+07,1.537069e+07,5.776400e+01,6.030746e+06,3.455609e+01,,,1.405390e+00,4
2018-04-23 05:11:55.000000,2.385353e+07,1.554306e+07,5.784400e+01,6.031503e+06,3.455983e+01,,,1.404472e+00,4
2018-04-23 05:11:56.000000,2.385361e+07,1.571543e+07,5.792400e+01,6.032261e+06,3.456356e+01,,,1.405534e+00,4
2018-04-23 05:11:57.000000,2.385369e+07,1.572175e+07,5.793400e+01,6.033018e+06,3.456730e+01,,,1.406596e+00,4
2018-04-23 05:11:58.000000,2.385377e+07,1.572807e+07,5.794400e+01,6.033776e+06,3.457104e+01,,,1.407658e+00,4
2018-04-23 05:11:59.000000,2.385385e+07,1.573439e+07,5.795400e+01,6.034533e+06,3.457478e+01,,,1.408720e+00,4
2018-04-23 05:12:00.000000,2.385393e+07,1.574071e+07,5.796400e+01,6.035291e+06,3.457852e+01,,,1.409782e+00,4
2018-04-23 05:12:01.000000,2.385401e+07,1.555111e+07,5.766200e+01,6.036048e+06,3.458226e+01,,,1.410844e+00,4
2018-04-23 05:12:02.000000,2.385409e+07,1.536150e+07,5.736000e+01,6.036806e+06,3.458600e+01,,,1.411906e+00,4
2018-04-23 05:12:03.000000,2.385417e+07,1.543390e+07,5.747200e+01,6.037563e+06,3.458974e+01,,,1.412968e+00,4
2018-04-23 05:12:04.000000,2.385425e+07,1.550629e+07,5.758400e+01,6.038321e+06,3.459348e+01,,,1.414030e+00,4
2018-04-23 05:12:05.000000,2.385433e+07,1.557524e+07,5.790800e+01,6.041579e+06,3.459722e+01,,,1.415093e+00,4
2018-04-23 05:12:06.000000,2.385441e+07,1.564419e+07,5.823200e+01,6.044836e+06,3.460096e+01,,,1.416155e+00,4
2018-04-23 05:12:07.000000,2.385452e+07,1.570049e+07,5.824000e+01,6.048094e+06,3.460469e+01,,,1.416351e+00,4
2018-04-23 05:12:08.000000,2.385464e+07,1.575680e+07,5.824800e+01,6.051352e+06,3.460844e+01,,,1.416548e+00,4
2018-04-23 05:12:09.000000,2.385475e+07,1.566372e+07,5.812000e+01,6.054609e+06,3.461217e+01,,,1.416745e+00,4
2018-04-23 05:12:10.000000,2.385487e+07,1.557064e+07,5.799200e+01,6.057867e+06,3.461591e+01,,,1.416942e+00,4
2018-04-23 05:12:11.000000,2.385499e+07,1.547756e+07,5.786400e+01,6.061124e+06,3.461965e+01,,,1.417138e+00,4
2018-04-23 05:12:12.000000,2.385510e+07,1.538448e+07,5.773600e+01,6.064382e+06,3.462339e+01,,,1.417335e+00,4
2018-04-23 05:12:13.000000,2.385522e+07,1.543964e+07,5.776200e+01,6.067639e+06,3.462713e+01,,,1.417532e+00,4
2018-04-23 05:12:14.000000,2.385533e+07,1.549480e+07,5.778800e+01,6.070897e+06,3.463087e+01,,,1.417729e+00,4
2018-04-23 05:12:15.000000,2.385545e+07,1.559937e+07,5.811600e+01,6.074154e+06,3.463461e+01,,,1.417925e+00,4
2018-04-23 05:12:16.000000,2.385556e+07,1.570394e+07,5.844400e+01,6.073397e+06,3.463835e+01,,,1.418122e+00,4
2018-04-23 05:12:17.000000,2.385568e+07,1.573152e+07,5.852800e+01,6.072639e+06,3.464209e+01,,,1.418319e+00,4
2018-04-23 05:12:18.000000,2.385579e+07,1.575910e+07,5.861200e+01,6.071882e+06,3.464582e+01,,,1.416287e+00,4
2018-04-23 05:12:19.000000,2.385591e+07,1.560971e+07,5.828400e+01,6.071124e+06,3.464957e+01,,,1.414255e+00,4
2018-04-23 05:12:20.000000,2.385602e+07,1.546033e+07,5.795600e+01,6.070367e+06,3.465331e+01,,,1.412224e+00,4
2018-04-23 05:12:21.000000,2.385614e+07,1.544654e+07,5.798600e+01,6.069609e+06,3.465704e+01,,,1.410192e+00,4
2018-04-23 05:12:22.000000,2.385626e+07,1.543275e+07,5.801600e+01,6.068852e+06,3.466078e+01,,,1.408160e+00,4
2018-04-23 05:12:23.000000,2.385637e+07,1.550916e+07,5.815600e+01,6.068094e+06,3.466452e+01,,,1.406129e+00,4
2018-04-23 05:12:24.000000,2.385649e+07,1.558558e+07,5.829600e+01,6.067336e+06,3.466826e+01,,,1.404097e+00,4
2018-04-23 05:12:25.000000,2.385660e+07,1.566200e+07,5.843600e+01,6.066579e+06,3.467200e+01,,,1.402065e+00,4
2018-04-23 05:12:26.000000,2.385672e+07,1.573842e+07,5.857600e+01,6.065821e+06,3.467574e+01,,,1.400034e+00,4
2018-04-23 05:12:27.000000,2.385683e+07,1.567866e+07,5.841200e+01,6.064458e+06,3.467948e+01,,,1.398002e+00,4
2018-04-23 05:12:28.000000,2.385695e+07,1.561891e+07,5.824800e+01,6.063094e+06,3.468322e+01,,,1.395970e+00,4
2018-04-23 05:12:29.000000,2.385706e+07,1.548905e+07,5.800400e+01,6.061730e+06,3.468696e+01,,,1.398304e+00,4
2018-04-23 05:12:30.000000,2.385718e+07,1.535920e+07,5.776000e+01,6.060367e+06,3.469070e+01,,,1.400639e+00,4
2018-04-23 05:12:31.000000,2.385730e+07,1.537069e+07,5.770800e+01,6.059003e+06,3.469444e+01,,,1.402973e+00,4
2018-04-23 05:12:32.000000,2.385741e+07,1.538219e+07,5.765600e+01,6.057640e+06,3.469817e+01,,,1.405307e+00,4
2018-04-23 05:12:33.000000,2.385753e+07,1.556949e+07,5.804600e+01,6.056276e+06,3.470191e+01,,,1.407642e+00,4
2018-04-23 05:12:34.000000,2.385764e+07,1.575680e+07,5.843600e+01,6.054912e+06,3.470565e+01,,,1.409976e+00,4
2018-04-23 05:12:35.000000,2.385776e+07,1.567349e+07,5.830400e+01,6.053548e+06,3.470939e+01,,,1.412310e+00,4
2018-04-23 05:12:36.000000,2.385787e+07,1.559018e+07,5.817200e+01,6.052185e+06,3.471313e+01,,,1.414645e+00,4
2018-04-23 05:12:37.000000,2.385799e+07,1.550687e+07,5.804000e+01,6.050821e+06,3.471687e+01,,,1.416979e+00,4
2018-04-23 05:12:38.000000,2.385811e+07,1.542355e+07,5.790800e+01,6.049382e+06,3.472061e+01,,,1.419313e+00,4
2018-04-23 05:12:39.000000,2.385822e+07,1.541953e+07,5.789500e+01,6.047942e+06,3.472435e+01,,,1.421648e+00,4
2018-04-23 05:12:40.000000,2.385834e+07,1.541551e+07,5.788200e+01,6.046503e+06,3.472809e+01,,,1.418834e+00,4
2018-04-23 05:12:41.000000,2.385833e+07,1.541149e+07,5.786900e+01,6.045063e+06,3.473183e+01,,,1.416021e+00,4
2018-04-23 05:12:42.000000,2.385832e+07,1.540747e+07,5.785600e+01,6.043624e+06,3.473557e+01,,,1.413207e+00,4
2018-04-23 05:12:43.000000,2.385831e+07,1.556834e+07,5.809000e+01,6.042185e+06,3.473930e+01,,,1.410394e+00,4
2018-04-23 05:12:44.000000,2.385830e+07,1.572922e+07,5.832400e+01,6.040746e+06,3.474304e+01,,,1.407580e+00,4
2018-04-23 05:12:45.000000,2.385829e+07,1.574991e+07,5.840000e+01,6.039306e+06,3.474678e+01,,,1.404767e+00,4
2018-04-23 05:12:46.000000,2.385828e+07,1.577059e+07,5.847600e+01,6.037867e+06,3.475052e+01,,,1.401953e+00,4
2018-04-23 05:12:47.000000,2.385828e+07,1.558903e+07,5.810400e+01,6.036427e+06,3.475426e+01,,,1.399140e+00,4
2018-04-23 05:12:48.000000,2.385827e+07,1.540747e+07,5.773200e+01,6.034988e+06,3.475800e+01,,,1.396326e+00,4
2018-04-23 05:12:49.000000,2.385826e+07,1.541551e+07,5.773800e+01,6.037488e+06,3.476174e+01,,,1.393513e+00,4
2018-04-23 05:12:50.000000,2.385825e+07,1.542355e+07,5.774400e+01,6.039988e+06,3.476548e+01,,,1.390699e+00,4
2018-04-23 05:12:51.000000,2.385824e+07,1.549940e+07,5.787800e+01,6.042488e+06,3.476922e+01,,,1.393467e+00,4
2018-04-23 05:12:52.000000,2.385823e+07,1.557524e+07,5.801200e+01,6.044988e+06,3.477296e+01,,,1.396234e+00,4
2018-04-23 05:12:53.000000,2.385822e+07,1.565108e+07,5.814600e+01,6.047488e+06,3.477670e+01,,,1.399002e+00,4
2018-04-23 05:12:54.000000,2.385822e+07,1.572692e+07,5.828000e+01,6.049988e+06,3.478043e+01,,,1.401769e+00,4
2018-04-23 05:12:55.000000,2.385821e+07,1.565166e+07,5.812500e+01,6.052488e+06,3.478418e+01,,,1.404536e+00,4
2018-04-23 05:12:56.000000,2.385820e+07,1.557639e+07,5.797000e+01,6.054988e+06,3.478791e+01,,,1.407304e+00,4
2018-04-23 05:12:57.000000,2.385819e+07,1.550112e+07,5.781500e+01,6.057488e+06,3.479165e+01,,,1.410071e+00,4
2018-04-23 05:12:58.000000,2.385818e+07,1.542585e+07,5.766000e+01,6.059988e+06,3.479539e+01,,,1.412838e+00,4
2018-04-23 05:12:59.000000,2.385817e+07,1.538908e+07,5.773000e+01,6.062488e+06,3.479913e+01,,,1.415606e+00,4
2018-04-23 05:13:00.000000,2.385816e+07,1.535231e+07,5.780000e+01,6.063169e+06,3.480287e+01,,,1.418373e+00,4
2018-04-23 05:13:01.000000,2.385816e+07,1.537472e+07,5.784700e+01,6.063852e+06,3.480661e+01,,,1.421141e+00,4
2018-04-23 05:13:02.000000,2.385815e+07,1.539713e+07,5.789400e+01,6.064533e+06,3.481035e+01,,,1.418654e+00,4
2018-04-23 05:13:03.000000,2.385814e+07,1.541953e+07,5.794100e+01,6.065215e+06,3.481409e+01,,,1.416167e+00,4
2018-04-23 05:13:04.000000,2.385813e+07,1.544194e+07,5.798800e+01,6.065897e+06,3.481783e+01,,,1.413680e+00,4
2018-04-23 05:13:05.000000,2.385812e+07,1.552008e+07,5.808000e+01,6.066579e+06,3.482156e+01,,,1.411193e+00,4
2018-04-23 05:13:06.000000,2.385811e+07,1.559822e+07,5.817200e+01,6.067261e+06,3.482531e+01,,,1.408706e+00,4
2018-04-23 05:13:07.000000,2.385811e+07,1.553847e+07,5.804000e+01,6.067942e+06,3.482904e+01,,,1.406220e+00,4
2018-04-23 05:13:08.000000,2.385810e+07,1.547871e+07,5.790800e+01,6.068624e+06,3.483278e+01,,,1.403733e+00,4
2018-04-23 05:13:09.000000,2.385809e+07,1.541896e+07,5.777600e+01,6.069306e+06,3.483652e+01,,,1.401246e+00,4
2018-04-23 05:13:10.000000,2.385808e+07,1.535920e+07,5.764400e+01,6.069988e+06,3.484026e+01,,,1.398759e+00,4
2018-04-23 05:13:11.000000,2.385807e+07,1.538448e+07,5.763000e+01,6.066654e+06,3.484400e+01,,,1.396272e+00,4
2018-04-23 05:13:12.000000,2.385806e+07,1.540977e+07,5.761600e+01,6.063321e+06,3.484774e+01,,,1.393785e+00,4
2018-04-23 05:13:13.000000,2.385806e+07,1.552008e+07,5.776800e+01,6.059988e+06,3.485148e+01,,,1.393911e+00,4
2018-04-23 05:13:14.000000,2.385805e+07,1.563040e+07,5.792000e+01,6.056654e+06,3.485522e+01,,,1.394037e+00,4
2018-04-23 05:13:15.000000,2.385812e+07,1.566660e+07,5.799300e+01,6.053321e+06,3.485896e+01,,,1.394163e+00,4
2018-04-23 05:13:16.000000,2.385819e+07,1.570279e+07,5.806600e+01,6.049988e+06,3.486270e+01,,,1.394288e+00,4
2018-04-23 05:13:17.000000,2.385827e+07,1.573899e+07,5.813900e+01,6.046655e+06,3.486644e+01,,,1.394414e+00,4
2018-04-23 05:13:18.000000,2.385834e+07,1.577519e+07,5.821200e+01,6.043321e+06,3.487017e+01,,,1.394540e+00,4
2018-04-23 05:13:19.000000,2.385841e+07,1.571428e+07,5.815000e+01,6.039988e+06,3.487391e+01,,,1.394666e+00,4
2018-04-23 05:13:20.000000,2.385849e+07,1.565338e+07,5.808800e+01,6.036655e+06,3.487765e+01,,,1.394791e+00,4
2018-04-23 05:13:21.000000,2.385856e+07,1.551893e+07,5.791400e+01,6.033321e+06,3.488139e+01,,,1.394917e+00,4
2018-04-23 05:13:22.000000,2.385863e+07,1.538448e+07,5.774000e+01,6.031125e+06,3.488513e+01,,,1.395043e+00,4
2018-04-23 05:13:23.000000,2.385871e+07,1.548676e+07,5.786200e+01,6.028927e+06,3.488887e+01,,,1.395169e+00,4
2018-04-23 05:13:24.000000,2.385878e+07,1.558903e+07,5.798400e+01,6.026730e+06,3.489261e+01,,,1.394954e+00,4
2018-04-23 05:13:25.000000,2.385885e+07,1.567866e+07,5.811200e+01,6.024533e+06,3.489635e+01,,,1.394740e+00,4
2018-04-23 05:13:26.000000,2.385893e+07,1.576829e+07,5.824000e+01,6.022336e+06,3.490009e+01,,,1.394526e+00,4
2018-04-23 05:13:27.000000,2.385900e+07,1.566372e+07,5.792000e+01,6.020139e+06,3.490383e+01,,,1.394311e+00,4
2018-04-23 05:13:28.000000,2.385907e+07,1.555915e+07,5.760000e+01,6.017942e+06,3.490757e+01,,,1.394097e+00,4
2018-04-23 05:13:29.000000,2.385915e+07,1.546607e+07,5.752600e+01,6.015745e+06,3.491130e+01,,,1.393882e+00,4
2018-04-23 05:13:30.000000,2.385922e+07,1.537299e+07,5.745200e+01,6.013548e+06,3.491504e+01,,,1.393668e+00,4
2018-04-23 05:13:31.000000,2.385930e+07,1.545745e+07,5.763600e+01,6.011351e+06,3.491878e+01,,,1.393454e+00,4
2018-04-23 05:13:32.000000,2.385937e+07,1.554191e+07,5.782000e+01,6.009154e+06,3.492252e+01,,,1.393239e+00,4
2018-04-23 05:13:33.000000,2.385944e+07,1.562637e+07,5.800400e+01,6.013321e+06,3.492626e+01,,,1.393025e+00,4
2018-04-23 05:13:34.000000,2.385952e+07,1.571084e+07,5.818800e+01,6.017488e+06,3.493000e+01,,,1.392811e+00,4
2018-04-23 05:13:35.000000,2.385959e+07,1.570279e+07,5.807400e+01,6.021654e+06,3.493374e+01,,,1.393889e+00,4
2018-04-23 05:13:36.000000,2.385966e+07,1.569475e+07,5.796000e+01,6.025821e+06,3.493748e+01,,,1.394968e+00,4
2018-04-23 05:13:37.000000,2.385974e+07,1.561086e+07,5.781600e+01,6.029988e+06,3.494122e+01,,,1.396047e+00,4
2018-04-23 05:13:38.000000,2.385981e+07,1.552698e+07,5.767200e+01,6.034154e+06,3.494496e+01,,,1.397125e+00,4
2018-04-23 05:13:39.000000,2.385988e+07,1.543964e+07,5.762600e+01,6.038321e+06,3.494870e+01,,,1.398204e+00,4
2018-04-23 05:13:40.000000,2.385996e+07,1.535231e+07,5.758000e+01,6.042488e+06,3.495243e+01,,,1.399282e+00,4
2018-04-23 05:13:41.000000,2.386003e+07,1.539138e+07,5.756200e+01,6.046654e+06,3.495617e+01,,,1.400361e+00,4
2018-04-23 05:13:42.000000,2.386010e+07,1.543045e+07,5.754400e+01,6.050821e+06,3.495992e+01,,,1.401440e+00,4
2018-04-23 05:13:43.000000,2.386018e+07,1.551606e+07,5.764400e+01,6.054988e+06,3.496365e+01,,,1.402518e+00,4
2018-04-23 05:13:44.000000,2.386025e+07,1.560167e+07,5.774400e+01,6.053700e+06,3.496739e+01,,,1.403597e+00,4
2018-04-23 05:13:45.000000,2.386032e+07,1.568728e+07,5.784400e+01,6.052412e+06,3.497113e+01,,,1.404676e+00,4
2018-04-23 05:13:46.000000,2.386040e+07,1.577289e+07,5.794400e+01,6.051124e+06,3.497487e+01,,,1.403455e+00,4
2018-04-23 05:13:47.000000,2.386039e+07,1.566257e+07,5.781400e+01,6.049836e+06,3.497861e+01,,,1.402234e+00,4
2018-04-23 05:13:48.000000,2.386039e+07,1.555226e+07,5.768400e+01,6.048548e+06,3.498235e+01,,,1.401014e+00,4
2018-04-23 05:13:49.000000,2.386039e+07,1.544769e+07,5.763400e+01,6.047261e+06,3.498609e+01,,,1.399793e+00,4
2018-04-23 05:13:50.000000,2.386039e+07,1.534312e+07,5.758400e+01,6.045973e+06,3.498983e+01,,,1.398572e+00,4
2018-04-23 05:13:51.000000,2.386039e+07,1.545803e+07,5.785800e+01,6.044685e+06,3.499356e+01,,,1.397351e+00,4
2018-04-23 05:13:52.000000,2.386038e+07,1.557294e+07,5.813200e+01,6.043397e+06,3.499730e+01,,,1.396131e+00,4
2018-04-23 05:13:53.000000,2.386038e+07,1.564189e+07,5.839000e+01,6.042109e+06,3.500105e+01,,,1.394910e+00,4
2018-04-23 05:13:54.000000,2.386038e+07,1.571084e+07,5.864800e+01,6.040821e+06,3.500478e+01,,,1.393689e+00,4
2018-04-23 05:13:55.000000,2.386038e+07,1.564706e+07,5.850800e+01,6.042867e+06,3.500852e+01,,,1.392469e+00,4
2018-04-23 05:13:56.000000,2.386037e+07,1.558328e+07,5.836800e+01,6.044912e+06,3.501226e+01,,,1.391248e+00,4
2018-04-23 05:13:57.000000,2.386037e+07,1.551951e+07,5.822800e+01,6.046958e+06,3.501600e+01,,,1.391374e+00,4
2018-04-23 05:13:58.000000,2.386037e+07,1.545573e+07,5.808800e+01,6.049003e+06,3.501974e+01,,,1.391500e+00,4
2018-04-23 05:13:59.000000,2.386037e+07,1.544424e+07,5.811400e+01,6.051048e+06,3.502348e+01,,,1.391626e+00,4
2018-04-23 05:14:00.000000,2.386037e+07,1.543275e+07,5.814000e+01,6.053094e+06,3.502722e+01,,,1.391752e+00,4
2018-04-23 05:14:01.000000,2.386036e+07,1.558903e+07,5.838800e+01,6.055140e+06,3.503096e+01,,,1.391878e+00,4
2018-04-23 05:14:02.000000,2.386036e+07,1.574531e+07,5.863600e+01,6.057185e+06,3.503469e+01,,,1.392004e+00,4
2018-04-23 05:14:03.000000,2.386036e+07,1.568211e+07,5.851200e+01,6.059230e+06,3.503844e+01,,,1.392130e+00,4
2018-04-23 05:14:04.000000,2.386036e+07,1.561891e+07,5.838800e+01,6.061276e+06,3.504218e+01,,,1.392257e+00,4
2018-04-23 05:14:05.000000,2.386035e+07,1.550974e+07,5.810400e+01,6.063321e+06,3.504591e+01,,,1.392383e+00,4
2018-04-23 05:14:06.000000,2.386035e+07,1.540057e+07,5.782000e+01,6.067185e+06,3.504965e+01,,,1.392509e+00,4
2018-04-23 05:14:07.000000,2.386035e+07,1.552008e+07,5.807200e+01,6.071048e+06,3.505339e+01,,,1.392635e+00,4
2018-04-23 05:14:08.000000,2.386035e+07,1.563959e+07,5.832400e+01,6.074912e+06,3.505713e+01,,,1.391671e+00,4
2018-04-23 05:14:09.000000,2.386035e+07,1.571313e+07,5.844200e+01,6.078776e+06,3.506087e+01,,,1.390707e+00,4
2018-04-23 05:14:10.000000,2.386034e+07,1.578668e+07,5.856000e+01,6.082640e+06,3.506461e+01,,,1.389743e+00,4
2018-04-23 05:14:11.000000,2.386034e+07,1.562925e+07,5.828400e+01,6.086503e+06,3.506835e+01,,,1.388779e+00,4
2018-04-23 05:14:12.000000,2.386034e+07,1.547182e+07,5.800800e+01,6.090367e+06,3.507209e+01,,,1.387815e+00,4
2018-04-23 05:14:13.000000,2.386034e+07,1.545401e+07,5.797700e+01,6.094230e+06,3.507582e+01,,,1.386852e+00,4
2018-04-23 05:14:14.000000,2.386033e+07,1.543619e+07,5.794600e+01,6.098094e+06,3.507957e+01,,,1.385888e+00,4
2018-04-23 05:14:15.000000,2.386033e+07,1.541838e+07,5.791500e+01,6.101958e+06,3.508331e+01,,,1.384924e+00,4
2018-04-23 05:14:16.000000,2.386033e+07,1.540057e+07,5.788400e+01,6.105821e+06,3.508704e+01,,,1.383960e+00,4
2018-04-23 05:14:17.000000,2.386033e+07,1.546263e+07,5.790200e+01,6.107942e+06,3.509078e+01,,,1.382996e+00,4
2018-04-23 05:14:18.000000,2.386032e+07,1.552468e+07,5.792000e+01,6.110063e+06,3.509452e+01,,,1.382032e+00,4
2018-04-23 05:14:19.000000,2.386036e+07,1.565453e+07,5.814800e+01,6.112185e+06,3.509826e+01,,,1.383369e+00,4
2018-04-23 05:14:20.000000,2.386040e+07,1.578438e+07,5.837600e+01,6.114306e+06,3.510200e+01,,,1.384706e+00,4
2018-04-23 05:14:21.000000,2.386044e+07,1.570279e+07,5.830200e+01,6.116427e+06,3.510574e+01,,,1.386043e+00,4
2018-04-23 05:14:22.000000,2.386047e+07,1.562120e+07,5.822800e+01,6.118548e+06,3.510948e+01,,,1.387379e+00,4
2018-04-23 05:14:23.000000,2.386051e+07,1.551089e+07,5.796400e+01,6.120669e+06,3.511322e+01,,,1.388716e+00,4
2018-04-23 05:14:24.000000,2.386055e+07,1.540057e+07,5.770000e+01,6.122791e+06,3.511696e+01,,,1.390053e+00,4
2018-04-23 05:14:25.000000,2.386059e+07,1.548503e+07,5.786600e+01,6.124912e+06,3.512070e+01,,,1.391389e+00,4
2018-04-23 05:14:26.000000,2.386062e+07,1.556949e+07,5.803200e+01,6.127033e+06,3.512444e+01,,,1.392726e+00,4
2018-04-23 05:14:27.000000,2.386066e+07,1.565396e+07,5.819800e+01,6.129154e+06,3.512817e+01,,,1.394063e+00,4
2018-04-23 05:14:28.000000,2.386070e+07,1.573842e+07,5.836400e+01,6.129609e+06,3.513191e+01,,,1.395400e+00,4
2018-04-23 05:14:29.000000,2.386073e+07,1.571658e+07,5.836200e+01,6.130063e+06,3.513565e+01,,,1.396736e+00,4
2018-04-23 05:14:30.000000,2.386077e+07,1.569475e+07,5.836000e+01,6.130518e+06,3.513939e+01,,,1.395883e+00,4
2018-04-23 05:14:31.000000,2.386081e+07,1.567292e+07,5.835800e+01,6.130973e+06,3.514313e+01,,,1.395030e+00,4
2018-04-23 05:14:32.000000,2.386084e+07,1.565108e+07,5.835600e+01,6.131427e+06,3.514687e+01,,,1.394177e+00,4
2018-04-23 05:14:33.000000,2.386088e+07,1.554191e+07,5.808000e+01,6.131881e+06,3.515061e+01,,,1.393324e+00,4
2018-04-23 05:14:34.000000,2.386092e+07,1.543275e+07,5.780400e+01,6.132336e+06,3.515435e+01,,,1.392472e+00,4
2018-04-23 05:14:35.000000,2.386096e+07,1.540977e+07,5.781400e+01,6.132791e+06,3.515809e+01,,,1.391619e+00,4
2018-04-23 05:14:36.000000,2.386099e+07,1.538678e+07,5.782400e+01,6.133245e+06,3.516183e+01,,,1.390766e+00,4
2018-04-23 05:14:37.000000,2.386103e+07,1.553732e+07,5.814800e+01,6.133700e+06,3.516557e+01,,,1.389913e+00,4
2018-04-23 05:14:38.000000,2.386107e+07,1.568785e+07,5.847200e+01,6.134154e+06,3.516930e+01,,,1.389060e+00,4
2018-04-23 05:14:39.000000,2.386111e+07,1.571313e+07,5.851000e+01,6.137109e+06,3.517304e+01,,,1.388207e+00,4
2018-04-23 05:14:40.000000,2.386114e+07,1.573842e+07,5.854800e+01,6.140063e+06,3.517678e+01,,,1.387354e+00,4
2018-04-23 05:14:41.000000,2.386118e+07,1.556834e+07,5.823800e+01,6.143018e+06,3.518052e+01,,,1.387424e+00,4
2018-04-23 05:14:42.000000,2.386122e+07,1.539827e+07,5.792800e+01,6.145973e+06,3.518426e+01,,,1.387495e+00,4
2018-04-23 05:14:43.000000,2.386125e+07,1.539195e+07,5.789800e+01,6.148927e+06,3.518800e+01,,,1.387566e+00,4
2018-04-23 05:14:44.000000,2.386129e+07,1.538563e+07,5.786800e+01,6.151881e+06,3.519174e+01,,,1.387636e+00,4
2018-04-23 05:14:45.000000,2.386133e+07,1.537931e+07,5.783800e+01,6.154836e+06,3.519548e+01,,,1.387707e+00,4
2018-04-23 05:14:46.000000,2.386137e+07,1.537299e+07,5.780800e+01,6.157791e+06,3.519922e+01,,,1.387777e+00,4
2018-04-23 05:14:47.000000,2.386140e+07,1.543849e+07,5.795600e+01,6.160745e+06,3.520296e+01,,,1.387848e+00,4
2018-04-23 05:14:48.000000,2.386144e+07,1.550399e+07,5.810400e+01,6.163700e+06,3.520670e+01,,,1.387919e+00,4
2018-04-23 05:14:49.000000,2.386148e+07,1.562005e+07,5.836800e+01,6.166654e+06,3.521043e+01,,,1.387989e+00,4
2018-04-23 05:14:50.000000,2.386151e+07,1.573612e+07,5.863200e+01,6.163094e+06,3.521418e+01,,,1.388060e+00,4
2018-04-23 05:14:51.000000,2.386155e+07,1.576255e+07,5.877600e+01,6.159533e+06,3.521791e+01,,,1.388130e+00,4
2018-04-23 05:14:52.000000,2.386159e+07,1.578898e+07,5.892000e+01,6.155973e+06,3.522165e+01,,,1.389545e+00,4
2018-04-23 05:14:53.000000,2.386160e+07,1.573956e+07,5.878000e+01,6.152412e+06,3.522539e+01,,,1.390959e+00,4
2018-04-23 05:14:54.000000,2.386161e+07,1.569015e+07,5.864000e+01,6.148852e+06,3.522913e+01,,,1.392373e+00,4
2018-04-23 05:14:55.000000,2.386161e+07,1.563844e+07,5.859400e+01,6.145291e+06,3.523287e+01,,,1.393787e+00,4
2018-04-23 05:14:56.000000,2.386162e+07,1.558673e+07,5.854800e+01,6.141730e+06,3.523661e+01,,,1.395202e+00,4
2018-04-23 05:14:57.000000,2.386163e+07,1.553502e+07,5.850200e+01,6.138169e+06,3.524035e+01,,,1.396616e+00,4
2018-04-23 05:14:58.000000,2.386164e+07,1.548331e+07,5.845600e+01,6.134609e+06,3.524409e+01,,,1.398030e+00,4
2018-04-23 05:14:59.000000,2.386165e+07,1.543505e+07,5.826200e+01,6.131048e+06,3.524783e+01,,,1.399445e+00,4
2018-04-23 05:15:00.000000,2.386166e+07,1.538678e+07,5.806800e+01,6.127488e+06,3.525156e+01,,,1.400859e+00,4
2018-04-23 05:15:01.000000,2.386167e+07,1.546837e+07,5.819000e+01,6.127488e+06,3.525531e+01,,,1.402273e+00,4
2018-04-23 05:15:02.000000,2.386168e+07,1.554996e+07,5.831200e+01,6.127488e+06,3.525904e+01,,,1.403687e+00,4
2018-04-23 05:15:03.000000,2.386169e+07,1.566602e+07,5.850000e+01,6.127488e+06,3.526278e+01,,,1.403008e+00,4
2018-04-23 05:15:04.000000,2.386169e+07,1.578208e+07,5.868800e+01,6.127488e+06,3.526652e+01,,,1.402329e+00,4
2018-04-23 05:15:05.000000,2.386170e+07,1.575795e+07,5.849200e+01,6.127488e+06,3.527026e+01,,,1.401649e+00,4
2018-04-23 05:15:06.000000,2.386171e+07,1.573382e+07,5.829600e+01,6.127488e+06,3.527400e+01,,,1.400970e+00,4
2018-04-23 05:15:07.000000,2.386172e+07,1.565510e+07,5.818800e+01,6.127488e+06,3.527774e+01,,,1.400290e+00,4
2018-04-23 05:15:08.000000,2.386173e+07,1.557639e+07,5.808000e+01,6.127488e+06,3.528148e+01,,,1.399611e+00,4
2018-04-23 05:15:09.000000,2.386174e+07,1.549767e+07,5.797200e+01,6.127488e+06,3.528522e+01,,,1.398932e+00,4
2018-04-23 05:15:10.000000,2.386174e+07,1.541896e+07,5.786400e+01,6.127488e+06,3.528896e+01,,,1.398252e+00,4
2018-04-23 05:15:11.000000,2.386175e+07,1.543734e+07,5.793600e+01,6.127488e+06,3.529270e+01,,,1.397573e+00,4
2018-04-23 05:15:12.000000,2.386176e+07,1.545573e+07,5.800800e+01,6.123018e+06,3.529644e+01,,,1.396893e+00,4
2018-04-23 05:15:13.000000,2.386177e+07,1.561201e+07,5.828000e+01,6.118548e+06,3.530017e+01,,,1.396214e+00,4
2018-04-23 05:15:14.000000,2.386178e+07,1.576829e+07,5.855200e+01,6.114079e+06,3.530391e+01,,,1.396319e+00,4
2018-04-23 05:15:15.000000,2.386179e+07,1.574646e+07,5.851200e+01,6.109609e+06,3.530765e+01,,,1.396425e+00,4
2018-04-23 05:15:16.000000,2.386180e+07,1.572463e+07,5.847200e+01,6.105139e+06,3.531139e+01,,,1.396530e+00,4
2018-04-23 05:15:17.000000,2.386181e+07,1.555570e+07,5.823400e+01,6.100670e+06,3.531513e+01,,,1.396635e+00,4
2018-04-23 05:15:18.000000,2.386181e+07,1.538678e+07,5.799600e+01,6.096200e+06,3.531887e+01,,,1.396740e+00,4
2018-04-23 05:15:19.000000,2.386182e+07,1.540057e+07,5.798800e+01,6.091730e+06,3.532261e+01,,,1.396846e+00,4
2018-04-23 05:15:20.000000,2.386183e+07,1.541436e+07,5.798000e+01,6.087261e+06,3.532635e+01,,,1.396951e+00,4
2018-04-23 05:15:21.000000,2.386184e+07,1.542815e+07,5.797200e+01,6.082791e+06,3.533009e+01,,,1.397056e+00,4
2018-04-23 05:15:22.000000,2.386185e+07,1.544194e+07,5.796400e+01,6.078321e+06,3.533383e+01,,,1.397162e+00,4
2018-04-23 05:15:23.000000,2.386186e+07,1.559937e+07,5.816800e+01,6.078927e+06,3.533757e+01,,,1.397267e+00,4
2018-04-23 05:15:24.000000,2.386187e+07,1.575680e+07,5.837200e+01,6.079533e+06,3.534130e+01,,,1.397372e+00,4
2018-04-23 05:15:25.000000,2.386173e+07,1.572233e+07,5.840800e+01,6.080140e+06,3.534504e+01,,,1.400157e+00,4
2018-04-23 05:15:26.000000,2.386159e+07,1.568785e+07,5.844400e+01,6.080746e+06,3.534878e+01,,,1.402941e+00,4
2018-04-23 05:15:27.000000,2.386146e+07,1.553847e+07,5.813200e+01,6.081352e+06,3.535252e+01,,,1.405725e+00,4
2018-04-23 05:15:28.000000,2.386132e+07,1.538908e+07,5.782000e+01,6.081958e+06,3.535626e+01,,,1.408510e+00,4
2018-04-23 05:15:29.000000,2.386118e+07,1.551434e+07,5.811600e+01,6.082563e+06,3.536000e+01,,,1.411294e+00,4
2018-04-23 05:15:30.000000,2.386105e+07,1.563959e+07,5.841200e+01,6.083169e+06,3.535514e+01,,,1.414078e+00,4
2018-04-23 05:15:31.000000,2.386091e+07,1.569245e+07,5.834800e+01,6.083776e+06,3.535029e+01,,,1.416862e+00,4
2018-04-23 05:15:32.000000,2.386078e+07,1.574531e+07,5.828400e+01,6.084382e+06,3.534544e+01,,,1.419647e+00,4
2018-04-23 05:15:33.000000,2.386064e+07,1.556375e+07,5.795800e+01,6.084988e+06,3.534058e+01,,,1.422431e+00,4
2018-04-23 05:15:34.000000,2.386050e+07,1.538219e+07,5.763200e+01,6.087185e+06,3.533572e+01,,,1.425215e+00,4
2018-04-23 05:15:35.000000,2.386037e+07,1.552927e+07,5.774600e+01,6.089382e+06,3.533087e+01,,,1.427999e+00,4
2018-04-23 05:15:36.000000,2.386023e+07,1.567636e+07,5.786000e+01,6.091579e+06,3.532602e+01,,,1.425092e+00,4
2018-04-23 05:15:37.000000,2.386009e+07,1.566142e+07,5.784000e+01,6.093775e+06,3.532116e+01,,,1.422184e+00,4
2018-04-23 05:15:38.000000,2.385996e+07,1.564648e+07,5.782000e+01,6.095973e+06,3.531630e+01,,,1.419276e+00,4
2018-04-23 05:15:39.000000,2.385982e+07,1.551548e+07,5.760800e+01,6.098169e+06,3.531145e+01,,,1.416368e+00,4
2018-04-23 05:15:40.000000,2.385968e+07,1.538448e+07,5.739600e+01,6.100367e+06,3.530659e+01,,,1.413460e+00,4
2018-04-23 05:15:41.000000,2.385955e+07,1.542528e+07,5.750700e+01,6.102563e+06,3.530174e+01,,,1.410552e+00,4
2018-04-23 05:15:42.000000,2.385941e+07,1.546607e+07,5.761800e+01,6.104760e+06,3.529688e+01,,,1.407644e+00,4
2018-04-23 05:15:43.000000,2.385928e+07,1.550687e+07,5.772900e+01,6.106958e+06,3.529203e+01,,,1.404736e+00,4
2018-04-23 05:15:44.000000,2.385914e+07,1.554766e+07,5.784000e+01,6.109154e+06,3.528717e+01,,,1.401828e+00,4
2018-04-23 05:15:45.000000,2.385900e+07,1.567062e+07,5.811800e+01,6.108094e+06,3.528232e+01,,,1.398920e+00,4
2018-04-23 05:15:46.000000,2.385887e+07,1.579357e+07,5.839600e+01,6.107033e+06,3.527747e+01,,,1.396013e+00,4
2018-04-23 05:15:47.000000,2.385873e+07,1.568556e+07,5.824800e+01,6.105973e+06,3.527261e+01,,,1.395579e+00,4
2018-04-23 05:15:48.000000,2.385859e+07,1.557754e+07,5.810000e+01,6.104912e+06,3.526775e+01,,,1.395145e+00,4
2018-04-23 05:15:49.000000,2.385846e+07,1.547182e+07,5.783000e+01,6.103852e+06,3.526290e+01,,,1.394712e+00,4
2018-04-23 05:15:50.000000,2.385832e+07,1.536610e+07,5.756000e+01,6.102791e+06,3.525805e+01,,,1.394278e+00,4
2018-04-23 05:15:51.000000,2.385818e+07,1.543217e+07,5.770800e+01,6.101730e+06,3.525319e+01,,,1.393844e+00,4
2018-04-23 05:15:52.000000,2.385805e+07,1.549825e+07,5.785600e+01,6.100669e+06,3.524833e+01,,,1.393411e+00,4
2018-04-23 05:15:53.000000,2.385791e+07,1.556432e+07,5.800400e+01,6.099609e+06,3.524348e+01,,,1.392977e+00,4
2018-04-23 05:15:54.000000,2.385778e+07,1.563040e+07,5.815200e+01,6.098548e+06,3.523862e+01,,,1.392543e+00,4
2018-04-23 05:15:55.000000,2.385764e+07,1.570049e+07,5.822800e+01,6.097488e+06,3.523377e+01,,,1.392110e+00,4
2018-04-23 05:15:56.000000,2.385750e+07,1.577059e+07,5.830400e+01,6.095367e+06,3.522891e+01,,,1.391676e+00,4
2018-04-23 05:15:57.000000,2.385755e+07,1.567292e+07,5.810400e+01,6.093245e+06,3.522406e+01,,,1.391242e+00,4
2018-04-23 05:15:58.000000,2.385760e+07,1.557524e+07,5.790400e+01,6.091124e+06,3.521920e+01,,,1.392883e+00,4
2018-04-23 05:15:59.000000,2.385765e+07,1.547527e+07,5.778200e+01,6.089003e+06,3.521435e+01,,,1.394525e+00,4
2018-04-23 05:16:00.000000,2.385770e+07,1.537529e+07,5.766000e+01,6.086882e+06,3.520949e+01,,,1.396166e+00,4
2018-04-23 05:16:01.000000,2.385775e+07,1.548676e+07,5.787400e+01,6.084760e+06,3.520464e+01,,,1.397807e+00,4
2018-04-23 05:16:02.000000,2.385780e+07,1.559822e+07,5.808800e+01,6.082639e+06,3.519978e+01,,,1.399448e+00,4
2018-04-23 05:16:03.000000,2.385785e+07,1.564476e+07,5.811100e+01,6.080518e+06,3.519493e+01,,,1.401090e+00,4
2018-04-23 05:16:04.000000,2.385790e+07,1.569130e+07,5.813400e+01,6.078397e+06,3.519007e+01,,,1.402731e+00,4
2018-04-23 05:16:05.000000,2.385795e+07,1.573784e+07,5.815700e+01,6.076275e+06,3.518522e+01,,,1.404372e+00,4
2018-04-23 05:16:06.000000,2.385800e+07,1.578438e+07,5.818000e+01,6.074154e+06,3.518036e+01,,,1.406013e+00,4
2018-04-23 05:16:07.000000,2.385805e+07,1.563155e+07,5.789000e+01,6.076579e+06,3.517551e+01,,,1.407654e+00,4
2018-04-23 05:16:08.000000,2.385810e+07,1.547871e+07,5.760000e+01,6.079003e+06,3.517065e+01,,,1.409296e+00,4
2018-04-23 05:16:09.000000,2.385815e+07,1.546033e+07,5.749000e+01,6.081427e+06,3.516580e+01,,,1.408937e+00,4
2018-04-23 05:16:10.000000,2.385820e+07,1.544194e+07,5.738000e+01,6.083852e+06,3.516094e+01,,,1.408578e+00,4
2018-04-23 05:16:11.000000,2.385826e+07,1.557409e+07,5.765400e+01,6.086276e+06,3.515609e+01,,,1.408220e+00,4
2018-04-23 05:16:12.000000,2.385830e+07,1.570624e+07,5.792800e+01,6.088700e+06,3.515123e+01,,,1.407861e+00,4
2018-04-23 05:16:13.000000,2.385835e+07,1.571658e+07,5.799600e+01,6.091124e+06,3.514638e+01,,,1.407502e+00,4
2018-04-23 05:16:14.000000,2.385840e+07,1.572692e+07,5.806400e+01,6.093548e+06,3.514152e+01,,,1.407143e+00,4
2018-04-23 05:16:15.000000,2.385845e+07,1.555111e+07,5.768800e+01,6.095973e+06,3.513667e+01,,,1.406785e+00,4
2018-04-23 05:16:16.000000,2.385851e+07,1.537529e+07,5.731200e+01,6.098397e+06,3.513181e+01,,,1.406426e+00,4
2018-04-23 05:16:17.000000,2.385856e+07,1.543734e+07,5.746000e+01,6.100821e+06,3.512696e+01,,,1.406067e+00,4
2018-04-23 05:16:18.000000,2.385861e+07,1.549940e+07,5.760800e+01,6.099382e+06,3.512210e+01,,,1.405709e+00,4
2018-04-23 05:16:19.000000,2.385865e+07,1.556145e+07,5.775600e+01,6.097942e+06,3.511724e+01,,,1.405350e+00,4
2018-04-23 05:16:20.000000,2.385871e+07,1.562350e+07,5.790400e+01,6.096503e+06,3.511239e+01,,,1.406136e+00,4
2018-04-23 05:16:21.000000,2.385876e+07,1.571084e+07,5.807800e+01,6.095063e+06,3.510754e+01,,,1.406922e+00,4
2018-04-23 05:16:22.000000,2.385881e+07,1.579817e+07,5.825200e+01,6.093624e+06,3.510268e+01,,,1.407708e+00,4
2018-04-23 05:16:23.000000,2.385886e+07,1.573152e+07,5.807000e+01,6.092185e+06,3.509782e+01,,,1.408494e+00,4
2018-04-23 05:16:24.000000,2.385891e+07,1.566487e+07,5.788800e+01,6.090746e+06,3.509297e+01,,,1.409279e+00,4
2018-04-23 05:16:25.000000,2.385896e+07,1.552008e+07,5.776200e+01,6.089306e+06,3.508812e+01,,,1.410065e+00,4
2018-04-23 05:16:26.000000,2.385901e+07,1.537529e+07,5.763600e+01,6.087867e+06,3.508326e+01,,,1.410851e+00,4
2018-04-23 05:16:27.000000,2.385906e+07,1.542585e+07,5.767800e+01,6.086427e+06,3.507841e+01,,,1.411637e+00,4
2018-04-23 05:16:28.000000,2.385911e+07,1.547641e+07,5.772000e+01,6.084988e+06,3.507355e+01,,,1.412423e+00,4
2018-04-23 05:16:29.000000,2.385910e+07,1.554421e+07,5.778100e+01,6.080442e+06,3.506870e+01,,,1.413209e+00,4
2018-04-23 05:16:30.000000,2.385910e+07,1.561201e+07,5.784200e+01,6.075897e+06,3.506384e+01,,,1.413995e+00,4
2018-04-23 05:16:31.000000,2.385909e+07,1.567981e+07,5.790300e+01,6.071352e+06,3.505899e+01,,,1.412998e+00,4
2018-04-23 05:16:32.000000,2.385908e+07,1.574761e+07,5.796400e+01,6.066806e+06,3.505413e+01,,,1.412001e+00,4
2018-04-23 05:16:33.000000,2.385908e+07,1.573037e+07,5.794400e+01,6.062261e+06,3.504927e+01,,,1.411004e+00,4
2018-04-23 05:16:34.000000,2.385907e+07,1.571313e+07,5.792400e+01,6.057715e+06,3.504442e+01,,,1.410007e+00,4
2018-04-23 05:16:35.000000,2.385907e+07,1.554996e+07,5.774000e+01,6.053169e+06,3.503957e+01,,,1.409010e+00,4
2018-04-23 05:16:36.000000,2.385906e+07,1.538678e+07,5.755600e+01,6.048624e+06,3.503471e+01,,,1.408014e+00,4
2018-04-23 05:16:37.000000,2.385906e+07,1.547297e+07,5.774000e+01,6.044079e+06,3.502985e+01,,,1.407017e+00,4
2018-04-23 05:16:38.000000,2.385905e+07,1.555915e+07,5.792400e+01,6.039533e+06,3.502500e+01,,,1.406020e+00,4
2018-04-23 05:16:39.000000,2.385905e+07,1.568211e+07,5.803600e+01,6.034988e+06,3.502015e+01,,,1.405023e+00,4
2018-04-23 05:16:40.000000,2.385904e+07,1.580506e+07,5.814800e+01,6.032867e+06,3.501529e+01,,,1.404026e+00,4
2018-04-23 05:16:41.000000,2.385903e+07,1.577576e+07,5.806300e+01,6.030745e+06,3.501043e+01,,,1.403029e+00,4
2018-04-23 05:16:42.000000,2.385903e+07,1.574646e+07,5.797800e+01,6.028624e+06,3.500558e+01,,,1.404113e+00,4
2018-04-23 05:16:43.000000,2.385902e+07,1.571716e+07,5.789300e+01,6.026503e+06,3.500072e+01,,,1.405196e+00,4
2018-04-23 05:16:44.000000,2.385902e+07,1.568785e+07,5.780800e+01,6.024382e+06,3.499587e+01,,,1.406280e+00,4
2018-04-23 05:16:45.000000,2.385901e+07,1.553732e+07,5.762400e+01,6.022260e+06,3.499101e+01,,,1.407363e+00,4
2018-04-23 05:16:46.000000,2.385901e+07,1.538678e+07,5.744000e+01,6.020139e+06,3.498616e+01,,,1.408447e+00,4
2018-04-23 05:16:47.000000,2.385900e+07,1.544079e+07,5.757200e+01,6.018018e+06,3.498130e+01,,,1.409530e+00,4
2018-04-23 05:16:48.000000,2.385900e+07,1.549480e+07,5.770400e+01,6.015897e+06,3.497645e+01,,,1.410614e+00,4
2018-04-23 05:16:49.000000,2.385899e+07,1.564648e+07,5.806800e+01,6.013775e+06,3.497159e+01,,,1.411697e+00,4
2018-04-23 05:16:50.000000,2.385898e+07,1.579817e+07,5.843200e+01,6.011654e+06,3.496674e+01,,,1.412780e+00,4
2018-04-23 05:16:51.000000,2.385898e+07,1.568670e+07,5.830200e+01,6.012942e+06,3.496188e+01,,,1.413864e+00,4
2018-04-23 05:16:52.000000,2.385897e+07,1.557524e+07,5.817200e+01,6.014230e+06,3.495703e+01,,,1.414948e+00,4
2018-04-23 05:16:53.000000,2.385897e+07,1.552583e+07,5.806900e+01,6.015518e+06,3.495218e+01,,,1.414982e+00,4
2018-04-23 05:16:54.000000,2.385896e+07,1.547641e+07,5.796600e+01,6.016806e+06,3.494732e+01,,,1.415016e+00,4
2018-04-23 05:16:55.000000,2.385896e+07,1.542700e+07,5.786300e+01,6.018094e+06,3.494246e+01,,,1.415050e+00,4
2018-04-23 05:16:56.000000,2.385895e+07,1.537759e+07,5.776000e+01,6.019382e+06,3.493761e+01,,,1.415085e+00,4
2018-04-23 05:16:57.000000,2.385894e+07,1.549825e+07,5.797200e+01,6.020669e+06,3.493275e+01,,,1.415119e+00,4
2018-04-23 05:16:58.000000,2.385894e+07,1.561891e+07,5.818400e+01,6.021958e+06,3.492790e+01,,,1.415153e+00,4
2018-04-23 05:16:59.000000,2.385893e+07,1.570854e+07,5.835600e+01,6.023246e+06,3.492304e+01,,,1.415188e+00,4
2018-04-23 05:17:00.000000,2.385893e+07,1.579817e+07,5.852800e+01,6.024533e+06,3.491819e+01,,,1.415222e+00,4
2018-04-23 05:17:01.000000,2.385880e+07,1.572233e+07,5.832400e+01,6.025821e+06,3.491333e+01,,,1.415256e+00,4
2018-04-23 05:17:02.000000,2.385867e+07,1.564648e+07,5.812000e+01,6.025063e+06,3.490848e+01,,,1.415291e+00,4
2018-04-23 05:17:03.000000,2.385853e+07,1.550055e+07,5.783800e+01,6.024306e+06,3.490362e+01,,,1.415325e+00,4
2018-04-23 05:17:04.000000,2.385840e+07,1.535461e+07,5.755600e+01,6.023548e+06,3.489877e+01,,,1.414771e+00,4
2018-04-23 05:17:05.000000,2.385827e+07,1.540000e+07,5.761400e+01,6.022791e+06,3.489391e+01,,,1.414217e+00,4
2018-04-23 05:17:06.000000,2.385814e+07,1.544539e+07,5.767200e+01,6.022033e+06,3.488906e+01,,,1.413663e+00,4
2018-04-23 05:17:07.000000,2.385801e+07,1.549078e+07,5.773000e+01,6.021276e+06,3.488420e+01,,,1.413109e+00,4
2018-04-23 05:17:08.000000,2.385788e+07,1.553617e+07,5.778800e+01,6.020518e+06,3.487935e+01,,,1.412555e+00,4
2018-04-23 05:17:09.000000,2.385775e+07,1.563040e+07,5.813600e+01,6.019761e+06,3.487449e+01,,,1.412001e+00,4
2018-04-23 05:17:10.000000,2.385762e+07,1.572463e+07,5.848400e+01,6.019003e+06,3.486964e+01,,,1.411447e+00,4
2018-04-23 05:17:11.000000,2.385748e+07,1.570164e+07,5.853600e+01,6.018246e+06,3.486478e+01,,,1.410893e+00,4
2018-04-23 05:17:12.000000,2.385735e+07,1.567866e+07,5.858800e+01,6.017488e+06,3.485993e+01,,,1.410339e+00,4
2018-04-23 05:17:13.000000,2.385722e+07,1.552123e+07,5.824400e+01,6.024685e+06,3.485507e+01,,,1.409786e+00,4
2018-04-23 05:17:14.000000,2.385709e+07,1.536380e+07,5.790000e+01,6.031882e+06,3.485022e+01,,,1.409232e+00,4
2018-04-23 05:17:15.000000,2.385696e+07,1.543505e+07,5.791400e+01,6.039079e+06,3.484536e+01,,,1.407775e+00,4
2018-04-23 05:17:16.000000,2.385683e+07,1.550629e+07,5.792800e+01,6.046275e+06,3.484051e+01,,,1.406319e+00,4
2018-04-23 05:17:17.000000,2.385670e+07,1.552066e+07,5.797900e+01,6.053473e+06,3.483565e+01,,,1.404863e+00,4
2018-04-23 05:17:18.000000,2.385657e+07,1.553502e+07,5.803000e+01,6.060669e+06,3.483080e+01,,,1.403407e+00,4
2018-04-23 05:17:19.000000,2.385643e+07,1.554938e+07,5.808100e+01,6.067867e+06,3.482594e+01,,,1.401951e+00,4
2018-04-23 05:17:20.000000,2.385630e+07,1.556375e+07,5.813200e+01,6.075063e+06,3.482109e+01,,,1.400495e+00,4
2018-04-23 05:17:21.000000,2.385617e+07,1.551663e+07,5.809100e+01,6.082260e+06,3.481623e+01,,,1.399038e+00,4
2018-04-23 05:17:22.000000,2.385604e+07,1.546952e+07,5.805000e+01,6.089458e+06,3.481137e+01,,,1.397582e+00,4
2018-04-23 05:17:23.000000,2.385591e+07,1.542241e+07,5.800900e+01,6.096654e+06,3.480652e+01,,,1.396126e+00,4
2018-04-23 05:17:24.000000,2.385578e+07,1.537529e+07,5.796800e+01,6.095139e+06,3.480167e+01,,,1.394670e+00,4
2018-04-23 05:17:25.000000,2.385565e+07,1.553272e+07,5.827000e+01,6.093624e+06,3.479681e+01,,,1.393214e+00,4
2018-04-23 05:17:26.000000,2.385552e+07,1.569015e+07,5.857200e+01,6.092109e+06,3.479195e+01,,,1.395515e+00,4
2018-04-23 05:17:27.000000,2.385538e+07,1.569705e+07,5.852000e+01,6.090594e+06,3.478710e+01,,,1.397817e+00,4
2018-04-23 05:17:28.000000,2.385525e+07,1.570394e+07,5.846800e+01,6.089079e+06,3.478225e+01,,,1.400118e+00,4
2018-04-23 05:17:29.000000,2.385512e+07,1.555226e+07,5.814600e+01,6.087563e+06,3.477739e+01,,,1.402420e+00,4
2018-04-23 05:17:30.000000,2.385499e+07,1.540057e+07,5.782400e+01,6.086048e+06,3.477253e+01,,,1.404722e+00,4
2018-04-23 05:17:31.000000,2.385486e+07,1.538563e+07,5.779400e+01,6.084533e+06,3.476768e+01,,,1.407023e+00,4
2018-04-23 05:17:32.000000,2.385473e+07,1.537069e+07,5.776400e+01,6.083018e+06,3.476283e+01,,,1.409325e+00,4
2018-04-23 05:17:33.000000,2.385460e+07,1.550514e+07,5.797800e+01,6.081503e+06,3.475797e+01,,,1.411626e+00,4
2018-04-23 05:17:34.000000,2.385447e+07,1.563959e+07,5.819200e+01,6.079988e+06,3.475312e+01,,,1.413928e+00,4
2018-04-23 05:17:35.000000,2.385464e+07,1.567177e+07,5.824800e+01,6.082109e+06,3.474826e+01,,,1.416230e+00,4
2018-04-23 05:17:36.000000,2.385482e+07,1.570394e+07,5.830400e+01,6.084230e+06,3.474340e+01,,,1.418531e+00,4
2018-04-23 05:17:37.000000,2.385500e+07,1.562350e+07,5.815600e+01,6.086352e+06,3.473855e+01,,,1.418353e+00,4
2018-04-23 05:17:38.000000,2.385518e+07,1.554306e+07,5.800800e+01,6.088473e+06,3.473370e+01,,,1.418175e+00,4
2018-04-23 05:17:39.000000,2.385535e+07,1.546263e+07,5.786000e+01,6.090594e+06,3.472884e+01,,,1.417997e+00,4
2018-04-23 05:17:40.000000,2.385553e+07,1.538219e+07,5.771200e+01,6.092715e+06,3.472398e+01,,,1.417819e+00,4
2018-04-23 05:17:41.000000,2.385571e+07,1.545688e+07,5.782100e+01,6.094836e+06,3.471913e+01,,,1.417641e+00,4
2018-04-23 05:17:42.000000,2.385589e+07,1.553157e+07,5.793000e+01,6.096958e+06,3.471428e+01,,,1.417464e+00,4
2018-04-23 05:17:43.000000,2.385606e+07,1.560627e+07,5.803900e+01,6.099079e+06,3.470942e+01,,,1.417286e+00,4
2018-04-23 05:17:44.000000,2.385624e+07,1.568096e+07,5.814800e+01,6.101200e+06,3.470456e+01,,,1.417108e+00,4
2018-04-23 05:17:45.000000,2.385642e+07,1.572233e+07,5.818400e+01,6.103321e+06,3.469971e+01,,,1.416930e+00,4
2018-04-23 05:17:46.000000,2.385660e+07,1.576370e+07,5.822000e+01,6.100442e+06,3.469485e+01,,,1.416752e+00,4
2018-04-23 05:17:47.000000,2.385677e+07,1.559248e+07,5.793200e+01,6.097563e+06,3.469000e+01,,,1.416574e+00,4
2018-04-23 05:17:48.000000,2.385695e+07,1.542126e+07,5.764400e+01,6.094685e+06,3.469304e+01,,,1.412958e+00,4
2018-04-23 05:17:49.000000,2.385713e+07,1.540919e+07,5.766700e+01,6.091806e+06,3.469609e+01,,,1.409342e+00,4
2018-04-23 05:17:50.000000,2.385731e+07,1.539713e+07,5.769000e+01,6.088927e+06,3.469913e+01,,,1.405726e+00,4
2018-04-23 05:17:51.000000,2.385748e+07,1.538506e+07,5.771300e+01,6.086048e+06,3.470217e+01,,,1.402110e+00,4
2018-04-23 05:17:52.000000,2.385766e+07,1.537299e+07,5.773600e+01,6.083169e+06,3.470522e+01,,,1.398494e+00,4
2018-04-23 05:17:53.000000,2.385784e+07,1.542011e+07,5.781800e+01,6.080291e+06,3.470826e+01,,,1.394878e+00,4
2018-04-23 05:17:54.000000,2.385802e+07,1.546722e+07,5.790000e+01,6.077412e+06,3.471130e+01,,,1.391262e+00,4
2018-04-23 05:17:55.000000,2.385819e+07,1.560971e+07,5.817800e+01,6.074533e+06,3.471435e+01,,,1.387646e+00,4
2018-04-23 05:17:56.000000,2.385837e+07,1.575220e+07,5.845600e+01,6.071654e+06,3.471739e+01,,,1.384030e+00,4
2018-04-23 05:17:57.000000,2.385855e+07,1.571543e+07,5.837600e+01,6.066579e+06,3.472043e+01,,,1.380415e+00,4
2018-04-23 05:17:58.000000,2.385873e+07,1.567866e+07,5.829600e+01,6.061503e+06,3.472348e+01,,,1.376799e+00,4
2018-04-23 05:17:59.000000,2.385891e+07,1.553962e+07,5.808600e+01,6.056427e+06,3.472652e+01,,,1.376943e+00,4
2018-04-23 05:18:00.000000,2.385908e+07,1.540057e+07,5.787600e+01,6.051352e+06,3.472956e+01,,,1.377088e+00,4
2018-04-23 05:18:01.000000,2.385926e+07,1.546148e+07,5.796000e+01,6.046276e+06,3.473261e+01,,,1.377233e+00,4
2018-04-23 05:18:02.000000,2.385944e+07,1.552238e+07,5.804400e+01,6.041200e+06,3.473565e+01,,,1.377377e+00,4
2018-04-23 05:18:03.000000,2.385961e+07,1.565912e+07,5.839600e+01,6.036124e+06,3.473870e+01,,,1.377522e+00,4
2018-04-23 05:18:04.000000,2.385979e+07,1.579587e+07,5.874800e+01,6.031048e+06,3.474174e+01,,,1.377667e+00,4
2018-04-23 05:18:05.000000,2.385997e+07,1.572520e+07,5.865900e+01,6.025973e+06,3.474478e+01,,,1.377811e+00,4
2018-04-23 05:18:06.000000,2.386015e+07,1.565453e+07,5.857000e+01,6.020897e+06,3.474783e+01,,,1.377956e+00,4
2018-04-23 05:18:07.000000,2.386014e+07,1.558386e+07,5.848100e+01,6.015821e+06,3.475087e+01,,,1.378101e+00,4
2018-04-23 05:18:08.000000,2.386014e+07,1.551319e+07,5.839200e+01,6.014609e+06,3.475391e+01,,,1.378245e+00,4
2018-04-23 05:18:09.000000,2.386013e+07,1.545343e+07,5.821800e+01,6.013397e+06,3.475696e+01,,,1.378390e+00,4
2018-04-23 05:18:10.000000,2.386012e+07,1.539368e+07,5.804400e+01,6.012185e+06,3.476000e+01,,,1.379552e+00,4
2018-04-23 05:18:11.000000,2.386012e+07,1.550284e+07,5.827800e+01,6.010973e+06,3.476304e+01,,,1.380714e+00,4
2018-04-23 05:18:12.000000,2.386011e+07,1.561201e+07,5.851200e+01,6.009761e+06,3.476609e+01,,,1.381876e+00,4
2018-04-23 05:18:13.000000,2.386011e+07,1.570509e+07,5.866200e+01,6.008548e+06,3.476913e+01,,,1.383039e+00,4
2018-04-23 05:18:14.000000,2.386010e+07,1.579817e+07,5.881200e+01,6.007336e+06,3.477217e+01,,,1.384201e+00,4
2018-04-23 05:18:15.000000,2.386010e+07,1.565568e+07,5.855400e+01,6.006124e+06,3.477522e+01,,,1.385363e+00,4
2018-04-23 05:18:16.000000,2.386009e+07,1.551319e+07,5.829600e+01,6.004912e+06,3.477826e+01,,,1.386525e+00,4
2018-04-23 05:18:17.000000,2.386009e+07,1.548331e+07,5.821700e+01,6.003700e+06,3.478130e+01,,,1.387687e+00,4
2018-04-23 05:18:18.000000,2.386008e+07,1.545343e+07,5.813800e+01,6.002488e+06,3.478435e+01,,,1.388849e+00,4
2018-04-23 05:18:19.000000,2.386007e+07,1.542355e+07,5.805900e+01,5.999533e+06,3.478739e+01,,,1.390011e+00,4
2018-04-23 05:18:20.000000,2.386007e+07,1.539368e+07,5.798000e+01,5.996579e+06,3.479044e+01,,,1.391174e+00,4
2018-04-23 05:18:21.000000,2.386006e+07,1.550169e+07,5.812600e+01,5.993624e+06,3.479348e+01,,,1.390300e+00,4
2018-04-23 05:18:22.000000,2.386006e+07,1.560971e+07,5.827200e+01,5.990669e+06,3.479652e+01,,,1.389427e+00,4
2018-04-23 05:18:23.000000,2.386005e+07,1.570164e+07,5.835400e+01,5.987715e+06,3.479957e+01,,,1.388554e+00,4
2018-04-23 05:18:24.000000,2.386005e+07,1.579357e+07,5.843600e+01,5.984761e+06,3.480261e+01,,,1.387680e+00,4
2018-04-23 05:18:25.000000,2.386004e+07,1.574991e+07,5.842400e+01,5.981806e+06,3.480565e+01,,,1.386807e+00,4
2018-04-23 05:18:26.000000,2.386004e+07,1.570624e+07,5.841200e+01,5.978852e+06,3.480870e+01,,,1.385934e+00,4
2018-04-23 05:18:27.000000,2.386003e+07,1.555111e+07,5.824000e+01,5.975897e+06,3.481174e+01,,,1.385060e+00,4
2018-04-23 05:18:28.000000,2.386003e+07,1.539597e+07,5.806800e+01,5.972942e+06,3.481479e+01,,,1.384187e+00,4
2018-04-23 05:18:29.000000,2.386002e+07,1.542240e+07,5.815700e+01,5.969988e+06,3.481783e+01,,,1.383314e+00,4
2018-04-23 05:18:30.000000,2.386001e+07,1.544883e+07,5.824600e+01,5.975821e+06,3.482087e+01,,,1.382440e+00,4
2018-04-23 05:18:31.000000,2.386001e+07,1.547527e+07,5.833500e+01,5.981654e+06,3.482391e+01,,,1.381567e+00,4
2018-04-23 05:18:32.000000,2.386000e+07,1.550170e+07,5.842400e+01,5.987488e+06,3.482696e+01,,,1.382128e+00,4
2018-04-23 05:18:33.000000,2.386000e+07,1.563844e+07,5.862400e+01,5.993321e+06,3.483000e+01,,,1.382689e+00,4
2018-04-23 05:18:34.000000,2.385999e+07,1.577519e+07,5.882400e+01,5.999154e+06,3.483073e+01,,,1.383250e+00,4
2018-04-23 05:18:35.000000,2.385999e+07,1.575795e+07,5.878000e+01,6.004988e+06,3.483145e+01,,,1.383811e+00,4
2018-04-23 05:18:36.000000,2.385998e+07,1.574071e+07,5.873600e+01,6.010821e+06,3.483218e+01,,,1.384372e+00,4
2018-04-23 05:18:37.000000,2.385997e+07,1.556260e+07,5.840400e+01,6.016654e+06,3.483290e+01,,,1.384933e+00,4
2018-04-23 05:18:38.000000,2.385997e+07,1.538448e+07,5.807200e+01,6.022488e+06,3.483363e+01,,,1.385494e+00,4
2018-04-23 05:18:39.000000,2.385990e+07,1.541666e+07,5.801800e+01,6.028321e+06,3.483435e+01,,,1.386055e+00,4
2018-04-23 05:18:40.000000,2.385984e+07,1.544884e+07,5.796400e+01,6.034154e+06,3.483508e+01,,,1.386616e+00,4
2018-04-23 05:18:41.000000,2.385977e+07,1.560971e+07,5.817600e+01,6.034381e+06,3.483580e+01,,,1.387177e+00,4
2018-04-23 05:18:42.000000,2.385971e+07,1.577059e+07,5.838800e+01,6.034609e+06,3.483652e+01,,,1.387738e+00,4
2018-04-23 05:18:43.000000,2.385964e+07,1.574761e+07,5.833000e+01,6.034836e+06,3.483725e+01,,,1.386583e+00,4
2018-04-23 05:18:44.000000,2.385958e+07,1.572463e+07,5.827200e+01,6.035063e+06,3.483797e+01,,,1.385428e+00,4
2018-04-23 05:18:45.000000,2.385952e+07,1.555341e+07,5.789400e+01,6.035291e+06,3.483870e+01,,,1.384273e+00,4
2018-04-23 05:18:46.000000,2.385945e+07,1.538219e+07,5.751600e+01,6.035518e+06,3.483942e+01,,,1.383118e+00,4
2018-04-23 05:18:47.000000,2.385938e+07,1.540057e+07,5.757900e+01,6.035745e+06,3.484015e+01,,,1.381963e+00,4
2018-04-23 05:18:48.000000,2.385932e+07,1.541896e+07,5.764200e+01,6.035973e+06,3.484087e+01,,,1.380807e+00,4
2018-04-23 05:18:49.000000,2.385926e+07,1.543734e+07,5.770500e+01,6.036200e+06,3.484159e+01,,,1.379652e+00,4
2018-04-23 05:18:50.000000,2.385919e+07,1.545573e+07,5.776800e+01,6.036427e+06,3.484232e+01,,,1.378497e+00,4
2018-04-23 05:18:51.000000,2.385912e+07,1.561546e+07,5.798000e+01,6.036654e+06,3.484304e+01,,,1.377342e+00,4
2018-04-23 05:18:52.000000,2.385906e+07,1.577519e+07,5.819200e+01,6.038700e+06,3.484377e+01,,,1.376187e+00,4
2018-04-23 05:18:53.000000,2.385900e+07,1.569360e+07,5.806600e+01,6.040745e+06,3.484449e+01,,,1.375032e+00,4
2018-04-23 05:18:54.000000,2.385893e+07,1.561201e+07,5.794000e+01,6.042791e+06,3.484522e+01,,,1.375678e+00,4
2018-04-23 05:18:55.000000,2.385887e+07,1.548676e+07,5.776600e+01,6.044836e+06,3.484594e+01,,,1.376323e+00,4
2018-04-23 05:18:56.000000,2.385880e+07,1.536150e+07,5.759200e+01,6.046881e+06,3.484667e+01,,,1.376969e+00,4
2018-04-23 05:18:57.000000,2.385874e+07,1.539597e+07,5.757600e+01,6.048927e+06,3.484739e+01,,,1.377615e+00,4
2018-04-23 05:18:58.000000,2.385867e+07,1.543045e+07,5.756000e+01,6.050973e+06,3.484812e+01,,,1.378260e+00,4
2018-04-23 05:18:59.000000,2.385861e+07,1.559362e+07,5.780000e+01,6.053018e+06,3.484884e+01,,,1.378906e+00,4
2018-04-23 05:19:00.000000,2.385854e+07,1.575680e+07,5.804000e+01,6.055063e+06,3.484957e+01,,,1.379551e+00,4
2018-04-23 05:19:01.000000,2.385848e+07,1.572233e+07,5.804400e+01,6.057109e+06,3.485029e+01,,,1.380197e+00,4
2018-04-23 05:19:02.000000,2.385841e+07,1.568785e+07,5.804800e+01,6.059154e+06,3.485102e+01,,,1.380843e+00,4
2018-04-23 05:19:03.000000,2.385835e+07,1.561431e+07,5.787300e+01,6.059003e+06,3.485174e+01,,,1.381488e+00,4
2018-04-23 05:19:04.000000,2.385828e+07,1.554077e+07,5.769800e+01,6.058851e+06,3.485247e+01,,,1.382134e+00,4
2018-04-23 05:19:05.000000,2.385822e+07,1.546722e+07,5.752300e+01,6.058700e+06,3.485319e+01,,,1.381927e+00,4
2018-04-23 05:19:06.000000,2.385815e+07,1.539368e+07,5.734800e+01,6.058548e+06,3.485392e+01,,,1.381720e+00,4
2018-04-23 05:19:07.000000,2.385809e+07,1.540402e+07,5.749200e+01,6.058397e+06,3.485464e+01,,,1.381514e+00,4
2018-04-23 05:19:08.000000,2.385802e+07,1.541436e+07,5.763600e+01,6.058245e+06,3.485536e+01,,,1.381307e+00,4
2018-04-23 05:19:09.000000,2.385796e+07,1.553732e+07,5.791400e+01,6.058094e+06,3.485609e+01,,,1.381100e+00,4
2018-04-23 05:19:10.000000,2.385789e+07,1.566027e+07,5.819200e+01,6.057942e+06,3.485681e+01,,,1.380893e+00,4
2018-04-23 05:19:11.000000,2.385783e+07,1.572348e+07,5.840200e+01,6.057791e+06,3.485754e+01,,,1.380686e+00,4
2018-04-23 05:19:12.000000,2.385776e+07,1.578668e+07,5.861200e+01,6.057639e+06,3.485826e+01,,,1.380480e+00,4
2018-04-23 05:19:13.000000,2.385777e+07,1.568785e+07,5.841200e+01,6.057488e+06,3.485899e+01,,,1.380273e+00,4
2018-04-23 05:19:14.000000,2.385779e+07,1.558903e+07,5.821200e+01,6.056579e+06,3.485971e+01,,,1.380066e+00,4
2018-04-23 05:19:15.000000,2.385780e+07,1.555341e+07,5.808300e+01,6.055669e+06,3.486044e+01,,,1.379859e+00,4
2018-04-23 05:19:16.000000,2.385781e+07,1.551778e+07,5.795400e+01,6.054761e+06,3.486116e+01,,,1.380855e+00,4
2018-04-23 05:19:17.000000,2.385782e+07,1.548216e+07,5.782500e+01,6.053852e+06,3.486189e+01,,,1.381851e+00,4
2018-04-23 05:19:18.000000,2.385783e+07,1.544654e+07,5.769600e+01,6.052942e+06,3.486261e+01,,,1.382846e+00,4
2018-04-23 05:19:19.000000,2.385784e+07,1.544079e+07,5.782000e+01,6.052033e+06,3.486333e+01,,,1.383842e+00,4
2018-04-23 05:19:20.000000,2.385785e+07,1.543505e+07,5.794400e+01,6.051124e+06,3.486406e+01,,,1.384837e+00,4
2018-04-23 05:19:21.000000,2.385786e+07,1.557639e+07,5.816800e+01,6.050215e+06,3.486478e+01,,,1.385833e+00,4
2018-04-23 05:19:22.000000,2.385788e+07,1.571773e+07,5.839200e+01,6.049306e+06,3.486551e+01,,,1.386828e+00,4
2018-04-23 05:19:23.000000,2.385789e+07,1.567981e+07,5.832500e+01,6.048397e+06,3.486623e+01,,,1.387824e+00,4
2018-04-23 05:19:24.000000,2.385790e+07,1.564189e+07,5.825800e+01,6.047488e+06,3.486696e+01,,,1.388820e+00,4
2018-04-23 05:19:25.000000,2.385791e+07,1.560397e+07,5.819100e+01,6.049306e+06,3.486768e+01,,,1.389815e+00,4
2018-04-23 05:19:26.000000,2.385792e+07,1.556605e+07,5.812400e+01,6.051124e+06,3.486841e+01,,,1.390811e+00,4
2018-04-23 05:19:27.000000,2.385793e+07,1.552180e+07,5.806200e+01,6.052942e+06,3.486913e+01,,,1.392648e+00,4
2018-04-23 05:19:28.000000,2.385794e+07,1.547756e+07,5.800000e+01,6.054761e+06,3.486986e+01,,,1.394485e+00,4
2018-04-23 05:19:29.000000,2.385795e+07,1.543332e+07,5.793800e+01,6.056579e+06,3.487058e+01,,,1.396322e+00,4
2018-04-23 05:19:30.000000,2.385797e+07,1.538908e+07,5.787600e+01,6.058397e+06,3.487131e+01,,,1.398159e+00,4
2018-04-23 05:19:31.000000,2.385798e+07,1.550399e+07,5.817600e+01,6.060215e+06,3.487203e+01,,,1.399996e+00,4
2018-04-23 05:19:32.000000,2.385799e+07,1.561891e+07,5.847600e+01,6.062033e+06,3.487275e+01,,,1.401833e+00,4
2018-04-23 05:19:33.000000,2.385800e+07,1.570164e+07,5.861200e+01,6.063852e+06,3.487348e+01,,,1.403670e+00,4
2018-04-23 05:19:34.000000,2.385801e+07,1.578438e+07,5.874800e+01,6.065669e+06,3.487420e+01,,,1.405507e+00,4
2018-04-23 05:19:35.000000,2.385802e+07,1.569820e+07,5.850800e+01,6.067488e+06,3.487493e+01,,,1.407344e+00,4
2018-04-23 05:19:36.000000,2.385803e+07,1.561201e+07,5.826800e+01,6.064003e+06,3.487565e+01,,,1.409182e+00,4
2018-04-23 05:19:37.000000,2.385804e+07,1.555800e+07,5.816600e+01,6.060518e+06,3.487638e+01,,,1.411019e+00,4
2018-04-23 05:19:38.000000,2.385805e+07,1.550399e+07,5.806400e+01,6.057033e+06,3.487710e+01,,,1.410429e+00,4
2018-04-23 05:19:39.000000,2.385806e+07,1.548446e+07,5.802200e+01,6.053548e+06,3.487783e+01,,,1.409839e+00,4
2018-04-23 05:19:40.000000,2.385808e+07,1.546492e+07,5.798000e+01,6.050063e+06,3.487855e+01,,,1.409249e+00,4
2018-04-23 05:19:41.000000,2.385809e+07,1.544539e+07,5.793800e+01,6.046579e+06,3.487928e+01,,,1.408659e+00,4
2018-04-23 05:19:42.000000,2.385810e+07,1.542585e+07,5.789600e+01,6.043094e+06,3.488000e+01,,,1.408069e+00,4
2018-04-23 05:19:43.000000,2.385811e+07,1.551663e+07,5.802200e+01,6.039609e+06,3.488071e+01,,,1.407479e+00,4
2018-04-23 05:19:44.000000,2.385812e+07,1.560741e+07,5.814800e+01,6.036124e+06,3.488142e+01,,,1.406889e+00,4
2018-04-23 05:19:45.000000,2.385815e+07,1.567981e+07,5.839200e+01,6.032639e+06,3.488214e+01,,,1.406299e+00,4
2018-04-23 05:19:46.000000,2.385818e+07,1.575220e+07,5.863600e+01,6.029154e+06,3.488285e+01,,,1.405709e+00,4
2018-04-23 05:19:47.000000,2.385821e+07,1.572348e+07,5.861400e+01,6.029154e+06,3.488356e+01,,,1.405119e+00,4
2018-04-23 05:19:48.000000,2.385824e+07,1.569475e+07,5.859200e+01,6.029154e+06,3.488427e+01,,,1.404529e+00,4
2018-04-23 05:19:49.000000,2.385827e+07,1.556260e+07,5.839800e+01,6.029154e+06,3.488498e+01,,,1.404696e+00,4
2018-04-23 05:19:50.000000,2.385830e+07,1.543045e+07,5.820400e+01,6.029154e+06,3.488569e+01,,,1.404863e+00,4
2018-04-23 05:19:51.000000,2.385833e+07,1.542528e+07,5.821100e+01,6.029154e+06,3.488641e+01,,,1.405029e+00,4
2018-04-23 05:19:52.000000,2.385836e+07,1.542011e+07,5.821800e+01,6.029154e+06,3.488712e+01,,,1.405196e+00,4
2018-04-23 05:19:53.000000,2.385839e+07,1.541494e+07,5.822500e+01,6.029154e+06,3.488783e+01,,,1.405363e+00,4
2018-04-23 05:19:54.000000,2.385842e+07,1.540977e+07,5.823200e+01,6.029154e+06,3.488854e+01,,,1.405530e+00,4
2018-04-23 05:19:55.000000,2.385845e+07,1.551434e+07,5.847600e+01,6.029154e+06,3.488925e+01,,,1.405696e+00,4
2018-04-23 05:19:56.000000,2.385848e+07,1.561891e+07,5.872000e+01,6.029154e+06,3.488996e+01,,,1.405863e+00,4
2018-04-23 05:19:57.000000,2.385851e+07,1.569360e+07,5.877000e+01,6.029154e+06,3.489067e+01,,,1.406030e+00,4
2018-04-23 05:19:58.000000,2.385854e+07,1.576829e+07,5.882000e+01,6.032715e+06,3.489138e+01,,,1.406196e+00,4
2018-04-23 05:19:59.000000,2.385857e+07,1.565798e+07,5.862200e+01,6.036275e+06,3.489210e+01,,,1.406363e+00,4
2018-04-23 05:20:00.000000,2.385860e+07,1.554766e+07,5.842400e+01,6.039836e+06,3.489281e+01,,,1.405749e+00,4
2018-04-23 05:20:01.000000,2.385863e+07,1.546722e+07,5.823400e+01,6.043397e+06,3.489352e+01,,,1.405134e+00,4
2018-04-23 05:20:02.000000,2.385866e+07,1.538678e+07,5.804400e+01,6.046958e+06,3.489423e+01,,,1.404520e+00,4
2018-04-23 05:20:03.000000,2.385869e+07,1.542241e+07,5.815400e+01,6.050518e+06,3.489494e+01,,,1.403906e+00,4
2018-04-23 05:20:04.000000,2.385872e+07,1.545803e+07,5.826400e+01,6.054079e+06,3.489565e+01,,,1.403291e+00,4
2018-04-23 05:20:05.000000,2.385875e+07,1.549365e+07,5.837400e+01,6.057639e+06,3.489637e+01,,,1.402677e+00,4
2018-04-23 05:20:06.000000,2.385878e+07,1.552927e+07,5.848400e+01,6.061200e+06,3.489708e+01,,,1.402063e+00,4
2018-04-23 05:20:07.000000,2.385881e+07,1.565912e+07,5.865800e+01,6.064761e+06,3.489779e+01,,,1.401448e+00,4
2018-04-23 05:20:08.000000,2.385884e+07,1.578898e+07,5.883200e+01,6.068321e+06,3.489850e+01,,,1.400834e+00,4
2018-04-23 05:20:09.000000,2.385887e+07,1.567062e+07,5.857000e+01,6.075215e+06,3.489921e+01,,,1.400220e+00,4
2018-04-23 05:20:10.000000,2.385890e+07,1.555226e+07,5.830800e+01,6.082109e+06,3.489992e+01,,,1.399605e+00,4
2018-04-23 05:20:11.000000,2.385892e+07,1.546377e+07,5.811200e+01,6.089003e+06,3.490063e+01,,,1.401244e+00,4
2018-04-23 05:20:12.000000,2.385896e+07,1.537529e+07,5.791600e+01,6.095897e+06,3.490134e+01,,,1.402883e+00,4
2018-04-23 05:20:13.000000,2.385898e+07,1.551778e+07,5.817400e+01,6.102791e+06,3.490206e+01,,,1.404522e+00,4
2018-04-23 05:20:14.000000,2.385901e+07,1.566027e+07,5.843200e+01,6.109685e+06,3.490277e+01,,,1.406161e+00,4
2018-04-23 05:20:15.000000,2.385904e+07,1.565338e+07,5.833800e+01,6.116579e+06,3.490348e+01,,,1.407800e+00,4
2018-04-23 05:20:16.000000,2.385907e+07,1.564648e+07,5.824400e+01,6.123473e+06,3.490419e+01,,,1.409439e+00,4
2018-04-23 05:20:17.000000,2.385910e+07,1.551089e+07,5.805200e+01,6.130367e+06,3.490490e+01,,,1.411078e+00,4
2018-04-23 05:20:18.000000,2.385913e+07,1.537529e+07,5.786000e+01,6.137260e+06,3.490561e+01,,,1.412717e+00,4
2018-04-23 05:20:19.000000,2.385918e+07,1.540345e+07,5.789200e+01,6.144154e+06,3.490633e+01,,,1.414356e+00,4
2018-04-23 05:20:20.000000,2.385923e+07,1.543160e+07,5.792400e+01,6.143927e+06,3.490704e+01,,,1.415995e+00,4
2018-04-23 05:20:21.000000,2.385929e+07,1.545975e+07,5.795600e+01,6.143700e+06,3.490775e+01,,,1.417634e+00,4
2018-04-23 05:20:22.000000,2.385934e+07,1.548791e+07,5.798800e+01,6.143473e+06,3.490846e+01,,,1.417667e+00,4
2018-04-23 05:20:23.000000,2.385939e+07,1.563614e+07,5.831400e+01,6.143245e+06,3.490917e+01,,,1.417699e+00,4
2018-04-23 05:20:24.000000,2.385944e+07,1.578438e+07,5.864000e+01,6.143018e+06,3.490988e+01,,,1.417731e+00,4
2018-04-23 05:20:25.000000,2.385949e+07,1.561891e+07,5.825200e+01,6.142791e+06,3.491059e+01,,,1.417764e+00,4
2018-04-23 05:20:26.000000,2.385954e+07,1.545343e+07,5.786400e+01,6.142563e+06,3.491130e+01,,,1.417796e+00,4
2018-04-23 05:20:27.000000,2.385959e+07,1.545113e+07,5.787200e+01,6.142336e+06,3.491202e+01,,,1.417828e+00,4
2018-04-23 05:20:28.000000,2.385964e+07,1.544884e+07,5.788000e+01,6.142109e+06,3.491273e+01,,,1.417861e+00,4
2018-04-23 05:20:29.000000,2.385969e+07,1.558903e+07,5.813400e+01,6.141881e+06,3.491344e+01,,,1.417893e+00,4
2018-04-23 05:20:30.000000,2.385974e+07,1.572922e+07,5.838800e+01,6.141654e+06,3.491415e+01,,,1.417925e+00,4
2018-04-23 05:20:31.000000,2.385979e+07,1.572807e+07,5.843600e+01,6.138775e+06,3.491486e+01,,,1.417958e+00,4
2018-04-23 05:20:32.000000,2.385984e+07,1.572692e+07,5.848400e+01,6.135897e+06,3.491557e+01,,,1.417990e+00,4
2018-04-23 05:20:33.000000,2.385989e+07,1.572578e+07,5.853200e+01,6.133018e+06,3.491629e+01,,,1.417978e+00,4
2018-04-23 05:20:34.000000,2.385994e+07,1.572463e+07,5.858000e+01,6.130139e+06,3.491700e+01,,,1.417965e+00,4
2018-04-23 05:20:35.000000,2.385999e+07,1.555915e+07,5.826800e+01,6.127260e+06,3.491771e+01,,,1.417953e+00,4
2018-04-23 05:20:36.000000,2.386005e+07,1.539368e+07,5.795600e+01,6.124382e+06,3.491842e+01,,,1.417941e+00,4
2018-04-23 05:20:37.000000,2.386010e+07,1.543275e+07,5.788600e+01,6.121503e+06,3.491913e+01,,,1.417928e+00,4
2018-04-23 05:20:38.000000,2.386015e+07,1.547182e+07,5.781600e+01,6.118624e+06,3.491984e+01,,,1.417916e+00,4
2018-04-23 05:20:39.000000,2.386020e+07,1.562580e+07,5.802800e+01,6.115745e+06,3.492056e+01,,,1.417904e+00,4
2018-04-23 05:20:40.000000,2.386025e+07,1.577978e+07,5.824000e+01,6.112867e+06,3.492126e+01,,,1.417892e+00,4
2018-04-23 05:20:41.000000,2.386030e+07,1.565453e+07,5.810800e+01,6.109988e+06,3.492198e+01,,,1.417879e+00,4
2018-04-23 05:20:42.000000,2.386035e+07,1.552927e+07,5.797600e+01,6.106730e+06,3.492269e+01,,,1.417867e+00,4
2018-04-23 05:20:43.000000,2.386040e+07,1.549135e+07,5.789600e+01,6.103473e+06,3.492340e+01,,,1.417855e+00,4
2018-04-23 05:20:44.000000,2.386045e+07,1.545343e+07,5.781600e+01,6.100215e+06,3.492411e+01,,,1.418111e+00,4
2018-04-23 05:20:45.000000,2.386050e+07,1.541551e+07,5.773600e+01,6.096958e+06,3.492482e+01,,,1.418368e+00,4
2018-04-23 05:20:46.000000,2.386055e+07,1.537759e+07,5.765600e+01,6.093700e+06,3.492553e+01,,,1.418625e+00,4
2018-04-23 05:20:47.000000,2.386060e+07,1.546607e+07,5.775200e+01,6.090442e+06,3.492625e+01,,,1.418881e+00,4
2018-04-23 05:20:48.000000,2.386065e+07,1.555455e+07,5.784800e+01,6.087185e+06,3.492696e+01,,,1.419138e+00,4
2018-04-23 05:20:49.000000,2.386058e+07,1.567636e+07,5.809600e+01,6.083927e+06,3.492767e+01,,,1.419395e+00,4
2018-04-23 05:20:50.000000,2.386051e+07,1.579817e+07,5.834400e+01,6.080669e+06,3.492838e+01,,,1.419651e+00,4
2018-04-23 05:20:51.000000,2.386044e+07,1.576657e+07,5.831900e+01,6.077412e+06,3.492909e+01,,,1.419908e+00,4
2018-04-23 05:20:52.000000,2.386037e+07,1.573497e+07,5.829400e+01,6.074154e+06,3.492980e+01,,,1.420165e+00,4
2018-04-23 05:20:53.000000,2.386030e+07,1.570337e+07,5.826900e+01,6.078169e+06,3.493052e+01,,,1.420421e+00,4
2018-04-23 05:20:54.000000,2.386022e+07,1.567177e+07,5.824400e+01,6.082185e+06,3.493122e+01,,,1.420678e+00,4
2018-04-23 05:20:55.000000,2.386015e+07,1.552812e+07,5.796400e+01,6.086200e+06,3.493194e+01,,,1.418488e+00,4
2018-04-23 05:20:56.000000,2.386008e+07,1.538448e+07,5.768400e+01,6.090215e+06,3.493265e+01,,,1.416298e+00,4
2018-04-23 05:20:57.000000,2.386001e+07,1.545688e+07,5.793200e+01,6.094230e+06,3.493336e+01,,,1.414108e+00,4
2018-04-23 05:20:58.000000,2.385994e+07,1.552927e+07,5.818000e+01,6.098246e+06,3.493407e+01,,,1.411918e+00,4
2018-04-23 05:20:59.000000,2.385986e+07,1.566487e+07,5.831600e+01,6.102261e+06,3.493478e+01,,,1.409728e+00,4
2018-04-23 05:21:00.000000,2.385979e+07,1.580047e+07,5.845200e+01,6.106276e+06,3.493549e+01,,,1.407539e+00,4
2018-04-23 05:21:01.000000,2.385972e+07,1.569130e+07,5.829600e+01,6.110291e+06,3.493621e+01,,,1.405349e+00,4
2018-04-23 05:21:02.000000,2.385965e+07,1.558213e+07,5.814000e+01,6.114306e+06,3.493692e+01,,,1.403159e+00,4
2018-04-23 05:21:03.000000,2.385958e+07,1.548216e+07,5.788000e+01,6.118321e+06,3.493763e+01,,,1.400969e+00,4
2018-04-23 05:21:04.000000,2.385951e+07,1.538219e+07,5.762000e+01,6.114685e+06,3.493834e+01,,,1.398779e+00,4
2018-04-23 05:21:05.000000,2.385943e+07,1.553617e+07,5.797200e+01,6.111048e+06,3.493905e+01,,,1.396589e+00,4
2018-04-23 05:21:06.000000,2.385936e+07,1.569015e+07,5.832400e+01,6.107412e+06,3.493976e+01,,,1.398396e+00,4
2018-04-23 05:21:07.000000,2.385929e+07,1.570222e+07,5.833200e+01,6.103776e+06,3.494048e+01,,,1.400203e+00,4
2018-04-23 05:21:08.000000,2.385922e+07,1.571428e+07,5.834000e+01,6.100140e+06,3.494119e+01,,,1.402010e+00,4
2018-04-23 05:21:09.000000,2.385915e+07,1.572635e+07,5.834800e+01,6.096503e+06,3.494190e+01,,,1.403817e+00,4
2018-04-23 05:21:10.000000,2.385908e+07,1.573842e+07,5.835600e+01,6.092867e+06,3.494261e+01,,,1.405624e+00,4
2018-04-23 05:21:11.000000,2.385900e+07,1.557294e+07,5.802000e+01,6.089230e+06,3.494332e+01,,,1.407432e+00,4
2018-04-23 05:21:12.000000,2.385893e+07,1.540747e+07,5.768400e+01,6.085594e+06,3.494403e+01,,,1.409239e+00,4
2018-04-23 05:21:13.000000,2.385886e+07,1.542470e+07,5.779200e+01,6.081958e+06,3.494474e+01,,,1.411046e+00,4
2018-04-23 05:21:14.000000,2.385879e+07,1.544194e+07,5.790000e+01,6.078321e+06,3.494546e+01,,,1.412853e+00,4
2018-04-23 05:21:15.000000,2.385872e+07,1.556720e+07,5.811600e+01,6.076655e+06,3.494617e+01,,,1.414660e+00,4
2018-04-23 05:21:16.000000,2.385865e+07,1.569245e+07,5.833200e+01,6.074988e+06,3.494688e+01,,,1.416467e+00,4
2018-04-23 05:21:17.000000,2.385857e+07,1.572118e+07,5.837600e+01,6.073321e+06,3.494759e+01,,,1.416224e+00,4
2018-04-23 05:21:18.000000,2.385850e+07,1.574991e+07,5.842000e+01,6.071655e+06,3.494830e+01,,,1.415981e+00,4
2018-04-23 05:21:19.000000,2.385843e+07,1.577863e+07,5.846400e+01,6.069988e+06,3.494901e+01,,,1.415738e+00,4
2018-04-23 05:21:20.000000,2.385836e+07,1.580736e+07,5.850800e+01,6.068321e+06,3.494973e+01,,,1.415495e+00,4
2018-04-23 05:21:21.000000,2.385829e+07,1.573727e+07,5.839800e+01,6.066654e+06,3.495044e+01,,,1.415252e+00,4
2018-04-23 05:21:22.000000,2.385822e+07,1.566717e+07,5.828800e+01,6.064988e+06,3.495115e+01,,,1.415009e+00,4
2018-04-23 05:21:23.000000,2.385816e+07,1.552468e+07,5.810200e+01,6.063321e+06,3.495186e+01,,,1.414767e+00,4
2018-04-23 05:21:24.000000,2.385811e+07,1.538219e+07,5.791600e+01,6.061654e+06,3.495257e+01,,,1.414524e+00,4
2018-04-23 05:21:25.000000,2.385806e+07,1.543160e+07,5.793600e+01,6.059988e+06,3.495328e+01,,,1.414281e+00,4
2018-04-23 05:21:26.000000,2.385801e+07,1.548101e+07,5.795600e+01,6.064458e+06,3.495399e+01,,,1.414038e+00,4
2018-04-23 05:21:27.000000,2.385796e+07,1.555915e+07,5.813900e+01,6.068927e+06,3.495470e+01,,,1.413795e+00,4
2018-04-23 05:21:28.000000,2.385791e+07,1.563729e+07,5.832200e+01,6.073397e+06,3.495542e+01,,,1.413819e+00,4
2018-04-23 05:21:29.000000,2.385786e+07,1.571543e+07,5.850500e+01,6.077867e+06,3.495613e+01,,,1.413844e+00,4
2018-04-23 05:21:30.000000,2.385781e+07,1.579357e+07,5.868800e+01,6.082336e+06,3.495684e+01,,,1.413868e+00,4
2018-04-23 05:21:31.000000,2.385776e+07,1.565912e+07,5.839800e+01,6.086806e+06,3.495755e+01,,,1.413893e+00,4
2018-04-23 05:21:32.000000,2.385771e+07,1.552468e+07,5.810800e+01,6.091275e+06,3.495826e+01,,,1.413918e+00,4
2018-04-23 05:21:33.000000,2.385766e+07,1.546952e+07,5.798400e+01,6.095745e+06,3.495897e+01,,,1.413942e+00,4
2018-04-23 05:21:34.000000,2.385761e+07,1.541436e+07,5.786000e+01,6.100215e+06,3.495969e+01,,,1.413967e+00,4
2018-04-23 05:21:35.000000,2.385756e+07,1.559133e+07,5.804600e+01,6.104685e+06,3.496040e+01,,,1.413991e+00,4
2018-04-23 05:21:36.000000,2.385751e+07,1.576829e+07,5.823200e+01,6.109154e+06,3.496111e+01,,,1.414016e+00,4
2018-04-23 05:21:37.000000,2.385746e+07,1.577634e+07,5.824800e+01,6.105366e+06,3.496182e+01,,,1.414040e+00,4
2018-04-23 05:21:38.000000,2.385741e+07,1.578438e+07,5.826400e+01,6.101579e+06,3.496253e+01,,,1.414065e+00,4
2018-04-23 05:21:39.000000,2.385736e+07,1.566142e+07,5.811000e+01,6.097791e+06,3.496324e+01,,,1.410897e+00,4
2018-04-23 05:21:40.000000,2.385731e+07,1.553847e+07,5.795600e+01,6.094003e+06,3.496395e+01,,,1.407730e+00,4
2018-04-23 05:21:41.000000,2.385726e+07,1.548101e+07,5.778400e+01,6.090215e+06,3.496466e+01,,,1.404562e+00,4
2018-04-23 05:21:42.000000,2.385721e+07,1.542355e+07,5.761200e+01,6.086427e+06,3.496538e+01,,,1.401395e+00,4
2018-04-23 05:21:43.000000,2.385716e+07,1.546952e+07,5.777600e+01,6.082639e+06,3.496609e+01,,,1.398227e+00,4
2018-04-23 05:21:44.000000,2.385711e+07,1.551548e+07,5.794000e+01,6.078852e+06,3.496680e+01,,,1.395060e+00,4
2018-04-23 05:21:45.000000,2.385706e+07,1.556145e+07,5.810400e+01,6.075063e+06,3.496751e+01,,,1.391892e+00,4
2018-04-23 05:21:46.000000,2.385701e+07,1.560741e+07,5.826800e+01,6.071276e+06,3.496822e+01,,,1.388725e+00,4
2018-04-23 05:21:47.000000,2.385696e+07,1.569015e+07,5.833600e+01,6.067488e+06,3.496893e+01,,,1.385557e+00,4
2018-04-23 05:21:48.000000,2.385691e+07,1.577289e+07,5.840400e+01,6.069003e+06,3.496965e+01,,,1.382390e+00,4
2018-04-23 05:21:49.000000,2.385686e+07,1.560397e+07,5.805800e+01,6.070518e+06,3.497036e+01,,,1.379222e+00,4
2018-04-23 05:21:50.000000,2.385681e+07,1.543505e+07,5.771200e+01,6.072033e+06,3.497107e+01,,,1.380433e+00,4
2018-04-23 05:21:51.000000,2.385676e+07,1.549480e+07,5.767200e+01,6.073548e+06,3.497178e+01,,,1.381644e+00,4
2018-04-23 05:21:52.000000,2.385671e+07,1.555455e+07,5.763200e+01,6.075063e+06,3.497249e+01,,,1.382855e+00,4
2018-04-23 05:21:53.000000,2.385666e+07,1.561431e+07,5.782600e+01,6.076579e+06,3.497320e+01,,,1.384067e+00,4
2018-04-23 05:21:54.000000,2.385661e+07,1.567406e+07,5.802000e+01,6.078094e+06,3.497392e+01,,,1.385278e+00,4
2018-04-23 05:21:55.000000,2.385656e+07,1.573382e+07,5.821400e+01,6.079609e+06,3.497462e+01,,,1.386489e+00,4
2018-04-23 05:21:56.000000,2.385651e+07,1.579357e+07,5.840800e+01,6.081124e+06,3.497534e+01,,,1.387700e+00,4
2018-04-23 05:21:57.000000,2.385653e+07,1.575853e+07,5.830200e+01,6.082639e+06,3.497605e+01,,,1.388911e+00,4
2018-04-23 05:21:58.000000,2.385656e+07,1.572348e+07,5.819600e+01,6.084154e+06,3.497676e+01,,,1.390122e+00,4
2018-04-23 05:21:59.000000,2.385658e+07,1.568843e+07,5.809000e+01,6.087109e+06,3.497747e+01,,,1.391333e+00,4
2018-04-23 05:22:00.000000,2.385661e+07,1.565338e+07,5.798400e+01,6.090063e+06,3.497818e+01,,,1.392544e+00,4
2018-04-23 05:22:01.000000,2.385663e+07,1.552008e+07,5.781800e+01,6.093018e+06,3.497889e+01,,,1.393523e+00,4
2018-04-23 05:22:02.000000,2.385666e+07,1.538678e+07,5.765200e+01,6.095973e+06,3.497961e+01,,,1.394501e+00,4
2018-04-23 05:22:03.000000,2.385668e+07,1.538793e+07,5.763600e+01,6.098927e+06,3.498032e+01,,,1.395479e+00,4
2018-04-23 05:22:04.000000,2.385671e+07,1.538908e+07,5.762000e+01,6.101881e+06,3.498103e+01,,,1.396458e+00,4
2018-04-23 05:22:05.000000,2.385674e+07,1.546492e+07,5.771500e+01,6.104836e+06,3.498174e+01,,,1.397436e+00,4
2018-04-23 05:22:06.000000,2.385676e+07,1.554077e+07,5.781000e+01,6.107791e+06,3.498245e+01,,,1.398415e+00,4
2018-04-23 05:22:07.000000,2.385679e+07,1.561661e+07,5.790500e+01,6.110745e+06,3.498316e+01,,,1.399393e+00,4
2018-04-23 05:22:08.000000,2.385681e+07,1.569245e+07,5.800000e+01,6.113700e+06,3.498388e+01,,,1.400371e+00,4
2018-04-23 05:22:09.000000,2.385684e+07,1.561488e+07,5.790300e+01,6.116654e+06,3.498458e+01,,,1.401350e+00,4
2018-04-23 05:22:10.000000,2.385686e+07,1.553732e+07,5.780600e+01,6.116351e+06,3.498530e+01,,,1.402328e+00,4
2018-04-23 05:22:11.000000,2.385689e+07,1.545975e+07,5.770900e+01,6.116048e+06,3.498601e+01,,,1.403306e+00,4
2018-04-23 05:22:12.000000,2.385691e+07,1.538219e+07,5.761200e+01,6.115745e+06,3.498672e+01,,,1.402581e+00,4
2018-04-23 05:22:13.000000,2.385694e+07,1.544883e+07,5.767800e+01,6.115442e+06,3.498743e+01,,,1.401855e+00,4
2018-04-23 05:22:14.000000,2.385696e+07,1.551548e+07,5.774400e+01,6.115139e+06,3.498814e+01,,,1.401129e+00,4
2018-04-23 05:22:15.000000,2.385699e+07,1.559822e+07,5.797200e+01,6.114836e+06,3.498885e+01,,,1.400403e+00,4
2018-04-23 05:22:16.000000,2.385702e+07,1.568096e+07,5.820000e+01,6.114533e+06,3.498957e+01,,,1.399677e+00,4
2018-04-23 05:22:17.000000,2.385704e+07,1.572003e+07,5.822000e+01,6.114230e+06,3.499028e+01,,,1.398952e+00,4
2018-04-23 05:22:18.000000,2.385707e+07,1.575910e+07,5.824000e+01,6.113927e+06,3.499099e+01,,,1.398226e+00,4
2018-04-23 05:22:19.000000,2.385709e+07,1.558558e+07,5.794800e+01,6.113625e+06,3.499170e+01,,,1.397500e+00,4
2018-04-23 05:22:20.000000,2.385712e+07,1.541206e+07,5.765600e+01,6.113321e+06,3.499241e+01,,,1.396774e+00,4
2018-04-23 05:22:21.000000,2.385714e+07,1.540172e+07,5.773200e+01,6.114155e+06,3.499312e+01,,,1.396048e+00,4
2018-04-23 05:22:22.000000,2.385717e+07,1.539138e+07,5.780800e+01,6.114988e+06,3.499384e+01,,,1.395323e+00,4
2018-04-23 05:22:23.000000,2.385719e+07,1.538104e+07,5.788400e+01,6.115821e+06,3.499454e+01,,,1.393438e+00,4
2018-04-23 05:22:24.000000,2.385722e+07,1.537069e+07,5.796000e+01,6.116655e+06,3.499526e+01,,,1.391553e+00,4
2018-04-23 05:22:25.000000,2.385724e+07,1.548331e+07,5.803600e+01,6.117488e+06,3.499597e+01,,,1.389668e+00,4
2018-04-23 05:22:26.000000,2.385727e+07,1.559592e+07,5.811200e+01,6.118321e+06,3.499668e+01,,,1.387783e+00,4
2018-04-23 05:22:27.000000,2.385734e+07,1.569705e+07,5.815800e+01,6.119154e+06,3.499739e+01,,,1.385897e+00,4
2018-04-23 05:22:28.000000,2.385741e+07,1.579817e+07,5.820400e+01,6.119988e+06,3.499810e+01,,,1.384013e+00,4
2018-04-23 05:22:29.000000,2.385749e+07,1.568096e+07,5.803000e+01,6.120821e+06,3.499881e+01,,,1.382128e+00,4
2018-04-23 05:22:30.000000,2.385756e+07,1.556375e+07,5.785600e+01,6.121654e+06,3.499953e+01,,,1.380243e+00,4
2018-04-23 05:22:31.000000,2.385763e+07,1.546722e+07,5.767600e+01,6.122488e+06,3.500024e+01,,,1.378357e+00,4
2018-04-23 05:22:32.000000,2.385770e+07,1.537069e+07,5.749600e+01,6.123548e+06,3.500095e+01,,,1.376473e+00,4
2018-04-23 05:22:33.000000,2.385777e+07,1.547986e+07,5.766000e+01,6.124609e+06,3.500166e+01,,,1.374588e+00,4
2018-04-23 05:22:34.000000,2.385785e+07,1.558903e+07,5.782400e+01,6.125669e+06,3.500237e+01,,,1.375454e+00,4
2018-04-23 05:22:35.000000,2.385792e+07,1.563442e+07,5.785300e+01,6.126730e+06,3.500309e+01,,,1.376321e+00,4
2018-04-23 05:22:36.000000,2.385799e+07,1.567981e+07,5.788200e+01,6.127791e+06,3.500380e+01,,,1.377188e+00,4
2018-04-23 05:22:37.000000,2.385806e+07,1.572520e+07,5.791100e+01,6.128852e+06,3.500451e+01,,,1.378055e+00,4
2018-04-23 05:22:38.000000,2.385814e+07,1.577059e+07,5.794000e+01,6.129912e+06,3.500522e+01,,,1.378921e+00,4
2018-04-23 05:22:39.000000,2.385821e+07,1.577748e+07,5.788000e+01,6.130973e+06,3.500593e+01,,,1.379788e+00,4
2018-04-23 05:22:40.000000,2.385828e+07,1.578438e+07,5.782000e+01,6.132033e+06,3.500664e+01,,,1.380655e+00,4
2018-04-23 05:22:41.000000,2.385835e+07,1.562695e+07,5.772800e+01,6.133094e+06,3.500735e+01,,,1.381522e+00,4
2018-04-23 05:22:42.000000,2.385843e+07,1.546952e+07,5.763600e+01,6.134154e+06,3.500806e+01,,,1.382389e+00,4
2018-04-23 05:22:43.000000,2.385850e+07,1.544539e+07,5.761800e+01,6.129609e+06,3.500878e+01,,,1.383255e+00,4
2018-04-23 05:22:44.000000,2.385857e+07,1.542126e+07,5.760000e+01,6.125063e+06,3.500949e+01,,,1.384122e+00,4
2018-04-23 05:22:45.000000,2.385864e+07,1.553617e+07,5.774000e+01,6.120518e+06,3.501020e+01,,,1.386235e+00,4
2018-04-23 05:22:46.000000,2.385871e+07,1.565108e+07,5.788000e+01,6.115973e+06,3.501091e+01,,,1.388347e+00,4
2018-04-23 05:22:47.000000,2.385879e+07,1.571198e+07,5.809200e+01,6.111427e+06,3.501162e+01,,,1.390459e+00,4
2018-04-23 05:22:48.000000,2.385886e+07,1.577289e+07,5.830400e+01,6.106881e+06,3.501233e+01,,,1.392572e+00,4
2018-04-23 05:22:49.000000,2.385893e+07,1.570566e+07,5.820800e+01,6.102336e+06,3.501305e+01,,,1.394684e+00,4
2018-04-23 05:22:50.000000,2.385900e+07,1.563844e+07,5.811200e+01,6.097791e+06,3.501376e+01,,,1.396796e+00,4
2018-04-23 05:22:51.000000,2.385908e+07,1.557122e+07,5.801600e+01,6.093245e+06,3.501447e+01,,,1.398909e+00,4
2018-04-23 05:22:52.000000,2.385915e+07,1.550399e+07,5.792000e+01,6.088700e+06,3.501518e+01,,,1.401021e+00,4
2018-04-23 05:22:53.000000,2.385922e+07,1.544883e+07,5.790000e+01,6.084154e+06,3.501589e+01,,,1.403133e+00,4
2018-04-23 05:22:54.000000,2.385929e+07,1.539368e+07,5.788000e+01,6.085139e+06,3.501660e+01,,,1.405246e+00,4
2018-04-23 05:22:55.000000,2.385936e+07,1.550744e+07,5.802200e+01,6.086124e+06,3.501731e+01,,,1.407358e+00,4
2018-04-23 05:22:56.000000,2.385944e+07,1.562120e+07,5.816400e+01,6.087109e+06,3.501802e+01,,,1.405918e+00,4
2018-04-23 05:22:57.000000,2.385951e+07,1.571428e+07,5.826600e+01,6.088094e+06,3.501874e+01,,,1.404478e+00,4
2018-04-23 05:22:58.000000,2.385958e+07,1.580736e+07,5.836800e+01,6.089079e+06,3.501945e+01,,,1.403039e+00,4
2018-04-23 05:22:59.000000,2.385965e+07,1.574416e+07,5.821800e+01,6.090063e+06,3.502016e+01,,,1.401599e+00,4
2018-04-23 05:23:00.000000,2.385973e+07,1.568096e+07,5.806800e+01,6.091048e+06,3.502087e+01,,,1.400159e+00,4
2018-04-23 05:23:01.000000,2.385965e+07,1.561201e+07,5.803100e+01,6.092033e+06,3.502158e+01,,,1.398719e+00,4
2018-04-23 05:23:02.000000,2.385958e+07,1.554306e+07,5.799400e+01,6.093018e+06,3.502229e+01,,,1.397280e+00,4
2018-04-23 05:23:03.000000,2.385950e+07,1.547411e+07,5.795700e+01,6.094003e+06,3.502301e+01,,,1.395840e+00,4
2018-04-23 05:23:04.000000,2.385943e+07,1.540517e+07,5.792000e+01,6.094988e+06,3.502372e+01,,,1.394400e+00,4
2018-04-23 05:23:05.000000,2.385936e+07,1.540862e+07,5.794800e+01,6.093852e+06,3.502443e+01,,,1.392960e+00,4
2018-04-23 05:23:06.000000,2.385928e+07,1.541206e+07,5.797600e+01,6.092715e+06,3.502514e+01,,,1.391521e+00,4
2018-04-23 05:23:07.000000,2.385921e+07,1.560397e+07,5.834600e+01,6.091579e+06,3.502585e+01,,,1.391300e+00,4
2018-04-23 05:23:08.000000,2.385913e+07,1.579587e+07,5.871600e+01,6.090442e+06,3.502656e+01,,,1.391080e+00,4
2018-04-23 05:23:09.000000,2.385906e+07,1.574186e+07,5.858400e+01,6.089306e+06,3.502728e+01,,,1.390860e+00,4
2018-04-23 05:23:10.000000,2.385898e+07,1.568785e+07,5.845200e+01,6.088169e+06,3.502798e+01,,,1.390639e+00,4
2018-04-23 05:23:11.000000,2.385891e+07,1.553157e+07,5.813000e+01,6.087033e+06,3.502870e+01,,,1.390419e+00,4
2018-04-23 05:23:12.000000,2.385884e+07,1.537529e+07,5.780800e+01,6.085897e+06,3.502941e+01,,,1.390199e+00,4
2018-04-23 05:23:13.000000,2.385876e+07,1.540459e+07,5.779700e+01,6.084761e+06,3.503012e+01,,,1.389978e+00,4
2018-04-23 05:23:14.000000,2.385869e+07,1.543390e+07,5.778600e+01,6.083624e+06,3.503083e+01,,,1.389758e+00,4
2018-04-23 05:23:15.000000,2.385862e+07,1.546320e+07,5.777500e+01,6.082488e+06,3.503154e+01,,,1.389537e+00,4
2018-04-23 05:23:16.000000,2.385854e+07,1.549250e+07,5.776400e+01,6.085594e+06,3.503225e+01,,,1.389317e+00,4
2018-04-23 05:23:17.000000,2.385847e+07,1.563614e+07,5.798200e+01,6.088700e+06,3.503297e+01,,,1.389097e+00,4
2018-04-23 05:23:18.000000,2.385839e+07,1.577978e+07,5.820000e+01,6.091806e+06,3.503368e+01,,,1.388427e+00,4
2018-04-23 05:23:19.000000,2.385832e+07,1.570739e+07,5.799000e+01,6.094912e+06,3.503439e+01,,,1.387757e+00,4
2018-04-23 05:23:20.000000,2.385824e+07,1.563499e+07,5.778000e+01,6.098018e+06,3.503510e+01,,,1.387087e+00,4
2018-04-23 05:23:21.000000,2.385817e+07,1.550974e+07,5.761000e+01,6.101124e+06,3.503581e+01,,,1.386417e+00,4
2018-04-23 05:23:22.000000,2.385810e+07,1.538448e+07,5.744000e+01,6.104230e+06,3.503652e+01,,,1.385747e+00,4
2018-04-23 05:23:23.000000,2.385802e+07,1.544960e+07,5.737400e+01,6.107336e+06,3.503724e+01,,,1.385077e+00,4
2018-04-23 05:23:24.000000,2.385795e+07,1.551472e+07,5.730800e+01,6.110442e+06,3.503794e+01,,,1.384408e+00,4
2018-04-23 05:23:25.000000,2.385787e+07,1.557984e+07,5.749200e+01,6.113548e+06,3.503866e+01,,,1.383738e+00,4
2018-04-23 05:23:26.000000,2.385780e+07,1.564495e+07,5.767600e+01,6.116654e+06,3.503937e+01,,,1.383068e+00,4
2018-04-23 05:23:27.000000,2.385773e+07,1.571007e+07,5.786000e+01,6.110291e+06,3.504008e+01,,,1.382398e+00,4
2018-04-23 05:23:28.000000,2.385765e+07,1.577519e+07,5.804400e+01,6.103927e+06,3.504079e+01,,,1.381728e+00,4
2018-04-23 05:23:29.000000,2.385758e+07,1.570509e+07,5.797000e+01,6.097563e+06,3.504150e+01,,,1.384360e+00,4
2018-04-23 05:23:30.000000,2.385750e+07,1.563499e+07,5.789600e+01,6.091200e+06,3.504221e+01,,,1.386992e+00,4
2018-04-23 05:23:31.000000,2.385753e+07,1.550629e+07,5.773800e+01,6.084836e+06,3.504293e+01,,,1.389624e+00,4
2018-04-23 05:23:32.000000,2.385756e+07,1.537759e+07,5.758000e+01,6.078473e+06,3.504364e+01,,,1.392256e+00,4
2018-04-23 05:23:33.000000,2.385759e+07,1.549710e+07,5.766600e+01,6.072109e+06,3.504435e+01,,,1.394888e+00,4
2018-04-23 05:23:34.000000,2.385761e+07,1.561661e+07,5.775200e+01,6.065745e+06,3.504506e+01,,,1.397520e+00,4
2018-04-23 05:23:35.000000,2.385764e+07,1.568326e+07,5.787800e+01,6.059381e+06,3.504577e+01,,,1.400152e+00,4
2018-04-23 05:23:36.000000,2.385767e+07,1.574991e+07,5.800400e+01,6.053018e+06,3.504648e+01,,,1.402784e+00,4
2018-04-23 05:23:37.000000,2.385770e+07,1.574186e+07,5.801000e+01,6.046654e+06,3.504720e+01,,,1.405416e+00,4
2018-04-23 05:23:38.000000,2.385772e+07,1.573382e+07,5.801600e+01,6.042866e+06,3.504790e+01,,,1.408048e+00,4
2018-04-23 05:23:39.000000,2.385775e+07,1.569475e+07,5.790300e+01,6.039079e+06,3.504862e+01,,,1.410680e+00,4
2018-04-23 05:23:40.000000,2.385778e+07,1.565568e+07,5.779000e+01,6.035291e+06,3.504933e+01,,,1.409333e+00,4
2018-04-23 05:23:41.000000,2.385781e+07,1.561661e+07,5.767700e+01,6.031503e+06,3.505004e+01,,,1.407986e+00,4
2018-04-23 05:23:42.000000,2.385784e+07,1.557754e+07,5.756400e+01,6.027715e+06,3.505075e+01,,,1.406638e+00,4
2018-04-23 05:23:43.000000,2.385786e+07,1.563155e+07,5.770300e+01,6.023927e+06,3.505146e+01,,,1.405291e+00,4
2018-04-23 05:23:44.000000,2.385789e+07,1.568556e+07,5.784200e+01,6.020139e+06,3.505217e+01,,,1.403944e+00,4
2018-04-23 05:23:45.000000,2.385792e+07,1.573956e+07,5.798100e+01,6.016352e+06,3.505289e+01,,,1.402597e+00,4
2018-04-23 05:23:46.000000,2.385795e+07,1.579357e+07,5.812000e+01,6.012563e+06,3.505360e+01,,,1.401249e+00,4
2018-04-23 05:23:47.000000,2.385797e+07,1.571773e+07,5.809000e+01,6.008776e+06,3.505431e+01,,,1.399902e+00,4
2018-04-23 05:23:48.000000,2.385800e+07,1.564189e+07,5.806000e+01,6.004988e+06,3.505502e+01,,,1.398555e+00,4
2018-04-23 05:23:49.000000,2.385803e+07,1.556030e+07,5.776400e+01,6.004912e+06,3.505573e+01,,,1.397207e+00,4
2018-04-23 05:23:50.000000,2.385806e+07,1.547871e+07,5.746800e+01,6.004836e+06,3.505644e+01,,,1.395860e+00,4
2018-04-23 05:23:51.000000,2.385808e+07,1.554594e+07,5.758800e+01,6.004760e+06,3.505716e+01,,,1.396669e+00,4
2018-04-23 05:23:52.000000,2.385811e+07,1.561316e+07,5.770800e+01,6.004685e+06,3.505787e+01,,,1.397478e+00,4
2018-04-23 05:23:53.000000,2.385814e+07,1.568038e+07,5.782800e+01,6.004609e+06,3.505858e+01,,,1.398286e+00,4
2018-04-23 05:23:54.000000,2.385817e+07,1.574761e+07,5.794800e+01,6.004533e+06,3.505929e+01,,,1.399095e+00,4
2018-04-23 05:23:55.000000,2.385820e+07,1.573094e+07,5.794200e+01,6.004458e+06,3.506000e+01,,,1.399904e+00,4
2018-04-23 05:23:56.000000,2.385822e+07,1.571428e+07,5.793600e+01,6.004382e+06,3.505587e+01,,,1.400713e+00,4
2018-04-23 05:23:57.000000,2.385825e+07,1.569762e+07,5.793000e+01,6.004306e+06,3.505174e+01,,,1.401521e+00,4
2018-04-23 05:23:58.000000,2.385828e+07,1.568096e+07,5.792400e+01,6.004230e+06,3.504761e+01,,,1.402330e+00,4
2018-04-23 05:23:59.000000,2.385831e+07,1.554077e+07,5.780800e+01,6.004154e+06,3.504348e+01,,,1.403139e+00,4
2018-04-23 05:24:00.000000,2.385833e+07,1.540057e+07,5.769200e+01,6.010897e+06,3.503935e+01,,,1.403948e+00,4
2018-04-23 05:24:01.000000,2.385836e+07,1.539827e+07,5.769400e+01,6.017639e+06,3.503522e+01,,,1.404756e+00,4
2018-04-23 05:24:02.000000,2.385839e+07,1.539597e+07,5.769600e+01,6.024382e+06,3.503109e+01,,,1.407502e+00,4
2018-04-23 05:24:03.000000,2.385842e+07,1.552008e+07,5.781200e+01,6.031124e+06,3.502696e+01,,,1.410248e+00,4
2018-04-23 05:24:04.000000,2.385845e+07,1.564419e+07,5.792800e+01,6.037867e+06,3.502283e+01,,,1.412994e+00,4
2018-04-23 05:24:05.000000,2.385847e+07,1.571428e+07,5.799000e+01,6.044609e+06,3.501870e+01,,,1.415740e+00,4
2018-04-23 05:24:06.000000,2.385850e+07,1.578438e+07,5.805200e+01,6.051352e+06,3.501456e+01,,,1.418486e+00,4
2018-04-23 05:24:07.000000,2.385849e+07,1.568096e+07,5.779200e+01,6.058094e+06,3.501044e+01,,,1.421232e+00,4
2018-04-23 05:24:08.000000,2.385848e+07,1.557754e+07,5.753200e+01,6.064836e+06,3.500631e+01,,,1.423978e+00,4
2018-04-23 05:24:09.000000,2.385847e+07,1.546952e+07,5.733800e+01,6.071579e+06,3.500217e+01,,,1.426724e+00,4
2018-04-23 05:24:10.000000,2.385846e+07,1.536150e+07,5.714400e+01,6.078321e+06,3.499804e+01,,,1.429470e+00,4
2018-04-23 05:24:11.000000,2.385845e+07,1.547527e+07,5.745200e+01,6.075291e+06,3.499391e+01,,,1.432216e+00,4
2018-04-23 05:24:12.000000,2.385844e+07,1.558903e+07,5.776000e+01,6.072261e+06,3.498978e+01,,,1.434962e+00,4
2018-04-23 05:24:13.000000,2.385842e+07,1.563212e+07,5.781400e+01,6.069230e+06,3.498565e+01,,,1.432425e+00,4
2018-04-23 05:24:14.000000,2.385841e+07,1.567521e+07,5.786800e+01,6.066200e+06,3.498152e+01,,,1.429889e+00,4
2018-04-23 05:24:15.000000,2.385840e+07,1.571830e+07,5.792200e+01,6.063170e+06,3.497739e+01,,,1.427353e+00,4
2018-04-23 05:24:16.000000,2.385839e+07,1.576140e+07,5.797600e+01,6.060139e+06,3.497326e+01,,,1.424817e+00,4
2018-04-23 05:24:17.000000,2.385838e+07,1.576255e+07,5.815200e+01,6.057109e+06,3.496913e+01,,,1.422281e+00,4
2018-04-23 05:24:18.000000,2.385837e+07,1.576370e+07,5.832800e+01,6.054079e+06,3.496500e+01,,,1.419744e+00,4
2018-04-23 05:24:19.000000,2.385836e+07,1.566947e+07,5.815400e+01,6.051048e+06,3.496087e+01,,,1.417208e+00,4
2018-04-23 05:24:20.000000,2.385835e+07,1.557524e+07,5.798000e+01,6.048018e+06,3.495674e+01,,,1.414672e+00,4
2018-04-23 05:24:21.000000,2.385833e+07,1.547986e+07,5.784800e+01,6.044988e+06,3.495261e+01,,,1.412136e+00,4
2018-04-23 05:24:22.000000,2.385832e+07,1.538448e+07,5.771600e+01,6.048624e+06,3.494848e+01,,,1.409600e+00,4
2018-04-23 05:24:23.000000,2.385831e+07,1.539713e+07,5.766400e+01,6.052261e+06,3.494435e+01,,,1.407063e+00,4
2018-04-23 05:24:24.000000,2.385830e+07,1.540977e+07,5.761200e+01,6.055897e+06,3.494022e+01,,,1.406671e+00,4
2018-04-23 05:24:25.000000,2.385829e+07,1.544194e+07,5.772200e+01,6.059533e+06,3.493609e+01,,,1.406278e+00,4
2018-04-23 05:24:26.000000,2.385828e+07,1.547412e+07,5.783200e+01,6.063169e+06,3.493196e+01,,,1.405886e+00,4
2018-04-23 05:24:27.000000,2.385827e+07,1.550629e+07,5.794200e+01,6.066806e+06,3.492783e+01,,,1.405493e+00,4
2018-04-23 05:24:28.000000,2.385826e+07,1.553847e+07,5.805200e+01,6.070442e+06,3.492369e+01,,,1.405100e+00,4
2018-04-23 05:24:29.000000,2.385825e+07,1.566028e+07,5.822200e+01,6.074079e+06,3.491956e+01,,,1.404708e+00,4
2018-04-23 05:24:30.000000,2.385824e+07,1.578208e+07,5.839200e+01,6.077715e+06,3.491544e+01,,,1.404315e+00,4
2018-04-23 05:24:31.000000,2.385822e+07,1.576140e+07,5.831200e+01,6.081352e+06,3.491130e+01,,,1.403922e+00,4
2018-04-23 05:24:32.000000,2.385821e+07,1.574071e+07,5.823200e+01,6.084988e+06,3.490717e+01,,,1.403530e+00,4
2018-04-23 05:24:33.000000,2.385820e+07,1.558673e+07,5.795800e+01,6.085669e+06,3.490304e+01,,,1.403137e+00,4
2018-04-23 05:24:34.000000,2.385819e+07,1.543275e+07,5.768400e+01,6.086352e+06,3.489891e+01,,,1.402745e+00,4
2018-04-23 05:24:35.000000,2.385818e+07,1.540517e+07,5.757000e+01,6.087033e+06,3.489478e+01,,,1.402605e+00,4
2018-04-23 05:24:36.000000,2.385817e+07,1.537759e+07,5.745600e+01,6.087715e+06,3.489065e+01,,,1.402465e+00,4
2018-04-23 05:24:37.000000,2.385816e+07,1.545860e+07,5.764500e+01,6.088397e+06,3.488652e+01,,,1.402325e+00,4
2018-04-23 05:24:38.000000,2.385815e+07,1.553962e+07,5.783400e+01,6.089079e+06,3.488239e+01,,,1.402185e+00,4
2018-04-23 05:24:39.000000,2.385818e+07,1.562063e+07,5.802300e+01,6.089761e+06,3.487826e+01,,,1.402045e+00,4
2018-04-23 05:24:40.000000,2.385821e+07,1.570164e+07,5.821200e+01,6.090442e+06,3.487413e+01,,,1.401905e+00,4
2018-04-23 05:24:41.000000,2.385824e+07,1.572578e+07,5.836400e+01,6.091124e+06,3.487000e+01,,,1.401765e+00,4
2018-04-23 05:24:42.000000,2.385827e+07,1.574991e+07,5.851600e+01,6.091806e+06,3.487362e+01,,,1.401625e+00,4
2018-04-23 05:24:43.000000,2.385830e+07,1.563040e+07,5.829400e+01,6.092488e+06,3.487725e+01,,,1.401485e+00,4
2018-04-23 05:24:44.000000,2.385833e+07,1.551089e+07,5.807200e+01,6.092488e+06,3.488087e+01,,,1.401345e+00,4
2018-04-23 05:24:45.000000,2.385836e+07,1.544079e+07,5.794000e+01,6.092488e+06,3.488449e+01,,,1.401205e+00,4
2018-04-23 05:24:46.000000,2.385840e+07,1.537069e+07,5.780800e+01,6.092488e+06,3.488811e+01,,,1.401185e+00,4
2018-04-23 05:24:47.000000,2.385843e+07,1.553042e+07,5.805600e+01,6.092488e+06,3.489174e+01,,,1.401165e+00,4
2018-04-23 05:24:48.000000,2.385846e+07,1.569015e+07,5.830400e+01,6.092488e+06,3.489536e+01,,,1.401145e+00,4
2018-04-23 05:24:49.000000,2.385849e+07,1.568441e+07,5.832700e+01,6.092488e+06,3.489898e+01,,,1.401125e+00,4
2018-04-23 05:24:50.000000,2.385852e+07,1.567866e+07,5.835000e+01,6.092488e+06,3.490261e+01,,,1.401105e+00,4
2018-04-23 05:24:51.000000,2.385855e+07,1.567292e+07,5.837300e+01,6.092488e+06,3.490623e+01,,,1.401086e+00,4
2018-04-23 05:24:52.000000,2.385858e+07,1.566717e+07,5.839600e+01,6.092488e+06,3.490985e+01,,,1.401066e+00,4
2018-04-23 05:24:53.000000,2.385862e+07,1.555800e+07,5.816000e+01,6.092488e+06,3.491348e+01,,,1.401046e+00,4
2018-04-23 05:24:54.000000,2.385865e+07,1.544884e+07,5.792400e+01,6.092488e+06,3.491710e+01,,,1.401026e+00,4
2018-04-23 05:24:55.000000,2.385868e+07,1.547412e+07,5.794600e+01,6.094533e+06,3.492072e+01,,,1.401006e+00,4
2018-04-23 05:24:56.000000,2.385871e+07,1.549940e+07,5.796800e+01,6.096579e+06,3.492435e+01,,,1.400986e+00,4
2018-04-23 05:24:57.000000,2.385874e+07,1.564304e+07,5.810000e+01,6.098624e+06,3.492797e+01,,,1.402377e+00,4
2018-04-23 05:24:58.000000,2.385877e+07,1.578668e+07,5.823200e+01,6.100669e+06,3.493159e+01,,,1.403769e+00,4
2018-04-23 05:24:59.000000,2.385880e+07,1.575163e+07,5.814800e+01,6.102715e+06,3.493521e+01,,,1.405160e+00,4
2018-04-23 05:25:00.000000,2.385883e+07,1.571658e+07,5.806400e+01,6.104761e+06,3.493884e+01,,,1.406552e+00,4
2018-04-23 05:25:01.000000,2.385887e+07,1.568153e+07,5.798000e+01,6.106806e+06,3.494246e+01,,,1.407944e+00,4
2018-04-23 05:25:02.000000,2.385890e+07,1.564648e+07,5.789600e+01,6.108852e+06,3.494609e+01,,,1.409335e+00,4
2018-04-23 05:25:03.000000,2.385893e+07,1.551089e+07,5.774600e+01,6.110897e+06,3.494971e+01,,,1.410727e+00,4
2018-04-23 05:25:04.000000,2.385896e+07,1.537529e+07,5.759600e+01,6.112942e+06,3.495333e+01,,,1.412118e+00,4
2018-04-23 05:25:05.000000,2.385899e+07,1.550859e+07,5.787000e+01,6.114988e+06,3.495695e+01,,,1.413510e+00,4
2018-04-23 05:25:06.000000,2.385902e+07,1.564189e+07,5.814400e+01,6.113700e+06,3.496058e+01,,,1.414901e+00,4
2018-04-23 05:25:07.000000,2.385905e+07,1.568785e+07,5.819800e+01,6.112412e+06,3.496420e+01,,,1.416293e+00,4
2018-04-23 05:25:08.000000,2.385908e+07,1.573382e+07,5.825200e+01,6.111124e+06,3.496783e+01,,,1.414206e+00,4
2018-04-23 05:25:09.000000,2.385912e+07,1.558903e+07,5.797600e+01,6.109836e+06,3.497145e+01,,,1.412118e+00,4
2018-04-23 05:25:10.000000,2.385915e+07,1.544424e+07,5.770000e+01,6.108548e+06,3.497507e+01,,,1.410031e+00,4
2018-04-23 05:25:11.000000,2.385911e+07,1.547143e+07,5.768400e+01,6.107261e+06,3.497869e+01,,,1.407944e+00,4
2018-04-23 05:25:12.000000,2.385907e+07,1.549863e+07,5.766800e+01,6.105973e+06,3.498232e+01,,,1.405857e+00,4
2018-04-23 05:25:13.000000,2.385903e+07,1.552583e+07,5.765200e+01,6.104685e+06,3.498594e+01,,,1.403770e+00,4
2018-04-23 05:25:14.000000,2.385899e+07,1.555302e+07,5.763600e+01,6.103397e+06,3.498956e+01,,,1.401683e+00,4
2018-04-23 05:25:15.000000,2.385895e+07,1.558022e+07,5.779000e+01,6.102109e+06,3.499319e+01,,,1.399596e+00,4
2018-04-23 05:25:16.000000,2.385891e+07,1.560741e+07,5.794400e+01,6.100821e+06,3.499681e+01,,,1.397509e+00,4
2018-04-23 05:25:17.000000,2.385888e+07,1.568785e+07,5.810800e+01,6.104533e+06,3.500043e+01,,,1.395422e+00,4
2018-04-23 05:25:18.000000,2.385884e+07,1.576829e+07,5.827200e+01,6.108246e+06,3.500406e+01,,,1.393335e+00,4
2018-04-23 05:25:19.000000,2.385880e+07,1.558098e+07,5.812000e+01,6.111958e+06,3.500768e+01,,,1.393536e+00,4
2018-04-23 05:25:20.000000,2.385876e+07,1.539368e+07,5.796800e+01,6.115669e+06,3.501130e+01,,,1.393738e+00,4
2018-04-23 05:25:21.000000,2.385872e+07,1.553157e+07,5.826400e+01,6.119382e+06,3.501493e+01,,,1.393940e+00,4
2018-04-23 05:25:22.000000,2.385868e+07,1.566947e+07,5.856000e+01,6.123094e+06,3.501855e+01,,,1.394142e+00,4
2018-04-23 05:25:23.000000,2.385864e+07,1.568670e+07,5.861800e+01,6.126806e+06,3.502217e+01,,,1.394344e+00,4
2018-04-23 05:25:24.000000,2.385860e+07,1.570394e+07,5.867600e+01,6.130518e+06,3.502579e+01,,,1.394545e+00,4
2018-04-23 05:25:25.000000,2.385857e+07,1.562925e+07,5.851900e+01,6.134230e+06,3.502942e+01,,,1.394747e+00,4
2018-04-23 05:25:26.000000,2.385853e+07,1.555455e+07,5.836200e+01,6.137942e+06,3.503304e+01,,,1.394949e+00,4
2018-04-23 05:25:27.000000,2.385849e+07,1.547986e+07,5.820500e+01,6.141654e+06,3.503667e+01,,,1.395151e+00,4
2018-04-23 05:25:28.000000,2.385845e+07,1.540517e+07,5.804800e+01,6.144381e+06,3.504029e+01,,,1.395353e+00,4
2018-04-23 05:25:29.000000,2.385841e+07,1.542126e+07,5.798600e+01,6.147109e+06,3.504391e+01,,,1.395554e+00,4
2018-04-23 05:25:30.000000,2.385837e+07,1.543734e+07,5.792400e+01,6.149836e+06,3.504753e+01,,,1.394102e+00,4
2018-04-23 05:25:31.000000,2.385833e+07,1.560627e+07,5.816000e+01,6.152563e+06,3.505116e+01,,,1.392650e+00,4
2018-04-23 05:25:32.000000,2.385829e+07,1.577519e+07,5.839600e+01,6.155291e+06,3.505478e+01,,,1.391197e+00,4
2018-04-23 05:25:33.000000,2.385826e+07,1.575795e+07,5.838000e+01,6.158018e+06,3.505840e+01,,,1.389745e+00,4
2018-04-23 05:25:34.000000,2.385822e+07,1.574071e+07,5.836400e+01,6.160745e+06,3.506203e+01,,,1.388293e+00,4
2018-04-23 05:25:35.000000,2.385818e+07,1.555226e+07,5.807200e+01,6.163473e+06,3.506565e+01,,,1.386840e+00,4
2018-04-23 05:25:36.000000,2.385814e+07,1.536380e+07,5.778000e+01,6.166200e+06,3.506927e+01,,,1.385388e+00,4
2018-04-23 05:25:37.000000,2.385810e+07,1.552123e+07,5.811200e+01,6.168927e+06,3.507290e+01,,,1.383936e+00,4
2018-04-23 05:25:38.000000,2.385806e+07,1.567866e+07,5.844400e+01,6.171654e+06,3.507652e+01,,,1.382483e+00,4
2018-04-23 05:25:39.000000,2.385802e+07,1.571888e+07,5.851800e+01,6.170896e+06,3.508014e+01,,,1.381031e+00,4
2018-04-23 05:25:40.000000,2.385799e+07,1.575910e+07,5.859200e+01,6.170139e+06,3.508377e+01,,,1.379579e+00,4
2018-04-23 05:25:41.000000,2.385795e+07,1.571830e+07,5.850200e+01,6.169381e+06,3.508739e+01,,,1.378559e+00,4
2018-04-23 05:25:42.000000,2.385791e+07,1.567751e+07,5.841200e+01,6.168624e+06,3.509101e+01,,,1.377539e+00,4
2018-04-23 05:25:43.000000,2.385804e+07,1.563672e+07,5.832200e+01,6.167866e+06,3.509464e+01,,,1.376519e+00,4
2018-04-23 05:25:44.000000,2.385817e+07,1.559592e+07,5.823200e+01,6.167109e+06,3.509826e+01,,,1.375498e+00,4
2018-04-23 05:25:45.000000,2.385830e+07,1.564648e+07,5.836100e+01,6.166351e+06,3.510188e+01,,,1.374478e+00,4
2018-04-23 05:25:46.000000,2.385843e+07,1.569705e+07,5.849000e+01,6.165594e+06,3.510551e+01,,,1.373458e+00,4
2018-04-23 05:25:47.000000,2.385856e+07,1.574761e+07,5.861900e+01,6.164836e+06,3.510913e+01,,,1.372438e+00,4
2018-04-23 05:25:48.000000,2.385868e+07,1.579817e+07,5.874800e+01,6.164079e+06,3.511275e+01,,,1.371418e+00,4
2018-04-23 05:25:49.000000,2.385881e+07,1.563270e+07,5.851000e+01,6.163321e+06,3.511637e+01,,,1.370398e+00,4
2018-04-23 05:25:50.000000,2.385894e+07,1.546722e+07,5.827200e+01,6.158245e+06,3.512000e+01,,,1.369378e+00,4
2018-04-23 05:25:51.000000,2.385907e+07,1.544424e+07,5.820600e+01,6.153169e+06,3.512362e+01,,,1.368358e+00,4
2018-04-23 05:25:52.000000,2.385920e+07,1.542126e+07,5.814000e+01,6.148094e+06,3.512725e+01,,,1.369982e+00,4
2018-04-23 05:25:53.000000,2.385933e+07,1.560512e+07,5.840400e+01,6.143018e+06,3.513087e+01,,,1.371605e+00,4
2018-04-23 05:25:54.000000,2.385946e+07,1.578898e+07,5.866800e+01,6.137942e+06,3.513449e+01,,,1.373228e+00,4
2018-04-23 05:25:55.000000,2.385959e+07,1.574186e+07,5.855600e+01,6.132866e+06,3.513811e+01,,,1.374852e+00,4
2018-04-23 05:25:56.000000,2.385972e+07,1.569475e+07,5.844400e+01,6.127791e+06,3.514174e+01,,,1.376476e+00,4
2018-04-23 05:25:57.000000,2.385985e+07,1.567349e+07,5.842900e+01,6.122715e+06,3.514536e+01,,,1.378099e+00,4
2018-04-23 05:25:58.000000,2.385998e+07,1.565223e+07,5.841400e+01,6.117639e+06,3.514898e+01,,,1.379722e+00,4
2018-04-23 05:25:59.000000,2.386011e+07,1.563097e+07,5.839900e+01,6.112563e+06,3.515261e+01,,,1.381346e+00,4
2018-04-23 05:26:00.000000,2.386024e+07,1.560971e+07,5.838400e+01,6.107488e+06,3.515623e+01,,,1.382970e+00,4
2018-04-23 05:26:01.000000,2.386036e+07,1.549595e+07,5.807000e+01,6.113852e+06,3.515985e+01,,,1.384593e+00,4
2018-04-23 05:26:02.000000,2.386049e+07,1.538219e+07,5.775600e+01,6.120215e+06,3.516348e+01,,,1.386216e+00,4
2018-04-23 05:26:03.000000,2.386062e+07,1.553847e+07,5.801000e+01,6.126579e+06,3.516710e+01,,,1.386464e+00,4
2018-04-23 05:26:04.000000,2.386075e+07,1.569475e+07,5.826400e+01,6.132942e+06,3.517072e+01,,,1.386712e+00,4
2018-04-23 05:26:05.000000,2.386088e+07,1.571198e+07,5.827600e+01,6.139306e+06,3.517435e+01,,,1.386960e+00,4
2018-04-23 05:26:06.000000,2.386101e+07,1.572922e+07,5.828800e+01,6.145669e+06,3.517797e+01,,,1.387208e+00,4
2018-04-23 05:26:07.000000,2.386114e+07,1.574646e+07,5.830000e+01,6.152033e+06,3.518159e+01,,,1.387456e+00,4
2018-04-23 05:26:08.000000,2.386127e+07,1.576370e+07,5.831200e+01,6.158397e+06,3.518521e+01,,,1.387704e+00,4
2018-04-23 05:26:09.000000,2.386140e+07,1.566487e+07,5.808400e+01,6.164761e+06,3.518884e+01,,,1.387951e+00,4
2018-04-23 05:26:10.000000,2.386153e+07,1.556605e+07,5.785600e+01,6.171124e+06,3.519246e+01,,,1.388199e+00,4
2018-04-23 05:26:11.000000,2.386166e+07,1.547641e+07,5.773600e+01,6.177488e+06,3.519609e+01,,,1.388447e+00,4
2018-04-23 05:26:12.000000,2.386179e+07,1.538678e+07,5.761600e+01,6.185669e+06,3.519971e+01,,,1.388695e+00,4
2018-04-23 05:26:13.000000,2.386192e+07,1.548446e+07,5.793200e+01,6.193852e+06,3.520333e+01,,,1.388943e+00,4
2018-04-23 05:26:14.000000,2.386205e+07,1.558213e+07,5.824800e+01,6.202033e+06,3.520695e+01,,,1.388558e+00,4
2018-04-23 05:26:15.000000,2.386217e+07,1.569705e+07,5.847000e+01,6.210215e+06,3.521058e+01,,,1.388173e+00,4
2018-04-23 05:26:16.000000,2.386230e+07,1.581196e+07,5.869200e+01,6.218397e+06,3.521420e+01,,,1.387789e+00,4
2018-04-23 05:26:17.000000,2.386224e+07,1.574933e+07,5.859200e+01,6.226579e+06,3.521783e+01,,,1.387404e+00,4
2018-04-23 05:26:18.000000,2.386217e+07,1.568670e+07,5.849200e+01,6.234761e+06,3.522145e+01,,,1.387019e+00,4
2018-04-23 05:26:19.000000,2.386210e+07,1.562408e+07,5.839200e+01,6.242942e+06,3.522507e+01,,,1.386635e+00,4
2018-04-23 05:26:20.000000,2.386204e+07,1.556145e+07,5.829200e+01,6.251124e+06,3.522869e+01,,,1.386250e+00,4
2018-04-23 05:26:21.000000,2.386197e+07,1.547182e+07,5.807600e+01,6.259306e+06,3.523232e+01,,,1.385865e+00,4
2018-04-23 05:26:22.000000,2.386190e+07,1.538219e+07,5.786000e+01,6.267488e+06,3.523594e+01,,,1.385481e+00,4
2018-04-23 05:26:23.000000,2.386183e+07,1.552697e+07,5.813800e+01,6.270215e+06,3.523956e+01,,,1.385096e+00,4
2018-04-23 05:26:24.000000,2.386177e+07,1.567177e+07,5.841600e+01,6.272942e+06,3.524319e+01,,,1.384712e+00,4
2018-04-23 05:26:25.000000,2.386170e+07,1.571084e+07,5.826600e+01,6.275669e+06,3.524681e+01,,,1.383494e+00,4
2018-04-23 05:26:26.000000,2.386163e+07,1.574991e+07,5.811600e+01,6.278396e+06,3.525043e+01,,,1.382276e+00,4
2018-04-23 05:26:27.000000,2.386157e+07,1.559592e+07,5.796600e+01,6.281124e+06,3.525406e+01,,,1.381059e+00,4
2018-04-23 05:26:28.000000,2.386150e+07,1.544194e+07,5.781600e+01,6.283851e+06,3.525768e+01,,,1.379841e+00,4
2018-04-23 05:26:29.000000,2.386143e+07,1.548216e+07,5.798000e+01,6.286579e+06,3.526130e+01,,,1.378624e+00,4
2018-04-23 05:26:30.000000,2.386137e+07,1.552238e+07,5.814400e+01,6.289306e+06,3.526493e+01,,,1.377406e+00,4
2018-04-23 05:26:31.000000,2.386130e+07,1.566487e+07,5.833400e+01,6.292033e+06,3.526855e+01,,,1.376188e+00,4
2018-04-23 05:26:32.000000,2.386123e+07,1.580736e+07,5.852400e+01,6.294760e+06,3.527217e+01,,,1.374971e+00,4
2018-04-23 05:26:33.000000,2.386117e+07,1.569015e+07,5.838400e+01,6.297487e+06,3.527579e+01,,,1.373753e+00,4
2018-04-23 05:26:34.000000,2.386110e+07,1.557294e+07,5.824400e+01,6.293093e+06,3.527942e+01,,,1.372536e+00,4
2018-04-23 05:26:35.000000,2.386103e+07,1.553502e+07,5.815400e+01,6.288700e+06,3.528304e+01,,,1.371318e+00,4
2018-04-23 05:26:36.000000,2.386096e+07,1.549710e+07,5.806400e+01,6.284306e+06,3.528667e+01,,,1.372217e+00,4
2018-04-23 05:26:37.000000,2.386090e+07,1.545918e+07,5.797400e+01,6.279912e+06,3.529029e+01,,,1.373117e+00,4
2018-04-23 05:26:38.000000,2.386083e+07,1.542126e+07,5.788400e+01,6.275518e+06,3.529391e+01,,,1.374016e+00,4
2018-04-23 05:26:39.000000,2.386077e+07,1.551089e+07,5.802400e+01,6.271124e+06,3.529753e+01,,,1.374916e+00,4
2018-04-23 05:26:40.000000,2.386070e+07,1.560052e+07,5.816400e+01,6.266730e+06,3.530116e+01,,,1.375815e+00,4
2018-04-23 05:26:41.000000,2.386063e+07,1.570049e+07,5.841000e+01,6.262336e+06,3.530478e+01,,,1.376714e+00,4
2018-04-23 05:26:42.000000,2.386056e+07,1.580047e+07,5.865600e+01,6.257942e+06,3.530840e+01,,,1.377614e+00,4
2018-04-23 05:26:43.000000,2.386050e+07,1.570969e+07,5.850400e+01,6.253548e+06,3.531203e+01,,,1.378513e+00,4
2018-04-23 05:26:44.000000,2.386043e+07,1.561891e+07,5.835200e+01,6.249154e+06,3.531565e+01,,,1.379413e+00,4
2018-04-23 05:26:45.000000,2.386036e+07,1.549710e+07,5.813600e+01,6.239533e+06,3.531927e+01,,,1.380312e+00,4
2018-04-23 05:26:46.000000,2.386030e+07,1.537529e+07,5.792000e+01,6.229912e+06,3.532290e+01,,,1.381211e+00,4
2018-04-23 05:26:47.000000,2.386023e+07,1.540919e+07,5.798700e+01,6.220291e+06,3.532652e+01,,,1.380600e+00,4
2018-04-23 05:26:48.000000,2.386016e+07,1.544309e+07,5.805400e+01,6.210669e+06,3.533014e+01,,,1.379990e+00,4
2018-04-23 05:26:49.000000,2.386028e+07,1.547699e+07,5.812100e+01,6.201048e+06,3.533377e+01,,,1.379379e+00,4
2018-04-23 05:26:50.000000,2.386039e+07,1.551089e+07,5.818800e+01,6.191427e+06,3.533739e+01,,,1.378768e+00,4
2018-04-23 05:26:51.000000,2.386050e+07,1.566487e+07,5.844000e+01,6.181806e+06,3.534101e+01,,,1.378157e+00,4
2018-04-23 05:26:52.000000,2.386061e+07,1.581885e+07,5.869200e+01,6.172185e+06,3.534464e+01,,,1.377546e+00,4
2018-04-23 05:26:53.000000,2.386072e+07,1.575106e+07,5.855400e+01,6.162563e+06,3.534826e+01,,,1.376935e+00,4
2018-04-23 05:26:54.000000,2.386084e+07,1.568326e+07,5.841600e+01,6.152942e+06,3.535188e+01,,,1.376324e+00,4
2018-04-23 05:26:55.000000,2.386095e+07,1.553272e+07,5.813600e+01,6.143321e+06,3.535551e+01,,,1.375713e+00,4
2018-04-23 05:26:56.000000,2.386106e+07,1.538219e+07,5.785600e+01,6.134912e+06,3.535913e+01,,,1.375103e+00,4
2018-04-23 05:26:57.000000,2.386117e+07,1.547756e+07,5.800800e+01,6.126503e+06,3.536275e+01,,,1.374492e+00,4
2018-04-23 05:26:58.000000,2.386129e+07,1.557294e+07,5.816000e+01,6.118094e+06,3.536637e+01,,,1.375286e+00,4
2018-04-23 05:26:59.000000,2.386140e+07,1.561316e+07,5.829300e+01,6.109685e+06,3.537000e+01,,,1.376080e+00,4
2018-04-23 05:27:00.000000,2.386151e+07,1.565338e+07,5.842600e+01,6.101275e+06,3.536348e+01,,,1.376874e+00,4
2018-04-23 05:27:01.000000,2.386162e+07,1.569360e+07,5.855900e+01,6.092867e+06,3.535696e+01,,,1.377668e+00,4
2018-04-23 05:27:02.000000,2.386174e+07,1.573382e+07,5.869200e+01,6.084458e+06,3.535043e+01,,,1.378462e+00,4
2018-04-23 05:27:03.000000,2.386185e+07,1.575450e+07,5.860400e+01,6.076048e+06,3.534391e+01,,,1.379256e+00,4
2018-04-23 05:27:04.000000,2.386196e+07,1.577519e+07,5.851600e+01,6.067639e+06,3.533739e+01,,,1.380050e+00,4
2018-04-23 05:27:05.000000,2.386207e+07,1.559478e+07,5.822600e+01,6.059230e+06,3.533087e+01,,,1.380844e+00,4
2018-04-23 05:27:06.000000,2.386219e+07,1.541436e+07,5.793600e+01,6.050821e+06,3.532435e+01,,,1.381638e+00,4
2018-04-23 05:27:07.000000,2.386230e+07,1.549250e+07,5.798800e+01,6.046276e+06,3.531783e+01,,,1.382432e+00,4
2018-04-23 05:27:08.000000,2.386241e+07,1.557064e+07,5.804000e+01,6.041730e+06,3.531131e+01,,,1.383226e+00,4
2018-04-23 05:27:09.000000,2.386252e+07,1.569590e+07,5.828600e+01,6.037185e+06,3.530478e+01,,,1.383055e+00,4
2018-04-23 05:27:10.000000,2.386263e+07,1.582115e+07,5.853200e+01,6.032640e+06,3.529826e+01,,,1.382884e+00,4
2018-04-23 05:27:11.000000,2.386275e+07,1.575680e+07,5.837800e+01,6.028094e+06,3.529174e+01,,,1.382713e+00,4
2018-04-23 05:27:12.000000,2.386286e+07,1.569245e+07,5.822400e+01,6.023548e+06,3.528522e+01,,,1.382542e+00,4
2018-04-23 05:27:13.000000,2.386297e+07,1.562523e+07,5.818100e+01,6.019003e+06,3.527869e+01,,,1.382372e+00,4
2018-04-23 05:27:14.000000,2.386308e+07,1.555800e+07,5.813800e+01,6.014458e+06,3.527217e+01,,,1.382201e+00,4
2018-04-23 05:27:15.000000,2.386320e+07,1.549078e+07,5.809500e+01,6.009912e+06,3.526565e+01,,,1.382030e+00,4
2018-04-23 05:27:16.000000,2.386331e+07,1.542355e+07,5.805200e+01,6.005367e+06,3.525913e+01,,,1.381859e+00,4
2018-04-23 05:27:17.000000,2.386342e+07,1.547297e+07,5.817200e+01,6.000821e+06,3.525261e+01,,,1.381688e+00,4
2018-04-23 05:27:18.000000,2.386353e+07,1.552238e+07,5.829200e+01,6.014079e+06,3.524609e+01,,,1.381517e+00,4
2018-04-23 05:27:19.000000,2.386365e+07,1.562235e+07,5.848400e+01,6.027336e+06,3.523957e+01,,,1.381346e+00,4
2018-04-23 05:27:20.000000,2.386376e+07,1.572233e+07,5.867600e+01,6.040594e+06,3.523304e+01,,,1.382439e+00,4
2018-04-23 05:27:21.000000,2.386347e+07,1.575335e+07,5.869600e+01,6.053852e+06,3.522652e+01,,,1.383532e+00,4
2018-04-23 05:27:22.000000,2.386318e+07,1.578438e+07,5.871600e+01,6.067109e+06,3.522000e+01,,,1.384625e+00,4
2018-04-23 05:27:23.000000,2.386288e+07,1.569015e+07,5.865800e+01,6.080367e+06,3.519261e+01,,,1.385718e+00,4
2018-04-23 05:27:24.000000,2.386259e+07,1.559592e+07,5.860000e+01,6.093624e+06,3.516522e+01,,,1.386810e+00,4
2018-04-23 05:27:25.000000,2.386230e+07,1.553847e+07,5.840400e+01,6.106882e+06,3.513783e+01,,,1.387903e+00,4
2018-04-23 05:27:26.000000,2.386201e+07,1.548101e+07,5.820800e+01,6.120139e+06,3.511044e+01,,,1.388996e+00,4
2018-04-23 05:27:27.000000,2.386172e+07,1.542355e+07,5.801200e+01,6.133397e+06,3.508305e+01,,,1.390089e+00,4
2018-04-23 05:27:28.000000,2.386142e+07,1.536610e+07,5.781600e+01,6.146654e+06,3.505565e+01,,,1.391181e+00,4
2018-04-23 05:27:29.000000,2.386113e+07,1.545803e+07,5.786600e+01,6.144912e+06,3.502826e+01,,,1.392274e+00,4
2018-04-23 05:27:30.000000,2.386084e+07,1.554996e+07,5.791600e+01,6.143169e+06,3.500087e+01,,,1.393367e+00,4
2018-04-23 05:27:31.000000,2.386055e+07,1.563384e+07,5.796000e+01,6.141427e+06,3.497348e+01,,,1.393257e+00,4
2018-04-23 05:27:32.000000,2.386026e+07,1.571773e+07,5.800400e+01,6.139685e+06,3.494609e+01,,,1.393146e+00,4
2018-04-23 05:27:33.000000,2.385997e+07,1.573842e+07,5.807600e+01,6.137942e+06,3.491870e+01,,,1.393036e+00,4
2018-04-23 05:27:34.000000,2.385967e+07,1.575910e+07,5.814800e+01,6.136200e+06,3.489130e+01,,,1.392925e+00,4
2018-04-23 05:27:35.000000,2.385938e+07,1.562925e+07,5.795600e+01,6.134458e+06,3.486391e+01,,,1.392815e+00,4
2018-04-23 05:27:36.000000,2.385909e+07,1.549940e+07,5.776400e+01,6.132715e+06,3.483652e+01,,,1.392704e+00,4
2018-04-23 05:27:37.000000,2.385880e+07,1.546492e+07,5.770800e+01,6.130973e+06,3.480913e+01,,,1.392594e+00,4
2018-04-23 05:27:38.000000,2.385851e+07,1.543045e+07,5.765200e+01,6.129230e+06,3.478174e+01,,,1.392484e+00,4
2018-04-23 05:27:39.000000,2.385822e+07,1.539598e+07,5.759600e+01,6.127488e+06,3.475435e+01,,,1.392373e+00,4
2018-04-23 05:27:40.000000,2.385792e+07,1.536150e+07,5.754000e+01,6.130367e+06,3.472696e+01,,,1.392263e+00,4
2018-04-23 05:27:41.000000,2.385763e+07,1.549480e+07,5.776800e+01,6.133245e+06,3.469957e+01,,,1.392152e+00,4
2018-04-23 05:27:42.000000,2.385734e+07,1.562810e+07,5.799600e+01,6.136124e+06,3.467217e+01,,,1.391148e+00,4
2018-04-23 05:27:43.000000,2.385705e+07,1.569245e+07,5.811000e+01,6.139003e+06,3.464478e+01,,,1.390144e+00,4
2018-04-23 05:27:44.000000,2.385676e+07,1.575680e+07,5.822400e+01,6.141882e+06,3.461739e+01,,,1.389140e+00,4
2018-04-23 05:27:45.000000,2.385646e+07,1.565223e+07,5.806000e+01,6.144760e+06,3.459000e+01,,,1.388136e+00,4
2018-04-23 05:27:46.000000,2.385617e+07,1.554766e+07,5.789600e+01,6.147639e+06,3.459544e+01,,,1.387132e+00,4
2018-04-23 05:27:47.000000,2.385588e+07,1.545343e+07,5.771400e+01,6.150518e+06,3.460087e+01,,,1.386128e+00,4
2018-04-23 05:27:48.000000,2.385559e+07,1.535920e+07,5.753200e+01,6.153397e+06,3.460630e+01,,,1.385125e+00,4
2018-04-23 05:27:49.000000,2.385530e+07,1.544884e+07,5.772000e+01,6.156275e+06,3.461174e+01,,,1.384121e+00,4
2018-04-23 05:27:50.000000,2.385500e+07,1.553847e+07,5.790800e+01,6.159154e+06,3.461717e+01,,,1.383116e+00,4
2018-04-23 05:27:51.000000,2.385471e+07,1.566257e+07,5.813200e+01,6.159836e+06,3.462261e+01,,,1.382112e+00,4
2018-04-23 05:27:52.000000,2.385442e+07,1.578668e+07,5.835600e+01,6.160518e+06,3.462804e+01,,,1.381109e+00,4
2018-04-23 05:27:53.000000,2.385413e+07,1.576369e+07,5.832500e+01,6.161200e+06,3.463348e+01,,,1.382924e+00,4
2018-04-23 05:27:54.000000,2.385384e+07,1.574071e+07,5.829400e+01,6.161881e+06,3.463891e+01,,,1.384740e+00,4
2018-04-23 05:27:55.000000,2.385392e+07,1.571773e+07,5.826300e+01,6.162563e+06,3.464435e+01,,,1.386556e+00,4
2018-04-23 05:27:56.000000,2.385401e+07,1.569475e+07,5.823200e+01,6.163245e+06,3.464978e+01,,,1.388372e+00,4
2018-04-23 05:27:57.000000,2.385409e+07,1.558098e+07,5.805600e+01,6.163927e+06,3.465522e+01,,,1.390188e+00,4
2018-04-23 05:27:58.000000,2.385418e+07,1.546722e+07,5.788000e+01,6.164609e+06,3.466065e+01,,,1.392004e+00,4
2018-04-23 05:27:59.000000,2.385426e+07,1.541321e+07,5.782000e+01,6.165291e+06,3.466609e+01,,,1.393819e+00,4
2018-04-23 05:28:00.000000,2.385435e+07,1.535920e+07,5.776000e+01,6.165973e+06,3.467152e+01,,,1.395635e+00,4
2018-04-23 05:28:01.000000,2.385443e+07,1.551434e+07,5.801600e+01,6.166654e+06,3.467696e+01,,,1.397451e+00,4
2018-04-23 05:28:02.000000,2.385452e+07,1.566947e+07,5.827200e+01,6.162639e+06,3.468239e+01,,,1.399267e+00,4
2018-04-23 05:28:03.000000,2.385460e+07,1.571428e+07,5.840400e+01,6.158624e+06,3.468783e+01,,,1.401083e+00,4
2018-04-23 05:28:04.000000,2.385469e+07,1.575910e+07,5.853600e+01,6.154609e+06,3.469326e+01,,,1.402536e+00,4
2018-04-23 05:28:05.000000,2.385477e+07,1.559133e+07,5.830400e+01,6.150594e+06,3.469870e+01,,,1.403990e+00,4
2018-04-23 05:28:06.000000,2.385486e+07,1.542355e+07,5.807200e+01,6.146579e+06,3.470413e+01,,,1.405444e+00,4
2018-04-23 05:28:07.000000,2.385494e+07,1.541206e+07,5.809000e+01,6.142563e+06,3.470956e+01,,,1.406898e+00,4
2018-04-23 05:28:08.000000,2.385503e+07,1.540057e+07,5.810800e+01,6.138548e+06,3.471500e+01,,,1.408351e+00,4
2018-04-23 05:28:09.000000,2.385511e+07,1.538908e+07,5.812600e+01,6.134533e+06,3.472044e+01,,,1.409805e+00,4
2018-04-23 05:28:10.000000,2.385520e+07,1.537759e+07,5.814400e+01,6.130518e+06,3.472587e+01,,,1.411259e+00,4
2018-04-23 05:28:11.000000,2.385528e+07,1.551893e+07,5.839000e+01,6.126503e+06,3.473130e+01,,,1.412712e+00,4
2018-04-23 05:28:12.000000,2.385536e+07,1.566027e+07,5.863600e+01,6.122488e+06,3.473674e+01,,,1.414166e+00,4
2018-04-23 05:28:13.000000,2.385545e+07,1.572003e+07,5.856400e+01,6.115669e+06,3.474217e+01,,,1.415620e+00,4
2018-04-23 05:28:14.000000,2.385554e+07,1.577978e+07,5.849200e+01,6.108852e+06,3.474761e+01,,,1.417073e+00,4
2018-04-23 05:28:15.000000,2.385562e+07,1.570969e+07,5.836200e+01,6.102033e+06,3.475304e+01,,,1.413732e+00,4
2018-04-23 05:28:16.000000,2.385571e+07,1.563959e+07,5.823200e+01,6.095215e+06,3.475848e+01,,,1.410390e+00,4
2018-04-23 05:28:17.000000,2.385579e+07,1.550284e+07,5.788400e+01,6.088397e+06,3.476391e+01,,,1.407049e+00,4
2018-04-23 05:28:18.000000,2.385587e+07,1.536610e+07,5.753600e+01,6.081579e+06,3.476935e+01,,,1.403707e+00,4
2018-04-23 05:28:19.000000,2.385596e+07,1.542011e+07,5.757100e+01,6.074761e+06,3.477478e+01,,,1.400365e+00,4
2018-04-23 05:28:20.000000,2.385604e+07,1.547411e+07,5.760600e+01,6.067942e+06,3.478022e+01,,,1.397024e+00,4
2018-04-23 05:28:21.000000,2.385613e+07,1.552812e+07,5.764100e+01,6.061124e+06,3.478565e+01,,,1.393682e+00,4
2018-04-23 05:28:22.000000,2.385621e+07,1.558213e+07,5.767600e+01,6.054306e+06,3.479109e+01,,,1.390341e+00,4
2018-04-23 05:28:23.000000,2.385630e+07,1.568441e+07,5.800600e+01,6.047488e+06,3.479652e+01,,,1.386999e+00,4
2018-04-23 05:28:24.000000,2.385638e+07,1.578668e+07,5.833600e+01,6.043094e+06,3.480196e+01,,,1.383657e+00,4
2018-04-23 05:28:25.000000,2.385620e+07,1.572807e+07,5.829000e+01,6.038700e+06,3.480739e+01,,,1.380316e+00,4
2018-04-23 05:28:26.000000,2.385601e+07,1.566947e+07,5.824400e+01,6.034306e+06,3.481283e+01,,,1.382801e+00,4
2018-04-23 05:28:27.000000,2.385583e+07,1.551778e+07,5.798200e+01,6.029912e+06,3.481826e+01,,,1.385285e+00,4
2018-04-23 05:28:28.000000,2.385564e+07,1.536610e+07,5.772000e+01,6.025518e+06,3.482370e+01,,,1.387770e+00,4
2018-04-23 05:28:29.000000,2.385546e+07,1.546263e+07,5.773800e+01,6.021124e+06,3.482913e+01,,,1.390255e+00,4
2018-04-23 05:28:30.000000,2.385527e+07,1.555915e+07,5.775600e+01,6.016730e+06,3.483456e+01,,,1.392740e+00,4
2018-04-23 05:28:31.000000,2.385509e+07,1.561201e+07,5.792900e+01,6.012336e+06,3.484000e+01,,,1.395224e+00,4
2018-04-23 05:28:32.000000,2.385490e+07,1.566487e+07,5.810200e+01,6.007942e+06,3.483783e+01,,,1.397709e+00,4
2018-04-23 05:28:33.000000,2.385472e+07,1.571773e+07,5.827500e+01,6.003548e+06,3.483565e+01,,,1.400194e+00,4
2018-04-23 05:28:34.000000,2.385453e+07,1.577059e+07,5.844800e+01,5.999154e+06,3.483348e+01,,,1.402678e+00,4
2018-04-23 05:28:35.000000,2.385435e+07,1.568441e+07,5.826800e+01,6.006351e+06,3.483130e+01,,,1.405163e+00,4
2018-04-23 05:28:36.000000,2.385416e+07,1.559822e+07,5.808800e+01,6.013548e+06,3.482913e+01,,,1.407648e+00,4
2018-04-23 05:28:37.000000,2.385398e+07,1.548561e+07,5.795400e+01,6.020745e+06,3.482696e+01,,,1.407837e+00,4
2018-04-23 05:28:38.000000,2.385379e+07,1.537299e+07,5.782000e+01,6.027942e+06,3.482478e+01,,,1.408026e+00,4
2018-04-23 05:28:39.000000,2.385361e+07,1.538104e+07,5.768000e+01,6.035139e+06,3.482261e+01,,,1.408215e+00,4
2018-04-23 05:28:40.000000,2.385342e+07,1.538908e+07,5.754000e+01,6.042336e+06,3.482043e+01,,,1.408403e+00,4
2018-04-23 05:28:41.000000,2.385324e+07,1.548676e+07,5.765100e+01,6.049533e+06,3.481826e+01,,,1.408592e+00,4
2018-04-23 05:28:42.000000,2.385305e+07,1.558443e+07,5.776200e+01,6.056730e+06,3.481609e+01,,,1.408781e+00,4
2018-04-23 05:28:43.000000,2.385287e+07,1.568211e+07,5.787300e+01,6.063927e+06,3.481391e+01,,,1.408970e+00,4
2018-04-23 05:28:44.000000,2.385268e+07,1.577978e+07,5.798400e+01,6.071125e+06,3.481174e+01,,,1.409159e+00,4
2018-04-23 05:28:45.000000,2.385250e+07,1.575853e+07,5.798300e+01,6.078321e+06,3.480957e+01,,,1.409348e+00,4
2018-04-23 05:28:46.000000,2.385231e+07,1.573727e+07,5.798200e+01,6.073473e+06,3.480739e+01,,,1.409537e+00,4
2018-04-23 05:28:47.000000,2.385213e+07,1.571601e+07,5.798100e+01,6.068625e+06,3.480522e+01,,,1.409725e+00,4
2018-04-23 05:28:48.000000,2.385194e+07,1.569475e+07,5.798000e+01,6.063776e+06,3.480304e+01,,,1.409759e+00,4
2018-04-23 05:28:49.000000,2.385176e+07,1.560282e+07,5.800000e+01,6.058927e+06,3.480087e+01,,,1.409793e+00,4
2018-04-23 05:28:50.000000,2.385157e+07,1.551089e+07,5.802000e+01,6.054079e+06,3.479869e+01,,,1.409826e+00,4
2018-04-23 05:28:51.000000,2.385139e+07,1.546033e+07,5.805000e+01,6.049230e+06,3.479652e+01,,,1.409860e+00,4
2018-04-23 05:28:52.000000,2.385120e+07,1.540977e+07,5.808000e+01,6.044382e+06,3.479435e+01,,,1.409894e+00,4
2018-04-23 05:28:53.000000,2.385102e+07,1.553157e+07,5.811000e+01,6.039533e+06,3.479218e+01,,,1.409927e+00,4
2018-04-23 05:28:54.000000,2.385083e+07,1.565338e+07,5.814000e+01,6.034685e+06,3.479000e+01,,,1.409961e+00,4
2018-04-23 05:28:55.000000,2.385065e+07,1.571084e+07,5.821800e+01,6.029836e+06,3.478783e+01,,,1.409994e+00,4
2018-04-23 05:28:56.000000,2.385046e+07,1.576829e+07,5.829600e+01,6.024988e+06,3.478565e+01,,,1.410028e+00,4
2018-04-23 05:28:57.000000,2.385028e+07,1.573094e+07,5.819900e+01,6.029609e+06,3.478348e+01,,,1.410061e+00,4
2018-04-23 05:28:58.000000,2.385009e+07,1.569360e+07,5.810200e+01,6.034230e+06,3.478130e+01,,,1.410095e+00,4
2018-04-23 05:28:59.000000,2.385018e+07,1.565625e+07,5.800500e+01,6.038852e+06,3.477913e+01,,,1.409789e+00,4
2018-04-23 05:29:00.000000,2.385027e+07,1.561891e+07,5.790800e+01,6.043473e+06,3.477695e+01,,,1.409484e+00,4
2018-04-23 05:29:01.000000,2.385035e+07,1.549480e+07,5.777000e+01,6.048094e+06,3.477478e+01,,,1.409178e+00,4
2018-04-23 05:29:02.000000,2.385044e+07,1.537069e+07,5.763200e+01,6.052715e+06,3.477261e+01,,,1.408873e+00,4
2018-04-23 05:29:03.000000,2.385053e+07,1.543045e+07,5.770800e+01,6.057336e+06,3.477044e+01,,,1.408567e+00,4
2018-04-23 05:29:04.000000,2.385062e+07,1.549020e+07,5.778400e+01,6.061958e+06,3.476826e+01,,,1.408261e+00,4
2018-04-23 05:29:05.000000,2.385070e+07,1.559592e+07,5.800200e+01,6.066579e+06,3.476609e+01,,,1.407956e+00,4
2018-04-23 05:29:06.000000,2.385079e+07,1.570164e+07,5.822000e+01,6.071200e+06,3.476391e+01,,,1.407650e+00,4
2018-04-23 05:29:07.000000,2.385088e+07,1.572118e+07,5.815400e+01,6.075821e+06,3.476174e+01,,,1.407345e+00,4
2018-04-23 05:29:08.000000,2.385096e+07,1.574071e+07,5.808800e+01,6.073018e+06,3.475956e+01,,,1.407039e+00,4
2018-04-23 05:29:09.000000,2.385105e+07,1.567292e+07,5.802600e+01,6.070215e+06,3.475739e+01,,,1.406733e+00,4
2018-04-23 05:29:10.000000,2.385114e+07,1.560512e+07,5.796400e+01,6.067412e+06,3.475522e+01,,,1.404427e+00,4
2018-04-23 05:29:11.000000,2.385123e+07,1.553732e+07,5.790200e+01,6.064609e+06,3.475304e+01,,,1.402121e+00,4
2018-04-23 05:29:12.000000,2.385131e+07,1.546952e+07,5.784000e+01,6.061806e+06,3.475087e+01,,,1.399815e+00,4
2018-04-23 05:29:13.000000,2.385140e+07,1.542126e+07,5.769200e+01,6.059003e+06,3.474870e+01,,,1.397509e+00,4
2018-04-23 05:29:14.000000,2.385149e+07,1.537299e+07,5.754400e+01,6.056200e+06,3.474652e+01,,,1.395203e+00,4
2018-04-23 05:29:15.000000,2.385157e+07,1.542470e+07,5.770000e+01,6.053397e+06,3.474435e+01,,,1.392897e+00,4
2018-04-23 05:29:16.000000,2.385166e+07,1.547641e+07,5.785600e+01,6.050594e+06,3.474217e+01,,,1.390591e+00,4
2018-04-23 05:29:17.000000,2.385175e+07,1.562006e+07,5.801800e+01,6.047791e+06,3.474000e+01,,,1.388285e+00,4
2018-04-23 05:29:18.000000,2.385184e+07,1.576370e+07,5.818000e+01,6.044988e+06,3.473782e+01,,,1.385979e+00,4
2018-04-23 05:29:19.000000,2.385192e+07,1.568785e+07,5.796800e+01,6.049533e+06,3.473565e+01,,,1.383673e+00,4
2018-04-23 05:29:20.000000,2.385201e+07,1.561201e+07,5.775600e+01,6.054079e+06,3.473348e+01,,,1.381367e+00,4
2018-04-23 05:29:21.000000,2.385210e+07,1.554996e+07,5.764900e+01,6.058624e+06,3.473130e+01,,,1.384408e+00,4
2018-04-23 05:29:22.000000,2.385219e+07,1.548791e+07,5.754200e+01,6.063169e+06,3.472913e+01,,,1.387448e+00,4
2018-04-23 05:29:23.000000,2.385227e+07,1.542585e+07,5.743500e+01,6.067715e+06,3.472696e+01,,,1.390489e+00,4
2018-04-23 05:29:24.000000,2.385236e+07,1.536380e+07,5.732800e+01,6.072261e+06,3.472478e+01,,,1.393529e+00,4
2018-04-23 05:29:25.000000,2.385245e+07,1.540287e+07,5.750600e+01,6.076806e+06,3.472261e+01,,,1.396570e+00,4
2018-04-23 05:29:26.000000,2.385253e+07,1.544194e+07,5.768400e+01,6.081352e+06,3.472043e+01,,,1.399610e+00,4
2018-04-23 05:29:27.000000,2.385262e+07,1.560627e+07,5.796600e+01,6.085897e+06,3.471826e+01,,,1.402651e+00,4
2018-04-23 05:29:28.000000,2.385271e+07,1.577059e+07,5.824800e+01,6.090442e+06,3.471609e+01,,,1.405691e+00,4
2018-04-23 05:29:29.000000,2.385280e+07,1.571084e+07,5.826000e+01,6.094988e+06,3.471391e+01,,,1.408732e+00,4
2018-04-23 05:29:30.000000,2.385288e+07,1.565108e+07,5.827200e+01,6.100367e+06,3.471174e+01,,,1.411772e+00,4
2018-04-23 05:29:31.000000,2.385295e+07,1.551434e+07,5.800800e+01,6.105745e+06,3.470956e+01,,,1.414813e+00,4
2018-04-23 05:29:32.000000,2.385302e+07,1.537759e+07,5.774400e+01,6.111124e+06,3.470739e+01,,,1.414415e+00,4
2018-04-23 05:29:33.000000,2.385309e+07,1.540402e+07,5.782300e+01,6.116503e+06,3.470522e+01,,,1.414018e+00,4
2018-04-23 05:29:34.000000,2.385317e+07,1.543045e+07,5.790200e+01,6.121882e+06,3.470304e+01,,,1.413621e+00,4
2018-04-23 05:29:35.000000,2.385324e+07,1.545688e+07,5.798100e+01,6.127260e+06,3.470087e+01,,,1.413223e+00,4
2018-04-23 05:29:36.000000,2.385331e+07,1.548331e+07,5.806000e+01,6.132639e+06,3.469870e+01,,,1.412826e+00,4
2018-04-23 05:29:37.000000,2.385338e+07,1.562580e+07,5.831600e+01,6.138018e+06,3.469652e+01,,,1.412428e+00,4
2018-04-23 05:29:38.000000,2.385345e+07,1.576829e+07,5.857200e+01,6.143397e+06,3.469435e+01,,,1.412031e+00,4
2018-04-23 05:29:39.000000,2.385352e+07,1.565108e+07,5.823600e+01,6.148775e+06,3.469217e+01,,,1.411634e+00,4
2018-04-23 05:29:40.000000,2.385359e+07,1.553387e+07,5.790000e+01,6.154154e+06,3.469000e+01,,,1.411236e+00,4
2018-04-23 05:29:41.000000,2.385366e+07,1.546607e+07,5.776600e+01,6.154760e+06,3.469646e+01,,,1.410839e+00,4
2018-04-23 05:29:42.000000,2.385373e+07,1.539827e+07,5.763200e+01,6.155366e+06,3.470292e+01,,,1.410441e+00,4
2018-04-23 05:29:43.000000,2.385380e+07,1.556720e+07,5.801400e+01,6.155973e+06,3.470938e+01,,,1.411214e+00,4
2018-04-23 05:29:44.000000,2.385387e+07,1.573612e+07,5.839600e+01,6.156579e+06,3.471584e+01,,,1.411986e+00,4
2018-04-23 05:29:45.000000,2.385395e+07,1.573439e+07,5.841000e+01,6.157185e+06,3.472230e+01,,,1.412758e+00,4
2018-04-23 05:29:46.000000,2.385402e+07,1.573267e+07,5.842400e+01,6.157791e+06,3.472876e+01,,,1.413531e+00,4
2018-04-23 05:29:47.000000,2.385409e+07,1.573094e+07,5.843800e+01,6.158396e+06,3.473521e+01,,,1.414303e+00,4
2018-04-23 05:29:48.000000,2.385416e+07,1.572922e+07,5.845200e+01,6.159002e+06,3.474168e+01,,,1.415075e+00,4
2018-04-23 05:29:49.000000,2.385423e+07,1.557984e+07,5.821600e+01,6.159609e+06,3.474813e+01,,,1.415848e+00,4
2018-04-23 05:29:50.000000,2.385430e+07,1.543045e+07,5.798000e+01,6.160215e+06,3.475460e+01,,,1.416620e+00,4
2018-04-23 05:29:51.000000,2.385437e+07,1.542011e+07,5.780600e+01,6.160821e+06,3.476105e+01,,,1.417392e+00,4
2018-04-23 05:29:52.000000,2.385444e+07,1.540977e+07,5.763200e+01,6.157942e+06,3.476751e+01,,,1.418165e+00,4
2018-04-23 05:29:53.000000,2.385451e+07,1.550859e+07,5.781800e+01,6.155063e+06,3.477398e+01,,,1.418937e+00,4
2018-04-23 05:29:54.000000,2.385458e+07,1.560741e+07,5.800400e+01,6.152185e+06,3.478043e+01,,,1.414167e+00,4
2018-04-23 05:29:55.000000,2.385465e+07,1.567981e+07,5.817400e+01,6.149306e+06,3.478689e+01,,,1.409397e+00,4
2018-04-23 05:29:56.000000,2.385472e+07,1.575220e+07,5.834400e+01,6.146427e+06,3.479335e+01,,,1.404627e+00,4
2018-04-23 05:29:57.000000,2.385480e+07,1.566315e+07,5.820700e+01,6.143548e+06,3.479981e+01,,,1.399857e+00,4
2018-04-23 05:29:58.000000,2.385487e+07,1.557409e+07,5.807000e+01,6.140669e+06,3.480627e+01,,,1.395087e+00,4
2018-04-23 05:29:59.000000,2.385494e+07,1.548503e+07,5.793300e+01,6.137791e+06,3.481273e+01,,,1.390317e+00,4
2018-04-23 05:30:00.000000,2.385501e+07,1.539597e+07,5.779600e+01,6.134912e+06,3.481919e+01,,,1.385547e+00,4
2018-04-23 05:30:01.000000,2.385508e+07,1.539483e+07,5.784000e+01,6.132033e+06,3.482565e+01,,,1.380777e+00,4
2018-04-23 05:30:02.000000,2.385515e+07,1.539368e+07,5.788400e+01,6.129154e+06,3.483211e+01,,,1.376007e+00,4
2018-04-23 05:30:03.000000,2.385523e+07,1.558673e+07,5.820600e+01,6.127639e+06,3.483857e+01,,,1.371237e+00,4
2018-04-23 05:30:04.000000,2.385530e+07,1.577978e+07,5.852800e+01,6.126124e+06,3.484503e+01,,,1.366467e+00,4
2018-04-23 05:30:05.000000,2.385538e+07,1.572462e+07,5.839400e+01,6.124609e+06,3.485149e+01,,,1.368417e+00,4
2018-04-23 05:30:06.000000,2.385545e+07,1.566947e+07,5.826000e+01,6.123094e+06,3.485795e+01,,,1.370366e+00,4
2018-04-23 05:30:07.000000,2.385553e+07,1.552812e+07,5.806800e+01,6.121579e+06,3.486441e+01,,,1.372316e+00,4
2018-04-23 05:30:08.000000,2.385560e+07,1.538678e+07,5.787600e+01,6.120063e+06,3.487087e+01,,,1.374265e+00,4
2018-04-23 05:30:09.000000,2.385568e+07,1.540115e+07,5.791500e+01,6.118548e+06,3.487733e+01,,,1.376214e+00,4
2018-04-23 05:30:10.000000,2.385576e+07,1.541551e+07,5.795400e+01,6.117033e+06,3.488379e+01,,,1.378164e+00,4
2018-04-23 05:30:11.000000,2.385583e+07,1.542987e+07,5.799300e+01,6.115518e+06,3.489025e+01,,,1.380113e+00,4
2018-04-23 05:30:12.000000,2.385591e+07,1.544424e+07,5.803200e+01,6.114003e+06,3.489671e+01,,,1.382062e+00,4
2018-04-23 05:30:13.000000,2.385598e+07,1.561891e+07,5.837000e+01,6.112488e+06,3.490317e+01,,,1.384012e+00,4
2018-04-23 05:30:14.000000,2.385606e+07,1.579357e+07,5.870800e+01,6.117867e+06,3.490963e+01,,,1.385961e+00,4
2018-04-23 05:30:15.000000,2.385613e+07,1.562695e+07,5.839600e+01,6.123245e+06,3.491608e+01,,,1.387910e+00,4
2018-04-23 05:30:16.000000,2.385621e+07,1.546033e+07,5.808400e+01,6.128624e+06,3.492255e+01,,,1.388122e+00,4
2018-04-23 05:30:17.000000,2.385629e+07,1.541666e+07,5.788400e+01,6.134003e+06,3.492900e+01,,,1.388334e+00,4
2018-04-23 05:30:18.000000,2.385636e+07,1.537299e+07,5.768400e+01,6.139382e+06,3.493546e+01,,,1.388546e+00,4
2018-04-23 05:30:19.000000,2.385644e+07,1.548101e+07,5.777400e+01,6.144760e+06,3.494193e+01,,,1.388758e+00,4
2018-04-23 05:30:20.000000,2.385651e+07,1.558903e+07,5.786400e+01,6.150139e+06,3.494838e+01,,,1.388970e+00,4
2018-04-23 05:30:21.000000,2.385659e+07,1.562925e+07,5.792800e+01,6.155518e+06,3.495485e+01,,,1.389182e+00,4
2018-04-23 05:30:22.000000,2.385666e+07,1.566947e+07,5.799200e+01,6.160897e+06,3.496130e+01,,,1.389393e+00,4
2018-04-23 05:30:23.000000,2.385674e+07,1.570969e+07,5.805600e+01,6.166275e+06,3.496776e+01,,,1.389605e+00,4
2018-04-23 05:30:24.000000,2.385681e+07,1.574991e+07,5.812000e+01,6.171654e+06,3.497422e+01,,,1.389817e+00,4
2018-04-23 05:30:25.000000,2.385689e+07,1.564534e+07,5.804800e+01,6.172488e+06,3.498068e+01,,,1.390029e+00,4
2018-04-23 05:30:26.000000,2.385697e+07,1.554077e+07,5.797600e+01,6.173321e+06,3.498714e+01,,,1.390241e+00,4
2018-04-23 05:30:27.000000,2.385704e+07,1.545573e+07,5.780000e+01,6.174154e+06,3.499360e+01,,,1.391040e+00,4
2018-04-23 05:30:28.000000,2.385712e+07,1.537069e+07,5.762400e+01,6.174988e+06,3.500006e+01,,,1.391839e+00,4
2018-04-23 05:30:29.000000,2.385719e+07,1.549020e+07,5.784400e+01,6.175821e+06,3.500652e+01,,,1.392638e+00,4
2018-04-23 05:30:30.000000,2.385727e+07,1.560971e+07,5.806400e+01,6.176654e+06,3.501298e+01,,,1.393437e+00,4
2018-04-23 05:30:31.000000,2.385734e+07,1.568326e+07,5.819000e+01,6.177487e+06,3.501944e+01,,,1.394236e+00,4
2018-04-23 05:30:32.000000,2.385742e+07,1.575680e+07,5.831600e+01,6.178321e+06,3.502590e+01,,,1.395035e+00,4
2018-04-23 05:30:33.000000,2.385750e+07,1.567694e+07,5.817900e+01,6.179154e+06,3.503236e+01,,,1.395834e+00,4
2018-04-23 05:30:34.000000,2.385757e+07,1.559707e+07,5.804200e+01,6.179987e+06,3.503882e+01,,,1.396634e+00,4
2018-04-23 05:30:35.000000,2.385765e+07,1.551721e+07,5.790500e+01,6.180821e+06,3.504528e+01,,,1.397433e+00,4
2018-04-23 05:30:36.000000,2.385772e+07,1.543734e+07,5.776800e+01,6.183624e+06,3.505174e+01,,,1.398232e+00,4
2018-04-23 05:30:37.000000,2.385780e+07,1.546263e+07,5.774200e+01,6.186427e+06,3.505820e+01,,,1.399031e+00,4
2018-04-23 05:30:38.000000,2.385789e+07,1.548791e+07,5.771600e+01,6.189230e+06,3.506466e+01,,,1.396298e+00,4
2018-04-23 05:30:39.000000,2.385797e+07,1.563384e+07,5.798200e+01,6.192033e+06,3.507112e+01,,,1.393565e+00,4
2018-04-23 05:30:40.000000,2.385805e+07,1.577978e+07,5.824800e+01,6.194836e+06,3.507758e+01,,,1.390833e+00,4
2018-04-23 05:30:41.000000,2.385813e+07,1.561201e+07,5.797600e+01,6.197639e+06,3.508404e+01,,,1.388100e+00,4
2018-04-23 05:30:42.000000,2.385821e+07,1.544424e+07,5.770400e+01,6.200442e+06,3.509050e+01,,,1.385367e+00,4
2018-04-23 05:30:43.000000,2.385829e+07,1.540287e+07,5.753000e+01,6.203245e+06,3.509695e+01,,,1.382634e+00,4
2018-04-23 05:30:44.000000,2.385838e+07,1.536150e+07,5.735600e+01,6.206048e+06,3.510342e+01,,,1.379902e+00,4
2018-04-23 05:30:45.000000,2.385846e+07,1.550055e+07,5.770200e+01,6.208851e+06,3.510987e+01,,,1.377169e+00,4
2018-04-23 05:30:46.000000,2.385854e+07,1.563959e+07,5.804800e+01,6.211654e+06,3.511633e+01,,,1.374436e+00,4
2018-04-23 05:30:47.000000,2.385862e+07,1.570969e+07,5.828600e+01,6.217563e+06,3.512280e+01,,,1.371703e+00,4
2018-04-23 05:30:48.000000,2.385870e+07,1.577978e+07,5.852400e+01,6.223473e+06,3.512925e+01,,,1.368971e+00,4
2018-04-23 05:30:49.000000,2.385879e+07,1.561661e+07,5.837400e+01,6.229381e+06,3.513571e+01,,,1.369723e+00,4
2018-04-23 05:30:50.000000,2.385887e+07,1.545343e+07,5.822400e+01,6.235291e+06,3.514217e+01,,,1.370476e+00,4
2018-04-23 05:30:51.000000,2.385895e+07,1.543160e+07,5.817400e+01,6.241200e+06,3.514863e+01,,,1.371229e+00,4
2018-04-23 05:30:52.000000,2.385903e+07,1.540977e+07,5.812400e+01,6.247109e+06,3.515509e+01,,,1.371982e+00,4
2018-04-23 05:30:53.000000,2.385911e+07,1.538793e+07,5.807400e+01,6.253018e+06,3.516155e+01,,,1.372735e+00,4
2018-04-23 05:30:54.000000,2.385919e+07,1.536610e+07,5.802400e+01,6.258927e+06,3.516801e+01,,,1.373488e+00,4
2018-04-23 05:30:55.000000,2.385928e+07,1.551204e+07,5.825400e+01,6.264836e+06,3.517447e+01,,,1.374241e+00,4
2018-04-23 05:30:56.000000,2.385936e+07,1.565798e+07,5.848400e+01,6.270745e+06,3.518093e+01,,,1.374994e+00,4
2018-04-23 05:30:57.000000,2.385944e+07,1.572118e+07,5.858600e+01,6.276654e+06,3.518739e+01,,,1.375747e+00,4
2018-04-23 05:30:58.000000,2.385952e+07,1.578438e+07,5.868800e+01,6.275669e+06,3.519385e+01,,,1.376500e+00,4
2018-04-23 05:30:59.000000,2.385960e+07,1.568096e+07,5.837000e+01,6.274685e+06,3.520031e+01,,,1.377253e+00,4
2018-04-23 05:31:00.000000,2.385968e+07,1.557754e+07,5.805200e+01,6.273700e+06,3.520677e+01,,,1.377253e+00,4
2018-04-23 05:31:01.000000,2.385977e+07,1.552410e+07,5.797300e+01,6.272715e+06,3.521323e+01,,,1.377254e+00,4
2018-04-23 05:31:02.000000,2.385985e+07,1.547067e+07,5.789400e+01,6.271730e+06,3.521969e+01,,,1.377254e+00,4
2018-04-23 05:31:03.000000,2.385993e+07,1.541723e+07,5.781500e+01,6.270745e+06,3.522615e+01,,,1.377255e+00,4
2018-04-23 05:31:04.000000,2.386001e+07,1.536380e+07,5.773600e+01,6.269760e+06,3.523261e+01,,,1.377255e+00,4
2018-04-23 05:31:05.000000,2.386009e+07,1.542585e+07,5.780600e+01,6.268775e+06,3.523907e+01,,,1.377255e+00,4
2018-04-23 05:31:06.000000,2.386018e+07,1.548791e+07,5.787600e+01,6.267791e+06,3.524553e+01,,,1.377256e+00,4
2018-04-23 05:31:07.000000,2.386026e+07,1.564074e+07,5.799000e+01,6.266806e+06,3.525199e+01,,,1.377256e+00,4
2018-04-23 05:31:08.000000,2.386034e+07,1.579357e+07,5.810400e+01,6.265821e+06,3.525845e+01,,,1.377257e+00,4
2018-04-23 05:31:09.000000,2.386042e+07,1.567406e+07,5.790400e+01,6.268169e+06,3.526491e+01,,,1.377257e+00,4
2018-04-23 05:31:10.000000,2.386050e+07,1.555455e+07,5.770400e+01,6.270518e+06,3.527137e+01,,,1.377258e+00,4
2018-04-23 05:31:11.000000,2.386066e+07,1.545918e+07,5.759200e+01,6.272866e+06,3.527782e+01,,,1.378052e+00,4
2018-04-23 05:31:12.000000,2.386082e+07,1.536380e+07,5.748000e+01,6.275215e+06,3.528429e+01,,,1.378846e+00,4
2018-04-23 05:31:13.000000,2.386098e+07,1.551548e+07,5.772000e+01,6.277563e+06,3.529074e+01,,,1.379641e+00,4
2018-04-23 05:31:14.000000,2.386114e+07,1.566717e+07,5.796000e+01,6.279912e+06,3.529720e+01,,,1.380435e+00,4
2018-04-23 05:31:15.000000,2.386129e+07,1.573267e+07,5.813800e+01,6.282260e+06,3.530367e+01,,,1.381229e+00,4
2018-04-23 05:31:16.000000,2.386145e+07,1.579817e+07,5.831600e+01,6.284609e+06,3.531012e+01,,,1.382024e+00,4
2018-04-23 05:31:17.000000,2.386161e+07,1.570739e+07,5.810600e+01,6.286958e+06,3.531658e+01,,,1.382818e+00,4
2018-04-23 05:31:18.000000,2.386177e+07,1.561661e+07,5.789600e+01,6.289306e+06,3.532304e+01,,,1.383612e+00,4
2018-04-23 05:31:19.000000,2.386193e+07,1.555513e+07,5.775600e+01,6.291654e+06,3.532950e+01,,,1.384407e+00,4
2018-04-23 05:31:20.000000,2.386209e+07,1.549365e+07,5.761600e+01,6.291200e+06,3.533596e+01,,,1.385201e+00,4
2018-04-23 05:31:21.000000,2.386225e+07,1.543217e+07,5.747600e+01,6.290745e+06,3.534242e+01,,,1.385995e+00,4
2018-04-23 05:31:22.000000,2.386240e+07,1.537069e+07,5.733600e+01,6.290291e+06,3.534888e+01,,,1.386548e+00,4
2018-04-23 05:31:23.000000,2.386256e+07,1.551893e+07,5.759600e+01,6.289836e+06,3.535534e+01,,,1.387101e+00,4
2018-04-23 05:31:24.000000,2.386272e+07,1.566717e+07,5.785600e+01,6.289381e+06,3.536180e+01,,,1.387654e+00,4
2018-04-23 05:31:25.000000,2.386288e+07,1.573382e+07,5.801000e+01,6.288927e+06,3.536826e+01,,,1.388207e+00,4
2018-04-23 05:31:26.000000,2.386304e+07,1.580047e+07,5.816400e+01,6.288473e+06,3.537472e+01,,,1.388759e+00,4
2018-04-23 05:31:27.000000,2.386319e+07,1.563959e+07,5.790200e+01,6.288018e+06,3.538118e+01,,,1.389312e+00,4
2018-04-23 05:31:28.000000,2.386335e+07,1.547871e+07,5.764000e+01,6.287563e+06,3.538764e+01,,,1.389865e+00,4
2018-04-23 05:31:29.000000,2.386351e+07,1.542700e+07,5.749000e+01,6.287109e+06,3.539410e+01,,,1.390418e+00,4
2018-04-23 05:31:30.000000,2.386367e+07,1.537529e+07,5.734000e+01,6.286654e+06,3.540056e+01,,,1.390971e+00,4
2018-04-23 05:31:31.000000,2.386383e+07,1.540919e+07,5.742800e+01,6.296958e+06,3.540702e+01,,,1.391524e+00,4
2018-04-23 05:31:32.000000,2.386399e+07,1.544309e+07,5.751600e+01,6.307260e+06,3.541348e+01,,,1.392077e+00,4
2018-04-23 05:31:33.000000,2.386414e+07,1.547699e+07,5.760400e+01,6.317563e+06,3.541994e+01,,,1.391806e+00,4
2018-04-23 05:31:34.000000,2.386430e+07,1.551089e+07,5.769200e+01,6.327866e+06,3.542640e+01,,,1.391535e+00,4
2018-04-23 05:31:35.000000,2.386446e+07,1.565338e+07,5.807400e+01,6.338169e+06,3.543286e+01,,,1.391264e+00,4
2018-04-23 05:31:36.000000,2.386462e+07,1.579587e+07,5.845600e+01,6.348472e+06,3.543932e+01,,,1.390993e+00,4
2018-04-23 05:31:37.000000,2.386478e+07,1.571543e+07,5.839200e+01,6.358775e+06,3.544577e+01,,,1.390723e+00,4
2018-04-23 05:31:38.000000,2.386494e+07,1.563499e+07,5.832800e+01,6.369078e+06,3.545224e+01,,,1.390452e+00,4
2018-04-23 05:31:39.000000,2.386510e+07,1.557984e+07,5.819000e+01,6.379381e+06,3.545869e+01,,,1.390181e+00,4
2018-04-23 05:31:40.000000,2.386525e+07,1.552468e+07,5.805200e+01,6.389684e+06,3.546515e+01,,,1.389910e+00,4
2018-04-23 05:31:41.000000,2.386541e+07,1.548905e+07,5.797500e+01,6.399987e+06,3.547161e+01,,,1.389639e+00,4
2018-04-23 05:31:42.000000,2.386557e+07,1.545343e+07,5.789800e+01,6.402639e+06,3.547807e+01,,,1.389369e+00,4
2018-04-23 05:31:43.000000,2.386564e+07,1.541781e+07,5.782100e+01,6.405291e+06,3.548454e+01,,,1.389098e+00,4
2018-04-23 05:31:44.000000,2.386570e+07,1.538219e+07,5.774400e+01,6.407942e+06,3.549099e+01,,,1.388870e+00,4
2018-04-23 05:31:45.000000,2.386577e+07,1.554881e+07,5.791800e+01,6.410593e+06,3.549745e+01,,,1.388643e+00,4
2018-04-23 05:31:46.000000,2.386584e+07,1.571543e+07,5.809200e+01,6.413245e+06,3.550391e+01,,,1.388416e+00,4
2018-04-23 05:31:47.000000,2.386590e+07,1.568556e+07,5.807200e+01,6.415896e+06,3.551037e+01,,,1.388188e+00,4
2018-04-23 05:31:48.000000,2.386597e+07,1.565568e+07,5.805200e+01,6.418548e+06,3.551683e+01,,,1.387961e+00,4
2018-04-23 05:31:49.000000,2.386604e+07,1.554077e+07,5.783400e+01,6.421200e+06,3.552329e+01,,,1.387733e+00,4
2018-04-23 05:31:50.000000,2.386610e+07,1.542585e+07,5.761600e+01,6.423851e+06,3.552975e+01,,,1.387506e+00,4
2018-04-23 05:31:51.000000,2.386617e+07,1.542355e+07,5.767600e+01,6.426503e+06,3.553621e+01,,,1.387278e+00,4
2018-04-23 05:31:52.000000,2.386624e+07,1.542126e+07,5.773600e+01,6.429154e+06,3.554267e+01,,,1.387051e+00,4
2018-04-23 05:31:53.000000,2.386630e+07,1.559018e+07,5.803200e+01,6.426806e+06,3.554913e+01,,,1.386823e+00,4
2018-04-23 05:31:54.000000,2.386637e+07,1.575910e+07,5.832800e+01,6.424458e+06,3.555559e+01,,,1.386596e+00,4
2018-04-23 05:31:55.000000,2.386644e+07,1.575335e+07,5.833000e+01,6.422109e+06,3.556205e+01,,,1.389173e+00,4
2018-04-23 05:31:56.000000,2.386651e+07,1.574761e+07,5.833200e+01,6.419760e+06,3.556851e+01,,,1.391750e+00,4
2018-04-23 05:31:57.000000,2.386657e+07,1.574186e+07,5.833400e+01,6.417412e+06,3.557497e+01,,,1.394327e+00,4
2018-04-23 05:31:58.000000,2.386664e+07,1.573612e+07,5.833600e+01,6.415063e+06,3.558143e+01,,,1.396904e+00,4
2018-04-23 05:31:59.000000,2.386671e+07,1.557294e+07,5.807800e+01,6.412715e+06,3.558789e+01,,,1.399481e+00,4
2018-04-23 05:32:00.000000,2.386677e+07,1.540977e+07,5.782000e+01,6.410366e+06,3.559435e+01,,,1.402058e+00,4
2018-04-23 05:32:01.000000,2.386684e+07,1.542700e+07,5.777000e+01,6.408018e+06,3.560081e+01,,,1.404635e+00,4
2018-04-23 05:32:02.000000,2.386691e+07,1.544424e+07,5.772000e+01,6.405669e+06,3.560727e+01,,,1.407212e+00,4
2018-04-23 05:32:03.000000,2.386697e+07,1.553617e+07,5.793000e+01,6.403321e+06,3.561373e+01,,,1.409789e+00,4
2018-04-23 05:32:04.000000,2.386704e+07,1.562810e+07,5.814000e+01,6.387412e+06,3.562019e+01,,,1.412365e+00,4
2018-04-23 05:32:05.000000,2.386711e+07,1.569360e+07,5.822600e+01,6.371502e+06,3.562664e+01,,,1.414942e+00,4
2018-04-23 05:32:06.000000,2.386717e+07,1.575910e+07,5.831200e+01,6.355594e+06,3.563311e+01,,,1.413025e+00,4
2018-04-23 05:32:07.000000,2.386724e+07,1.574588e+07,5.829400e+01,6.339685e+06,3.563956e+01,,,1.411107e+00,4
2018-04-23 05:32:08.000000,2.386731e+07,1.573267e+07,5.827600e+01,6.323775e+06,3.564602e+01,,,1.409189e+00,4
2018-04-23 05:32:09.000000,2.386737e+07,1.571945e+07,5.825800e+01,6.307866e+06,3.565248e+01,,,1.407271e+00,4
2018-04-23 05:32:10.000000,2.386744e+07,1.570624e+07,5.824000e+01,6.291957e+06,3.565894e+01,,,1.405354e+00,4
2018-04-23 05:32:11.000000,2.386751e+07,1.557524e+07,5.804000e+01,6.276048e+06,3.566540e+01,,,1.403436e+00,4
2018-04-23 05:32:12.000000,2.386757e+07,1.544424e+07,5.784000e+01,6.260139e+06,3.567186e+01,,,1.401518e+00,4
2018-04-23 05:32:13.000000,2.386739e+07,1.544654e+07,5.788400e+01,6.244230e+06,3.567832e+01,,,1.399601e+00,4
2018-04-23 05:32:14.000000,2.386720e+07,1.544884e+07,5.792800e+01,6.228321e+06,3.568478e+01,,,1.397683e+00,4
2018-04-23 05:32:15.000000,2.386701e+07,1.548101e+07,5.807800e+01,6.214457e+06,3.569124e+01,,,1.395765e+00,4
2018-04-23 05:32:16.000000,2.386682e+07,1.551319e+07,5.822800e+01,6.200594e+06,3.569770e+01,,,1.393847e+00,4
2018-04-23 05:32:17.000000,2.386663e+07,1.567062e+07,5.850200e+01,6.186730e+06,3.570416e+01,,,1.392769e+00,4
2018-04-23 05:32:18.000000,2.386645e+07,1.582805e+07,5.877600e+01,6.172866e+06,3.571062e+01,,,1.391691e+00,4
2018-04-23 05:32:19.000000,2.386626e+07,1.581828e+07,5.877400e+01,6.159003e+06,3.571708e+01,,,1.390612e+00,4
2018-04-23 05:32:20.000000,2.386607e+07,1.580851e+07,5.877200e+01,6.145139e+06,3.572354e+01,,,1.389534e+00,4
2018-04-23 05:32:21.000000,2.386588e+07,1.579874e+07,5.877000e+01,6.131276e+06,3.573000e+01,,,1.388456e+00,4
2018-04-23 05:32:22.000000,2.386569e+07,1.578898e+07,5.876800e+01,6.117412e+06,3.570087e+01,,,1.387377e+00,4
2018-04-23 05:32:23.000000,2.386551e+07,1.559362e+07,5.848800e+01,6.103548e+06,3.567174e+01,,,1.386299e+00,4
2018-04-23 05:32:24.000000,2.386532e+07,1.539827e+07,5.820800e+01,6.089685e+06,3.564261e+01,,,1.385220e+00,4
2018-04-23 05:32:25.000000,2.386513e+07,1.542126e+07,5.822400e+01,6.075821e+06,3.561348e+01,,,1.384142e+00,4
2018-04-23 05:32:26.000000,2.386494e+07,1.544424e+07,5.824000e+01,6.067867e+06,3.558435e+01,,,1.383064e+00,4
2018-04-23 05:32:27.000000,2.386475e+07,1.558673e+07,5.834200e+01,6.059912e+06,3.555522e+01,,,1.381985e+00,4
2018-04-23 05:32:28.000000,2.386457e+07,1.572922e+07,5.844400e+01,6.051958e+06,3.552609e+01,,,1.384001e+00,4
2018-04-23 05:32:29.000000,2.386438e+07,1.573727e+07,5.842800e+01,6.044003e+06,3.549696e+01,,,1.386016e+00,4
2018-04-23 05:32:30.000000,2.386419e+07,1.574531e+07,5.841200e+01,6.036048e+06,3.546783e+01,,,1.388031e+00,4
2018-04-23 05:32:31.000000,2.386400e+07,1.569015e+07,5.830300e+01,6.028094e+06,3.543870e+01,,,1.390046e+00,4
2018-04-23 05:32:32.000000,2.386381e+07,1.563499e+07,5.819400e+01,6.020140e+06,3.540956e+01,,,1.392061e+00,4
2018-04-23 05:32:33.000000,2.386363e+07,1.557984e+07,5.808500e+01,6.012185e+06,3.538044e+01,,,1.394077e+00,4
2018-04-23 05:32:34.000000,2.386344e+07,1.552468e+07,5.797600e+01,6.004230e+06,3.535130e+01,,,1.396092e+00,4
2018-04-23 05:32:35.000000,2.386325e+07,1.548676e+07,5.798600e+01,5.996276e+06,3.532217e+01,,,1.398107e+00,4
2018-04-23 05:32:36.000000,2.386306e+07,1.544884e+07,5.799600e+01,5.988321e+06,3.529305e+01,,,1.400122e+00,4
2018-04-23 05:32:37.000000,2.386287e+07,1.561546e+07,5.832600e+01,5.994609e+06,3.526391e+01,,,1.402138e+00,4
2018-04-23 05:32:38.000000,2.386269e+07,1.578208e+07,5.865600e+01,6.000897e+06,3.523478e+01,,,1.404153e+00,4
2018-04-23 05:32:39.000000,2.386250e+07,1.574301e+07,5.856400e+01,6.007185e+06,3.520565e+01,,,1.402211e+00,4
2018-04-23 05:32:40.000000,2.386231e+07,1.570394e+07,5.847200e+01,6.013473e+06,3.517652e+01,,,1.400270e+00,4
2018-04-23 05:32:41.000000,2.386212e+07,1.559362e+07,5.822600e+01,6.019761e+06,3.514739e+01,,,1.398328e+00,4
2018-04-23 05:32:42.000000,2.386193e+07,1.548331e+07,5.798000e+01,6.026048e+06,3.511826e+01,,,1.396387e+00,4
2018-04-23 05:32:43.000000,2.386175e+07,1.546492e+07,5.798800e+01,6.032336e+06,3.508913e+01,,,1.394445e+00,4
2018-04-23 05:32:44.000000,2.386156e+07,1.544654e+07,5.799600e+01,6.038624e+06,3.506000e+01,,,1.392504e+00,4
2018-04-23 05:32:45.000000,2.386137e+07,1.560971e+07,5.816200e+01,6.044912e+06,3.500609e+01,,,1.390562e+00,4
2018-04-23 05:32:46.000000,2.386118e+07,1.577289e+07,5.832800e+01,6.051200e+06,3.495218e+01,,,1.388621e+00,4
2018-04-23 05:32:47.000000,2.386078e+07,1.570624e+07,5.824000e+01,6.057488e+06,3.489826e+01,,,1.386679e+00,4
2018-04-23 05:32:48.000000,2.386037e+07,1.563959e+07,5.815200e+01,6.050442e+06,3.484435e+01,,,1.384738e+00,4
2018-04-23 05:32:49.000000,2.385997e+07,1.552008e+07,5.787400e+01,6.043397e+06,3.479044e+01,,,1.382796e+00,4
2018-04-23 05:32:50.000000,2.385957e+07,1.540057e+07,5.759600e+01,6.036352e+06,3.473652e+01,,,1.383308e+00,4
2018-04-23 05:32:51.000000,2.385916e+07,1.541838e+07,5.762000e+01,6.029306e+06,3.468261e+01,,,1.383820e+00,4
2018-04-23 05:32:52.000000,2.385876e+07,1.543619e+07,5.764400e+01,6.022261e+06,3.462870e+01,,,1.384332e+00,4
2018-04-23 05:32:53.000000,2.385836e+07,1.545401e+07,5.766800e+01,6.015215e+06,3.457478e+01,,,1.384844e+00,4
2018-04-23 05:32:54.000000,2.385795e+07,1.547182e+07,5.769200e+01,6.008169e+06,3.452087e+01,,,1.385355e+00,4
2018-04-23 05:32:55.000000,2.385755e+07,1.562120e+07,5.786600e+01,6.001124e+06,3.446696e+01,,,1.385867e+00,4
2018-04-23 05:32:56.000000,2.385714e+07,1.577059e+07,5.804000e+01,5.994079e+06,3.441304e+01,,,1.386379e+00,4
2018-04-23 05:32:57.000000,2.385674e+07,1.571084e+07,5.794800e+01,5.987033e+06,3.435913e+01,,,1.386891e+00,4
2018-04-23 05:32:58.000000,2.385634e+07,1.565108e+07,5.785600e+01,5.979988e+06,3.430522e+01,,,1.387403e+00,4
2018-04-23 05:32:59.000000,2.385593e+07,1.549135e+07,5.767400e+01,5.975669e+06,3.425130e+01,,,1.387914e+00,4
2018-04-23 05:33:00.000000,2.385553e+07,1.533162e+07,5.749200e+01,5.971352e+06,3.419739e+01,,,1.388426e+00,4
2018-04-23 05:33:01.000000,2.385513e+07,1.538678e+07,5.765400e+01,5.967033e+06,3.414348e+01,,,1.388754e+00,4
2018-04-23 05:33:02.000000,2.385472e+07,1.544194e+07,5.781600e+01,5.962715e+06,3.408957e+01,,,1.389081e+00,4
2018-04-23 05:33:03.000000,2.385432e+07,1.558443e+07,5.798800e+01,5.958397e+06,3.403565e+01,,,1.389409e+00,4
2018-04-23 05:33:04.000000,2.385392e+07,1.572692e+07,5.816000e+01,5.954079e+06,3.398174e+01,,,1.389736e+00,4
2018-04-23 05:33:05.000000,2.385351e+07,1.569475e+07,5.815200e+01,5.949761e+06,3.392783e+01,,,1.390063e+00,4
2018-04-23 05:33:06.000000,2.385311e+07,1.566257e+07,5.814400e+01,5.945442e+06,3.387391e+01,,,1.390391e+00,4
2018-04-23 05:33:07.000000,2.385270e+07,1.563040e+07,5.813600e+01,5.941124e+06,3.382000e+01,,,1.390718e+00,4
2018-04-23 05:33:08.000000,2.385230e+07,1.559822e+07,5.812800e+01,5.936806e+06,3.379391e+01,,,1.391046e+00,4
2018-04-23 05:33:09.000000,2.385190e+07,1.546492e+07,5.788400e+01,5.932488e+06,3.376783e+01,,,1.391373e+00,4
2018-04-23 05:33:10.000000,2.385149e+07,1.533162e+07,5.764000e+01,5.940594e+06,3.374174e+01,,,1.391701e+00,4
2018-04-23 05:33:11.000000,2.385109e+07,1.537759e+07,5.777000e+01,5.948700e+06,3.371565e+01,,,1.392028e+00,4
2018-04-23 05:33:12.000000,2.385069e+07,1.542355e+07,5.790000e+01,5.956806e+06,3.368956e+01,,,1.391785e+00,4
2018-04-23 05:33:13.000000,2.385028e+07,1.559018e+07,5.808400e+01,5.964912e+06,3.366348e+01,,,1.391543e+00,4
2018-04-23 05:33:14.000000,2.384988e+07,1.575680e+07,5.826800e+01,5.973018e+06,3.363739e+01,,,1.391300e+00,4
2018-04-23 05:33:15.000000,2.384948e+07,1.565912e+07,5.806200e+01,5.981124e+06,3.361131e+01,,,1.391058e+00,4
2018-04-23 05:33:16.000000,2.384907e+07,1.556145e+07,5.785600e+01,5.989230e+06,3.358522e+01,,,1.390815e+00,4
2018-04-23 05:33:17.000000,2.384890e+07,1.544998e+07,5.772000e+01,5.997336e+06,3.355913e+01,,,1.390572e+00,4
2018-04-23 05:33:18.000000,2.384874e+07,1.533852e+07,5.758400e+01,6.005442e+06,3.353304e+01,,,1.390330e+00,4
2018-04-23 05:33:19.000000,2.384857e+07,1.538219e+07,5.766400e+01,6.013548e+06,3.350696e+01,,,1.390087e+00,4
2018-04-23 05:33:20.000000,2.384841e+07,1.542585e+07,5.774400e+01,6.021654e+06,3.348087e+01,,,1.389845e+00,4
2018-04-23 05:33:21.000000,2.384824e+07,1.546952e+07,5.782400e+01,6.031654e+06,3.345478e+01,,,1.389602e+00,4
2018-04-23 05:33:22.000000,2.384808e+07,1.551319e+07,5.790400e+01,6.041654e+06,3.342870e+01,,,1.389359e+00,4
2018-04-23 05:33:23.000000,2.384791e+07,1.561891e+07,5.819800e+01,6.051654e+06,3.340261e+01,,,1.389895e+00,4
2018-04-23 05:33:24.000000,2.384774e+07,1.572463e+07,5.849200e+01,6.061654e+06,3.337652e+01,,,1.390431e+00,4
2018-04-23 05:33:25.000000,2.384758e+07,1.569820e+07,5.820800e+01,6.071654e+06,3.335044e+01,,,1.390967e+00,4
2018-04-23 05:33:26.000000,2.384741e+07,1.567177e+07,5.792400e+01,6.081654e+06,3.332435e+01,,,1.391502e+00,4
2018-04-23 05:33:27.000000,2.384725e+07,1.554077e+07,5.784200e+01,6.091654e+06,3.329826e+01,,,1.392038e+00,4
2018-04-23 05:33:28.000000,2.384708e+07,1.540977e+07,5.776000e+01,6.101654e+06,3.327217e+01,,,1.392574e+00,4
2018-04-23 05:33:29.000000,2.384692e+07,1.538621e+07,5.775100e+01,6.111654e+06,3.324609e+01,,,1.393110e+00,4
2018-04-23 05:33:30.000000,2.384675e+07,1.536265e+07,5.774200e+01,6.121654e+06,3.322000e+01,,,1.393645e+00,4
2018-04-23 05:33:31.000000,2.384659e+07,1.533909e+07,5.773300e+01,6.131654e+06,3.322696e+01,,,1.394181e+00,4
2018-04-23 05:33:32.000000,2.384642e+07,1.531554e+07,5.772400e+01,6.138018e+06,3.323391e+01,,,1.394717e+00,4
2018-04-23 05:33:33.000000,2.384625e+07,1.539827e+07,5.796800e+01,6.144381e+06,3.324087e+01,,,1.395253e+00,4
2018-04-23 05:33:34.000000,2.384609e+07,1.548101e+07,5.821200e+01,6.150745e+06,3.324783e+01,,,1.393097e+00,4
2018-04-23 05:33:35.000000,2.384592e+07,1.560397e+07,5.832400e+01,6.157109e+06,3.325478e+01,,,1.390942e+00,4
2018-04-23 05:33:36.000000,2.384576e+07,1.572692e+07,5.843600e+01,6.163473e+06,3.326174e+01,,,1.388787e+00,4
2018-04-23 05:33:37.000000,2.384559e+07,1.569705e+07,5.836400e+01,6.169836e+06,3.326870e+01,,,1.386632e+00,4
2018-04-23 05:33:38.000000,2.384543e+07,1.566717e+07,5.829200e+01,6.176200e+06,3.327565e+01,,,1.384477e+00,4
2018-04-23 05:33:39.000000,2.384526e+07,1.553157e+07,5.806800e+01,6.182563e+06,3.328261e+01,,,1.382322e+00,4
2018-04-23 05:33:40.000000,2.384509e+07,1.539597e+07,5.784400e+01,6.188927e+06,3.328957e+01,,,1.380166e+00,4
2018-04-23 05:33:41.000000,2.384493e+07,1.535576e+07,5.782400e+01,6.195291e+06,3.329652e+01,,,1.378011e+00,4
2018-04-23 05:33:42.000000,2.384476e+07,1.531554e+07,5.780400e+01,6.201654e+06,3.330348e+01,,,1.375856e+00,4
2018-04-23 05:33:43.000000,2.384460e+07,1.535920e+07,5.788800e+01,6.203548e+06,3.331044e+01,,,1.373701e+00,4
2018-04-23 05:33:44.000000,2.384443e+07,1.540287e+07,5.797200e+01,6.205442e+06,3.331739e+01,,,1.371546e+00,4
2018-04-23 05:33:45.000000,2.384427e+07,1.544654e+07,5.805600e+01,6.207336e+06,3.332435e+01,,,1.371854e+00,4
2018-04-23 05:33:46.000000,2.384410e+07,1.549020e+07,5.814000e+01,6.209230e+06,3.333131e+01,,,1.372162e+00,4
2018-04-23 05:33:47.000000,2.384393e+07,1.560971e+07,5.844600e+01,6.211124e+06,3.333826e+01,,,1.372471e+00,4
2018-04-23 05:33:48.000000,2.384377e+07,1.572922e+07,5.875200e+01,6.213018e+06,3.334522e+01,,,1.372779e+00,4
2018-04-23 05:33:49.000000,2.384360e+07,1.570049e+07,5.872200e+01,6.214912e+06,3.335218e+01,,,1.373087e+00,4
2018-04-23 05:33:50.000000,2.384344e+07,1.567177e+07,5.869200e+01,6.216806e+06,3.335913e+01,,,1.373396e+00,4
2018-04-23 05:33:51.000000,2.384380e+07,1.555111e+07,5.846600e+01,6.218700e+06,3.336609e+01,,,1.373704e+00,4
2018-04-23 05:33:52.000000,2.384415e+07,1.543045e+07,5.824000e+01,6.220594e+06,3.337304e+01,,,1.374012e+00,4
2018-04-23 05:33:53.000000,2.384451e+07,1.538104e+07,5.813200e+01,6.222488e+06,3.338000e+01,,,1.374321e+00,4
2018-04-23 05:33:54.000000,2.384487e+07,1.533162e+07,5.802400e+01,6.218927e+06,3.341565e+01,,,1.374629e+00,4
2018-04-23 05:33:55.000000,2.384523e+07,1.542930e+07,5.805800e+01,6.215367e+06,3.345131e+01,,,1.374937e+00,4
2018-04-23 05:33:56.000000,2.384559e+07,1.552698e+07,5.809200e+01,6.211806e+06,3.348696e+01,,,1.376501e+00,4
2018-04-23 05:33:57.000000,2.384594e+07,1.563040e+07,5.820400e+01,6.208245e+06,3.352261e+01,,,1.378064e+00,4
2018-04-23 05:33:58.000000,2.384630e+07,1.573382e+07,5.831600e+01,6.204685e+06,3.355826e+01,,,1.379628e+00,4
2018-04-23 05:33:59.000000,2.384666e+07,1.569245e+07,5.833600e+01,6.201124e+06,3.359391e+01,,,1.381191e+00,4
2018-04-23 05:34:00.000000,2.384702e+07,1.565108e+07,5.835600e+01,6.197563e+06,3.362957e+01,,,1.382755e+00,4
2018-04-23 05:34:01.000000,2.384738e+07,1.559880e+07,5.827700e+01,6.194003e+06,3.366522e+01,,,1.384318e+00,4
2018-04-23 05:34:02.000000,2.384774e+07,1.554651e+07,5.819800e+01,6.190442e+06,3.370087e+01,,,1.385882e+00,4
2018-04-23 05:34:03.000000,2.384809e+07,1.549423e+07,5.811900e+01,6.186881e+06,3.373652e+01,,,1.387445e+00,4
2018-04-23 05:34:04.000000,2.384845e+07,1.544194e+07,5.804000e+01,6.183321e+06,3.377217e+01,,,1.389009e+00,4
2018-04-23 05:34:05.000000,2.384881e+07,1.544539e+07,5.796400e+01,6.172412e+06,3.380783e+01,,,1.390572e+00,4
2018-04-23 05:34:06.000000,2.384917e+07,1.544884e+07,5.788800e+01,6.161503e+06,3.384348e+01,,,1.392135e+00,4
2018-04-23 05:34:07.000000,2.384953e+07,1.559937e+07,5.808000e+01,6.150594e+06,3.387913e+01,,,1.391411e+00,4
2018-04-23 05:34:08.000000,2.384988e+07,1.574991e+07,5.827200e+01,6.139685e+06,3.391478e+01,,,1.390687e+00,4
2018-04-23 05:34:09.000000,2.385024e+07,1.569475e+07,5.822800e+01,6.128775e+06,3.395044e+01,,,1.389963e+00,4
2018-04-23 05:34:10.000000,2.385060e+07,1.563959e+07,5.818400e+01,6.117867e+06,3.398609e+01,,,1.389239e+00,4
2018-04-23 05:34:11.000000,2.385096e+07,1.551434e+07,5.810200e+01,6.106958e+06,3.402174e+01,,,1.388515e+00,4
2018-04-23 05:34:12.000000,2.385132e+07,1.538908e+07,5.802000e+01,6.096048e+06,3.405739e+01,,,1.387791e+00,4
2018-04-23 05:34:13.000000,2.385168e+07,1.544654e+07,5.814600e+01,6.085139e+06,3.409304e+01,,,1.387067e+00,4
2018-04-23 05:34:14.000000,2.385203e+07,1.550399e+07,5.827200e+01,6.074230e+06,3.412870e+01,,,1.386343e+00,4
2018-04-23 05:34:15.000000,2.385239e+07,1.559248e+07,5.840000e+01,6.063321e+06,3.416435e+01,,,1.385618e+00,4
2018-04-23 05:34:16.000000,2.385275e+07,1.568096e+07,5.852800e+01,6.057185e+06,3.420000e+01,,,1.384894e+00,4
2018-04-23 05:34:17.000000,2.385311e+07,1.570107e+07,5.855500e+01,6.051048e+06,3.421435e+01,,,1.384170e+00,4
2018-04-23 05:34:18.000000,2.385347e+07,1.572118e+07,5.858200e+01,6.044912e+06,3.422869e+01,,,1.385684e+00,4
2018-04-23 05:34:19.000000,2.385382e+07,1.574129e+07,5.860900e+01,6.038776e+06,3.424305e+01,,,1.387198e+00,4
2018-04-23 05:34:20.000000,2.385418e+07,1.576140e+07,5.863600e+01,6.032640e+06,3.425739e+01,,,1.388711e+00,4
2018-04-23 05:34:21.000000,2.385454e+07,1.559018e+07,5.824200e+01,6.026503e+06,3.427174e+01,,,1.390225e+00,4
2018-04-23 05:34:22.000000,2.385490e+07,1.541896e+07,5.784800e+01,6.020367e+06,3.428609e+01,,,1.391739e+00,4
2018-04-23 05:34:23.000000,2.385526e+07,1.542700e+07,5.781600e+01,6.014230e+06,3.430043e+01,,,1.393252e+00,4
2018-04-23 05:34:24.000000,2.385562e+07,1.543505e+07,5.778400e+01,6.008094e+06,3.431478e+01,,,1.394766e+00,4
2018-04-23 05:34:25.000000,2.385532e+07,1.559937e+07,5.810400e+01,6.001958e+06,3.432913e+01,,,1.396280e+00,4
2018-04-23 05:34:26.000000,2.385503e+07,1.576370e+07,5.842400e+01,5.995821e+06,3.434348e+01,,,1.397793e+00,4
2018-04-23 05:34:27.000000,2.385473e+07,1.567406e+07,5.830800e+01,5.993548e+06,3.435783e+01,,,1.399307e+00,4
2018-04-23 05:34:28.000000,2.385444e+07,1.558443e+07,5.819200e+01,5.991276e+06,3.437217e+01,,,1.400821e+00,4
2018-04-23 05:34:29.000000,2.385414e+07,1.552985e+07,5.816700e+01,5.989003e+06,3.438652e+01,,,1.398795e+00,4
2018-04-23 05:34:30.000000,2.385385e+07,1.547527e+07,5.814200e+01,5.986730e+06,3.440087e+01,,,1.396768e+00,4
2018-04-23 05:34:31.000000,2.385355e+07,1.542068e+07,5.811700e+01,5.984458e+06,3.441522e+01,,,1.394742e+00,4
2018-04-23 05:34:32.000000,2.385326e+07,1.536610e+07,5.809200e+01,5.982185e+06,3.442957e+01,,,1.392716e+00,4
2018-04-23 05:34:33.000000,2.385296e+07,1.541666e+07,5.807200e+01,5.979912e+06,3.444391e+01,,,1.390690e+00,4
2018-04-23 05:34:34.000000,2.385267e+07,1.546722e+07,5.805200e+01,5.977640e+06,3.445826e+01,,,1.388664e+00,4
2018-04-23 05:34:35.000000,2.385237e+07,1.561776e+07,5.829200e+01,5.975367e+06,3.447261e+01,,,1.386638e+00,4
2018-04-23 05:34:36.000000,2.385208e+07,1.576829e+07,5.853200e+01,5.973094e+06,3.448695e+01,,,1.384611e+00,4
2018-04-23 05:34:37.000000,2.385178e+07,1.560167e+07,5.822400e+01,5.970821e+06,3.450130e+01,,,1.382585e+00,4
2018-04-23 05:34:38.000000,2.385149e+07,1.543505e+07,5.791600e+01,5.973397e+06,3.451565e+01,,,1.380559e+00,4
2018-04-23 05:34:39.000000,2.385119e+07,1.539253e+07,5.797000e+01,5.975973e+06,3.453000e+01,,,1.378533e+00,4
2018-04-23 05:34:40.000000,2.385090e+07,1.535001e+07,5.802400e+01,5.978548e+06,3.451435e+01,,,1.378701e+00,4
2018-04-23 05:34:41.000000,2.385060e+07,1.543792e+07,5.816300e+01,5.981124e+06,3.449870e+01,,,1.378869e+00,4
2018-04-23 05:34:42.000000,2.385031e+07,1.552583e+07,5.830200e+01,5.983700e+06,3.448304e+01,,,1.379036e+00,4
2018-04-23 05:34:43.000000,2.385002e+07,1.561374e+07,5.844100e+01,5.986276e+06,3.446739e+01,,,1.379204e+00,4
2018-04-23 05:34:44.000000,2.384972e+07,1.570164e+07,5.858000e+01,5.988852e+06,3.445174e+01,,,1.379372e+00,4
2018-04-23 05:34:45.000000,2.384943e+07,1.564993e+07,5.835200e+01,5.991427e+06,3.443608e+01,,,1.379540e+00,4
2018-04-23 05:34:46.000000,2.384913e+07,1.559822e+07,5.812400e+01,5.994003e+06,3.442043e+01,,,1.379708e+00,4
2018-04-23 05:34:47.000000,2.384884e+07,1.547297e+07,5.784800e+01,5.996579e+06,3.440478e+01,,,1.379875e+00,4
2018-04-23 05:34:48.000000,2.384854e+07,1.534771e+07,5.757200e+01,5.999154e+06,3.438913e+01,,,1.380043e+00,4
2018-04-23 05:34:49.000000,2.384825e+07,1.547986e+07,5.779400e+01,6.005821e+06,3.437348e+01,,,1.380211e+00,4
2018-04-23 05:34:50.000000,2.384795e+07,1.561201e+07,5.801600e+01,6.012488e+06,3.435783e+01,,,1.380379e+00,4
2018-04-23 05:34:51.000000,2.384766e+07,1.567981e+07,5.817600e+01,6.019154e+06,3.434217e+01,,,1.380965e+00,4
2018-04-23 05:34:52.000000,2.384736e+07,1.574761e+07,5.833600e+01,6.025821e+06,3.432652e+01,,,1.381551e+00,4
2018-04-23 05:34:53.000000,2.384707e+07,1.567119e+07,5.824400e+01,6.032488e+06,3.431087e+01,,,1.382137e+00,4
2018-04-23 05:34:54.000000,2.384677e+07,1.559477e+07,5.815200e+01,6.039154e+06,3.429522e+01,,,1.382724e+00,4
2018-04-23 05:34:55.000000,2.384648e+07,1.551836e+07,5.806000e+01,6.045821e+06,3.427956e+01,,,1.383310e+00,4
2018-04-23 05:34:56.000000,2.384618e+07,1.544194e+07,5.796800e+01,6.052488e+06,3.426391e+01,,,1.383896e+00,4
2018-04-23 05:34:57.000000,2.384622e+07,1.543390e+07,5.801000e+01,6.059154e+06,3.424826e+01,,,1.384482e+00,4
2018-04-23 05:34:58.000000,2.384626e+07,1.542585e+07,5.805200e+01,6.065821e+06,3.423261e+01,,,1.385068e+00,4
2018-04-23 05:34:59.000000,2.384630e+07,1.558214e+07,5.825400e+01,6.072488e+06,3.421695e+01,,,1.385655e+00,4
2018-04-23 05:35:00.000000,2.384634e+07,1.573842e+07,5.845600e+01,6.074306e+06,3.420130e+01,,,1.386241e+00,4
2018-04-23 05:35:01.000000,2.384638e+07,1.566947e+07,5.827800e+01,6.076124e+06,3.418565e+01,,,1.386827e+00,4
2018-04-23 05:35:02.000000,2.384642e+07,1.560052e+07,5.810000e+01,6.077942e+06,3.417000e+01,,,1.387476e+00,4
2018-04-23 05:35:03.000000,2.384646e+07,1.546377e+07,5.794800e+01,6.079761e+06,3.418065e+01,,,1.388124e+00,4
2018-04-23 05:35:04.000000,2.384650e+07,1.532703e+07,5.779600e+01,6.081579e+06,3.419130e+01,,,1.388773e+00,4
2018-04-23 05:35:05.000000,2.384654e+07,1.534139e+07,5.779900e+01,6.083397e+06,3.420195e+01,,,1.389422e+00,4
2018-04-23 05:35:06.000000,2.384658e+07,1.535576e+07,5.780200e+01,6.085215e+06,3.421261e+01,,,1.390070e+00,4
2018-04-23 05:35:07.000000,2.384662e+07,1.537012e+07,5.780500e+01,6.087033e+06,3.422326e+01,,,1.390719e+00,4
2018-04-23 05:35:08.000000,2.384665e+07,1.538448e+07,5.780800e+01,6.088852e+06,3.423391e+01,,,1.391367e+00,4
2018-04-23 05:35:09.000000,2.384669e+07,1.555915e+07,5.812200e+01,6.090669e+06,3.424456e+01,,,1.392016e+00,4
2018-04-23 05:35:10.000000,2.384673e+07,1.573382e+07,5.843600e+01,6.092488e+06,3.425521e+01,,,1.392665e+00,4
2018-04-23 05:35:11.000000,2.384677e+07,1.560282e+07,5.818200e+01,6.092942e+06,3.426587e+01,,,1.393313e+00,4
2018-04-23 05:35:12.000000,2.384681e+07,1.547182e+07,5.792800e+01,6.093397e+06,3.427652e+01,,,1.393962e+00,4
2018-04-23 05:35:13.000000,2.384685e+07,1.539253e+07,5.785600e+01,6.093852e+06,3.428717e+01,,,1.393186e+00,4
2018-04-23 05:35:14.000000,2.384689e+07,1.531324e+07,5.778400e+01,6.094306e+06,3.429782e+01,,,1.392411e+00,4
2018-04-23 05:35:15.000000,2.384693e+07,1.540862e+07,5.798200e+01,6.094761e+06,3.430848e+01,,,1.391635e+00,4
2018-04-23 05:35:16.000000,2.384697e+07,1.550399e+07,5.818000e+01,6.095215e+06,3.431913e+01,,,1.390860e+00,4
2018-04-23 05:35:17.000000,2.384701e+07,1.555858e+07,5.823700e+01,6.095669e+06,3.432978e+01,,,1.390084e+00,4
2018-04-23 05:35:18.000000,2.384705e+07,1.561316e+07,5.829400e+01,6.096124e+06,3.434044e+01,,,1.389309e+00,4
2018-04-23 05:35:19.000000,2.384709e+07,1.566774e+07,5.835100e+01,6.096579e+06,3.435109e+01,,,1.388534e+00,4
2018-04-23 05:35:20.000000,2.384713e+07,1.572233e+07,5.840800e+01,6.097033e+06,3.436174e+01,,,1.387758e+00,4
2018-04-23 05:35:21.000000,2.384716e+07,1.555915e+07,5.830000e+01,6.097488e+06,3.437239e+01,,,1.386983e+00,4
2018-04-23 05:35:22.000000,2.384720e+07,1.539597e+07,5.819200e+01,6.100367e+06,3.438304e+01,,,1.386207e+00,4
2018-04-23 05:35:23.000000,2.384724e+07,1.535805e+07,5.816200e+01,6.103245e+06,3.439370e+01,,,1.385432e+00,4
2018-04-23 05:35:24.000000,2.384728e+07,1.532013e+07,5.813200e+01,6.106124e+06,3.440435e+01,,,1.389782e+00,4
2018-04-23 05:35:25.000000,2.384732e+07,1.547527e+07,5.833800e+01,6.109003e+06,3.441500e+01,,,1.394132e+00,4
2018-04-23 05:35:26.000000,2.384736e+07,1.563040e+07,5.854400e+01,6.111882e+06,3.442565e+01,,,1.398483e+00,4
2018-04-23 05:35:27.000000,2.384745e+07,1.567981e+07,5.857200e+01,6.114760e+06,3.443630e+01,,,1.402833e+00,4
2018-04-23 05:35:28.000000,2.384755e+07,1.572922e+07,5.860000e+01,6.117639e+06,3.444696e+01,,,1.407183e+00,4
2018-04-23 05:35:29.000000,2.384764e+07,1.566602e+07,5.842600e+01,6.120518e+06,3.445761e+01,,,1.411534e+00,4
2018-04-23 05:35:30.000000,2.384773e+07,1.560282e+07,5.825200e+01,6.123397e+06,3.446826e+01,,,1.415884e+00,4
2018-04-23 05:35:31.000000,2.384782e+07,1.553962e+07,5.807800e+01,6.126275e+06,3.447891e+01,,,1.420235e+00,4
2018-04-23 05:35:32.000000,2.384792e+07,1.547641e+07,5.790400e+01,6.129154e+06,3.448956e+01,,,1.424585e+00,4
2018-04-23 05:35:33.000000,2.384801e+07,1.543160e+07,5.783000e+01,6.140442e+06,3.450022e+01,,,1.428935e+00,4
2018-04-23 05:35:34.000000,2.384810e+07,1.538678e+07,5.775600e+01,6.151730e+06,3.451087e+01,,,1.433286e+00,4
2018-04-23 05:35:35.000000,2.384819e+07,1.552583e+07,5.790000e+01,6.163018e+06,3.452152e+01,,,1.429871e+00,4
2018-04-23 05:35:36.000000,2.384829e+07,1.566487e+07,5.804400e+01,6.174306e+06,3.453217e+01,,,1.426457e+00,4
2018-04-23 05:35:37.000000,2.384838e+07,1.571084e+07,5.825000e+01,6.185594e+06,3.454282e+01,,,1.423043e+00,4
2018-04-23 05:35:38.000000,2.384847e+07,1.575680e+07,5.845600e+01,6.196881e+06,3.455348e+01,,,1.419628e+00,4
2018-04-23 05:35:39.000000,2.384857e+07,1.562350e+07,5.824400e+01,6.208169e+06,3.456413e+01,,,1.416214e+00,4
2018-04-23 05:35:40.000000,2.384866e+07,1.549020e+07,5.803200e+01,6.219457e+06,3.457478e+01,,,1.412800e+00,4
2018-04-23 05:35:41.000000,2.384875e+07,1.544998e+07,5.793800e+01,6.230745e+06,3.458543e+01,,,1.409385e+00,4
2018-04-23 05:35:42.000000,2.384884e+07,1.540977e+07,5.784400e+01,6.242033e+06,3.459609e+01,,,1.405971e+00,4
2018-04-23 05:35:43.000000,2.384894e+07,1.536954e+07,5.775000e+01,6.253321e+06,3.460674e+01,,,1.402557e+00,4
2018-04-23 05:35:44.000000,2.384903e+07,1.532933e+07,5.765600e+01,6.257866e+06,3.461739e+01,,,1.399142e+00,4
2018-04-23 05:35:45.000000,2.384912e+07,1.550399e+07,5.788800e+01,6.262412e+06,3.462804e+01,,,1.395728e+00,4
2018-04-23 05:35:46.000000,2.384922e+07,1.567866e+07,5.812000e+01,6.266957e+06,3.463869e+01,,,1.398431e+00,4
2018-04-23 05:35:47.000000,2.384931e+07,1.571888e+07,5.824200e+01,6.271502e+06,3.464935e+01,,,1.401133e+00,4
2018-04-23 05:35:48.000000,2.384940e+07,1.575910e+07,5.836400e+01,6.276048e+06,3.466000e+01,,,1.403835e+00,4
2018-04-23 05:35:49.000000,2.384949e+07,1.563270e+07,5.828400e+01,6.280594e+06,3.467855e+01,,,1.406538e+00,4
2018-04-23 05:35:50.000000,2.384959e+07,1.550629e+07,5.820400e+01,6.285139e+06,3.469710e+01,,,1.409240e+00,4
2018-04-23 05:35:51.000000,2.384968e+07,1.541781e+07,5.799000e+01,6.289685e+06,3.471565e+01,,,1.411943e+00,4
2018-04-23 05:35:52.000000,2.384977e+07,1.532933e+07,5.777600e+01,6.294230e+06,3.473420e+01,,,1.414645e+00,4
2018-04-23 05:35:53.000000,2.384986e+07,1.543390e+07,5.799900e+01,6.298775e+06,3.475275e+01,,,1.417348e+00,4
2018-04-23 05:35:54.000000,2.384996e+07,1.553847e+07,5.822200e+01,6.303321e+06,3.477131e+01,,,1.420050e+00,4
2018-04-23 05:35:55.000000,2.385005e+07,1.564304e+07,5.844500e+01,6.306275e+06,3.478986e+01,,,1.422753e+00,4
2018-04-23 05:35:56.000000,2.385014e+07,1.574761e+07,5.866800e+01,6.309230e+06,3.480841e+01,,,1.425455e+00,4
2018-04-23 05:35:57.000000,2.385024e+07,1.569475e+07,5.859400e+01,6.312185e+06,3.482696e+01,,,1.422834e+00,4
2018-04-23 05:35:58.000000,2.385033e+07,1.564189e+07,5.852000e+01,6.315139e+06,3.484551e+01,,,1.420212e+00,4
2018-04-23 05:35:59.000000,2.385042e+07,1.558903e+07,5.844600e+01,6.318094e+06,3.486406e+01,,,1.417590e+00,4
2018-04-23 05:36:00.000000,2.385051e+07,1.553617e+07,5.837200e+01,6.321048e+06,3.488261e+01,,,1.414969e+00,4
2018-04-23 05:36:01.000000,2.385094e+07,1.544539e+07,5.814400e+01,6.324002e+06,3.490116e+01,,,1.412347e+00,4
2018-04-23 05:36:02.000000,2.385136e+07,1.535461e+07,5.791600e+01,6.326957e+06,3.491971e+01,,,1.409725e+00,4
2018-04-23 05:36:03.000000,2.385179e+07,1.544539e+07,5.814400e+01,6.329912e+06,3.493826e+01,,,1.407104e+00,4
2018-04-23 05:36:04.000000,2.385221e+07,1.553617e+07,5.837200e+01,6.332866e+06,3.495681e+01,,,1.404482e+00,4
2018-04-23 05:36:05.000000,2.385264e+07,1.559420e+07,5.849200e+01,6.335821e+06,3.497536e+01,,,1.401860e+00,4
2018-04-23 05:36:06.000000,2.385306e+07,1.565223e+07,5.861200e+01,6.338245e+06,3.499391e+01,,,1.399239e+00,4
2018-04-23 05:36:07.000000,2.385348e+07,1.571026e+07,5.873200e+01,6.340669e+06,3.501246e+01,,,1.396617e+00,4
2018-04-23 05:36:08.000000,2.385391e+07,1.576829e+07,5.885200e+01,6.343093e+06,3.503101e+01,,,1.399339e+00,4
2018-04-23 05:36:09.000000,2.385433e+07,1.571888e+07,5.876600e+01,6.345518e+06,3.504956e+01,,,1.402060e+00,4
2018-04-23 05:36:10.000000,2.385476e+07,1.566947e+07,5.868000e+01,6.347942e+06,3.506812e+01,,,1.404782e+00,4
2018-04-23 05:36:11.000000,2.385518e+07,1.551089e+07,5.843000e+01,6.350366e+06,3.508667e+01,,,1.407503e+00,4
2018-04-23 05:36:12.000000,2.385561e+07,1.535231e+07,5.818000e+01,6.352791e+06,3.510522e+01,,,1.410225e+00,4
2018-04-23 05:36:13.000000,2.385603e+07,1.546952e+07,5.840000e+01,6.355215e+06,3.512377e+01,,,1.412946e+00,4
2018-04-23 05:36:14.000000,2.385645e+07,1.558673e+07,5.862000e+01,6.357639e+06,3.514232e+01,,,1.415668e+00,4
2018-04-23 05:36:15.000000,2.385688e+07,1.567177e+07,5.865000e+01,6.360063e+06,3.516087e+01,,,1.418389e+00,4
2018-04-23 05:36:16.000000,2.385730e+07,1.575680e+07,5.868000e+01,6.362487e+06,3.517942e+01,,,1.421111e+00,4
2018-04-23 05:36:17.000000,2.385773e+07,1.561086e+07,5.840200e+01,6.364457e+06,3.519797e+01,,,1.423832e+00,4
2018-04-23 05:36:18.000000,2.385815e+07,1.546492e+07,5.812400e+01,6.366427e+06,3.521652e+01,,,1.426554e+00,4
2018-04-23 05:36:19.000000,2.385858e+07,1.544769e+07,5.814600e+01,6.368396e+06,3.523507e+01,,,1.424002e+00,4
2018-04-23 05:36:20.000000,2.385900e+07,1.543045e+07,5.816800e+01,6.370366e+06,3.525362e+01,,,1.421450e+00,4
2018-04-23 05:36:21.000000,2.385942e+07,1.555455e+07,5.851200e+01,6.372336e+06,3.527217e+01,,,1.418897e+00,4
2018-04-23 05:36:22.000000,2.385985e+07,1.567866e+07,5.885600e+01,6.374306e+06,3.529073e+01,,,1.416345e+00,4
2018-04-23 05:36:23.000000,2.386027e+07,1.568900e+07,5.875400e+01,6.376275e+06,3.530927e+01,,,1.413793e+00,4
2018-04-23 05:36:24.000000,2.386070e+07,1.569935e+07,5.865200e+01,6.378245e+06,3.532782e+01,,,1.411241e+00,4
2018-04-23 05:36:25.000000,2.386112e+07,1.554881e+07,5.833800e+01,6.380215e+06,3.534637e+01,,,1.408689e+00,4
2018-04-23 05:36:26.000000,2.386154e+07,1.539827e+07,5.802400e+01,6.382185e+06,3.536493e+01,,,1.406137e+00,4
2018-04-23 05:36:27.000000,2.386197e+07,1.541609e+07,5.805400e+01,6.384154e+06,3.538348e+01,,,1.403584e+00,4
2018-04-23 05:36:28.000000,2.386239e+07,1.543390e+07,5.808400e+01,6.385896e+06,3.540203e+01,,,1.401032e+00,4
2018-04-23 05:36:29.000000,2.386282e+07,1.545171e+07,5.811400e+01,6.387639e+06,3.542058e+01,,,1.398480e+00,4
2018-04-23 05:36:30.000000,2.386324e+07,1.546952e+07,5.814400e+01,6.389381e+06,3.543913e+01,,,1.398857e+00,4
2018-04-23 05:36:31.000000,2.386367e+07,1.563499e+07,5.845200e+01,6.391124e+06,3.545768e+01,,,1.399234e+00,4
2018-04-23 05:36:32.000000,2.386409e+07,1.580047e+07,5.876000e+01,6.392866e+06,3.547623e+01,,,1.399611e+00,4
2018-04-23 05:36:33.000000,2.386452e+07,1.577404e+07,5.872000e+01,6.394609e+06,3.549478e+01,,,1.399989e+00,4
2018-04-23 05:36:34.000000,2.386494e+07,1.574761e+07,5.868000e+01,6.396351e+06,3.551333e+01,,,1.400366e+00,4
2018-04-23 05:36:35.000000,2.386536e+07,1.558443e+07,5.841600e+01,6.398094e+06,3.553188e+01,,,1.400743e+00,4
2018-04-23 05:36:36.000000,2.386579e+07,1.542126e+07,5.815200e+01,6.399836e+06,3.555043e+01,,,1.401120e+00,4
2018-04-23 05:36:37.000000,2.386596e+07,1.546377e+07,5.820000e+01,6.401579e+06,3.556898e+01,,,1.401497e+00,4
2018-04-23 05:36:38.000000,2.386613e+07,1.550629e+07,5.824800e+01,6.403321e+06,3.558754e+01,,,1.401874e+00,4
2018-04-23 05:36:39.000000,2.386630e+07,1.556432e+07,5.836800e+01,6.403018e+06,3.560609e+01,,,1.402251e+00,4
2018-04-23 05:36:40.000000,2.386647e+07,1.562235e+07,5.848800e+01,6.402715e+06,3.562464e+01,,,1.402628e+00,4
2018-04-23 05:36:41.000000,2.386664e+07,1.568038e+07,5.860800e+01,6.402412e+06,3.564319e+01,,,1.400941e+00,4
2018-04-23 05:36:42.000000,2.386681e+07,1.573842e+07,5.872800e+01,6.402108e+06,3.566174e+01,,,1.399253e+00,4
2018-04-23 05:36:43.000000,2.386698e+07,1.574876e+07,5.866800e+01,6.401806e+06,3.568029e+01,,,1.397565e+00,4
2018-04-23 05:36:44.000000,2.386715e+07,1.575910e+07,5.860800e+01,6.401502e+06,3.569884e+01,,,1.395878e+00,4
2018-04-23 05:36:45.000000,2.386732e+07,1.564419e+07,5.833800e+01,6.401200e+06,3.571739e+01,,,1.394190e+00,4
2018-04-23 05:36:46.000000,2.386749e+07,1.552927e+07,5.806800e+01,6.400896e+06,3.573594e+01,,,1.392502e+00,4
2018-04-23 05:36:47.000000,2.386766e+07,1.547411e+07,5.795200e+01,6.400593e+06,3.575449e+01,,,1.390815e+00,4
2018-04-23 05:36:48.000000,2.386783e+07,1.541896e+07,5.783600e+01,6.400291e+06,3.577304e+01,,,1.389127e+00,4
2018-04-23 05:36:49.000000,2.386800e+07,1.552123e+07,5.805400e+01,6.399987e+06,3.579159e+01,,,1.387439e+00,4
2018-04-23 05:36:50.000000,2.386817e+07,1.562350e+07,5.827200e+01,6.400972e+06,3.581014e+01,,,1.385752e+00,4
2018-04-23 05:36:51.000000,2.386834e+07,1.570624e+07,5.846600e+01,6.401957e+06,3.582869e+01,,,1.384064e+00,4
2018-04-23 05:36:52.000000,2.386852e+07,1.578898e+07,5.866000e+01,6.402942e+06,3.584724e+01,,,1.386687e+00,4
2018-04-23 05:36:53.000000,2.386868e+07,1.574014e+07,5.859600e+01,6.403927e+06,3.586580e+01,,,1.389310e+00,4
2018-04-23 05:36:54.000000,2.386886e+07,1.569130e+07,5.853200e+01,6.404912e+06,3.588435e+01,,,1.391933e+00,4
2018-04-23 05:36:55.000000,2.386903e+07,1.564246e+07,5.846800e+01,6.405896e+06,3.590290e+01,,,1.394556e+00,4
2018-04-23 05:36:56.000000,2.386920e+07,1.559362e+07,5.840400e+01,6.406881e+06,3.592145e+01,,,1.397179e+00,4
2018-04-23 05:36:57.000000,2.386937e+07,1.550399e+07,5.825800e+01,6.407866e+06,3.594000e+01,,,1.399803e+00,4
2018-04-23 05:36:58.000000,2.386954e+07,1.541436e+07,5.811200e+01,6.408851e+06,3.593195e+01,,,1.402426e+00,4
2018-04-23 05:36:59.000000,2.386971e+07,1.552812e+07,5.828200e+01,6.409836e+06,3.592391e+01,,,1.405049e+00,4
2018-04-23 05:37:00.000000,2.386988e+07,1.564189e+07,5.845200e+01,6.410821e+06,3.591587e+01,,,1.407672e+00,4
2018-04-23 05:37:01.000000,2.387005e+07,1.571773e+07,5.852200e+01,6.408624e+06,3.590783e+01,,,1.410295e+00,4
2018-04-23 05:37:02.000000,2.387022e+07,1.579357e+07,5.859200e+01,6.406427e+06,3.589978e+01,,,1.412918e+00,4
2018-04-23 05:37:03.000000,2.387039e+07,1.572462e+07,5.845600e+01,6.404230e+06,3.589174e+01,,,1.412372e+00,4
2018-04-23 05:37:04.000000,2.387056e+07,1.565568e+07,5.832000e+01,6.402033e+06,3.588369e+01,,,1.411826e+00,4
2018-04-23 05:37:05.000000,2.387073e+07,1.558673e+07,5.818400e+01,6.399836e+06,3.587565e+01,,,1.411280e+00,4
2018-04-23 05:37:06.000000,2.387090e+07,1.551778e+07,5.804800e+01,6.397639e+06,3.586761e+01,,,1.410733e+00,4
2018-04-23 05:37:07.000000,2.387068e+07,1.545343e+07,5.797400e+01,6.395442e+06,3.585957e+01,,,1.410187e+00,4
2018-04-23 05:37:08.000000,2.387047e+07,1.538908e+07,5.790000e+01,6.393245e+06,3.585152e+01,,,1.409641e+00,4
2018-04-23 05:37:09.000000,2.387025e+07,1.551204e+07,5.818600e+01,6.391048e+06,3.584348e+01,,,1.409095e+00,4
2018-04-23 05:37:10.000000,2.387003e+07,1.563499e+07,5.847200e+01,6.388851e+06,3.583543e+01,,,1.408548e+00,4
2018-04-23 05:37:11.000000,2.386982e+07,1.572578e+07,5.858200e+01,6.386654e+06,3.582739e+01,,,1.408002e+00,4
2018-04-23 05:37:12.000000,2.386960e+07,1.581656e+07,5.869200e+01,6.388094e+06,3.581935e+01,,,1.407456e+00,4
2018-04-23 05:37:13.000000,2.386938e+07,1.573497e+07,5.852400e+01,6.389533e+06,3.581130e+01,,,1.406910e+00,4
2018-04-23 05:37:14.000000,2.386916e+07,1.565338e+07,5.835600e+01,6.390972e+06,3.580326e+01,,,1.405011e+00,4
2018-04-23 05:37:15.000000,2.386895e+07,1.559477e+07,5.822300e+01,6.392412e+06,3.579522e+01,,,1.403113e+00,4
2018-04-23 05:37:16.000000,2.386873e+07,1.553617e+07,5.809000e+01,6.393851e+06,3.578717e+01,,,1.401214e+00,4
2018-04-23 05:37:17.000000,2.386851e+07,1.547756e+07,5.795700e+01,6.395291e+06,3.577913e+01,,,1.399315e+00,4
2018-04-23 05:37:18.000000,2.386830e+07,1.541896e+07,5.782400e+01,6.396730e+06,3.577109e+01,,,1.397416e+00,4
2018-04-23 05:37:19.000000,2.386808e+07,1.542011e+07,5.778400e+01,6.398169e+06,3.576304e+01,,,1.395518e+00,4
2018-04-23 05:37:20.000000,2.386786e+07,1.542126e+07,5.774400e+01,6.399608e+06,3.575500e+01,,,1.393619e+00,4
2018-04-23 05:37:21.000000,2.386764e+07,1.560971e+07,5.808000e+01,6.401048e+06,3.574696e+01,,,1.391721e+00,4
2018-04-23 05:37:22.000000,2.386743e+07,1.579817e+07,5.841600e+01,6.402487e+06,3.573891e+01,,,1.389822e+00,4
2018-04-23 05:37:23.000000,2.386721e+07,1.573956e+07,5.830000e+01,6.393018e+06,3.573087e+01,,,1.387923e+00,4
2018-04-23 05:37:24.000000,2.386699e+07,1.568096e+07,5.818400e+01,6.383548e+06,3.572282e+01,,,1.386024e+00,4
2018-04-23 05:37:25.000000,2.386678e+07,1.554536e+07,5.789000e+01,6.374078e+06,3.571478e+01,,,1.384795e+00,4
2018-04-23 05:37:26.000000,2.386656e+07,1.540977e+07,5.759600e+01,6.364608e+06,3.570674e+01,,,1.383565e+00,4
2018-04-23 05:37:27.000000,2.386634e+07,1.544079e+07,5.765400e+01,6.355139e+06,3.569870e+01,,,1.382335e+00,4
2018-04-23 05:37:28.000000,2.386613e+07,1.547182e+07,5.771200e+01,6.345669e+06,3.569065e+01,,,1.381105e+00,4
2018-04-23 05:37:29.000000,2.386591e+07,1.561431e+07,5.788200e+01,6.336200e+06,3.568261e+01,,,1.379876e+00,4
2018-04-23 05:37:30.000000,2.386569e+07,1.575680e+07,5.805200e+01,6.326730e+06,3.567456e+01,,,1.378646e+00,4
2018-04-23 05:37:31.000000,2.386547e+07,1.576714e+07,5.809700e+01,6.317260e+06,3.566652e+01,,,1.377416e+00,4
2018-04-23 05:37:32.000000,2.386526e+07,1.577748e+07,5.814200e+01,6.307791e+06,3.565848e+01,,,1.376186e+00,4
2018-04-23 05:37:33.000000,2.386504e+07,1.578783e+07,5.818700e+01,6.298321e+06,3.565043e+01,,,1.374957e+00,4
2018-04-23 05:37:34.000000,2.386482e+07,1.579817e+07,5.823200e+01,6.280669e+06,3.564239e+01,,,1.373727e+00,4
2018-04-23 05:37:35.000000,2.386461e+07,1.567521e+07,5.800000e+01,6.263018e+06,3.563435e+01,,,1.372497e+00,4
2018-04-23 05:37:36.000000,2.386439e+07,1.555226e+07,5.776800e+01,6.245366e+06,3.562630e+01,,,1.373529e+00,4
2018-04-23 05:37:37.000000,2.386417e+07,1.546377e+07,5.758800e+01,6.227715e+06,3.561826e+01,,,1.374561e+00,4
2018-04-23 05:37:38.000000,2.386395e+07,1.537529e+07,5.740800e+01,6.210063e+06,3.561022e+01,,,1.375592e+00,4
2018-04-23 05:37:39.000000,2.386371e+07,1.547641e+07,5.752000e+01,6.192412e+06,3.560217e+01,,,1.376624e+00,4
2018-04-23 05:37:40.000000,2.386346e+07,1.557754e+07,5.763200e+01,6.174760e+06,3.559413e+01,,,1.377656e+00,4
2018-04-23 05:37:41.000000,2.386322e+07,1.567866e+07,5.774400e+01,6.157109e+06,3.558609e+01,,,1.378687e+00,4
2018-04-23 05:37:42.000000,2.386297e+07,1.577978e+07,5.785600e+01,6.139458e+06,3.557804e+01,,,1.379719e+00,4
2018-04-23 05:37:43.000000,2.386272e+07,1.575163e+07,5.778800e+01,6.121806e+06,3.557000e+01,,,1.380751e+00,4
2018-04-23 05:37:44.000000,2.386248e+07,1.572348e+07,5.772000e+01,6.104154e+06,3.553043e+01,,,1.381782e+00,4
2018-04-23 05:37:45.000000,2.386223e+07,1.569532e+07,5.765200e+01,6.092791e+06,3.549087e+01,,,1.382814e+00,4
2018-04-23 05:37:46.000000,2.386199e+07,1.566717e+07,5.758400e+01,6.081427e+06,3.545131e+01,,,1.383846e+00,4
2018-04-23 05:37:47.000000,2.386174e+07,1.552583e+07,5.727200e+01,6.070063e+06,3.541174e+01,,,1.382329e+00,4
2018-04-23 05:37:48.000000,2.386149e+07,1.538448e+07,5.696000e+01,6.058700e+06,3.537217e+01,,,1.380813e+00,4
2018-04-23 05:37:49.000000,2.386125e+07,1.542126e+07,5.719600e+01,6.047336e+06,3.533261e+01,,,1.379296e+00,4
2018-04-23 05:37:50.000000,2.386100e+07,1.545803e+07,5.743200e+01,6.035973e+06,3.529305e+01,,,1.377779e+00,4
2018-04-23 05:37:51.000000,2.386076e+07,1.554421e+07,5.767600e+01,6.024609e+06,3.525348e+01,,,1.376263e+00,4
2018-04-23 05:37:52.000000,2.386051e+07,1.563040e+07,5.792000e+01,6.013245e+06,3.521391e+01,,,1.374746e+00,4
2018-04-23 05:37:53.000000,2.386026e+07,1.571428e+07,5.811400e+01,6.001881e+06,3.517435e+01,,,1.373230e+00,4
2018-04-23 05:37:54.000000,2.386002e+07,1.579817e+07,5.830800e+01,5.990518e+06,3.513478e+01,,,1.371713e+00,4
2018-04-23 05:37:55.000000,2.385977e+07,1.570279e+07,5.818400e+01,5.979154e+06,3.509522e+01,,,1.370196e+00,4
2018-04-23 05:37:56.000000,2.385953e+07,1.560741e+07,5.806000e+01,5.978321e+06,3.505565e+01,,,1.368680e+00,4
2018-04-23 05:37:57.000000,2.385928e+07,1.558673e+07,5.804000e+01,5.977488e+06,3.501609e+01,,,1.367163e+00,4
2018-04-23 05:37:58.000000,2.385903e+07,1.556605e+07,5.802000e+01,5.976654e+06,3.497652e+01,,,1.367695e+00,4
2018-04-23 05:37:59.000000,2.385879e+07,1.551721e+07,5.787000e+01,5.975821e+06,3.493695e+01,,,1.368226e+00,4
2018-04-23 05:38:00.000000,2.385854e+07,1.546837e+07,5.772000e+01,5.974988e+06,3.489739e+01,,,1.368758e+00,4
2018-04-23 05:38:01.000000,2.385830e+07,1.541953e+07,5.757000e+01,5.974154e+06,3.485783e+01,,,1.369289e+00,4
2018-04-23 05:38:02.000000,2.385805e+07,1.537069e+07,5.742000e+01,5.973321e+06,3.481826e+01,,,1.369821e+00,4
2018-04-23 05:38:03.000000,2.385781e+07,1.540747e+07,5.743600e+01,5.972488e+06,3.477869e+01,,,1.370352e+00,4
2018-04-23 05:38:04.000000,2.385756e+07,1.544424e+07,5.745200e+01,5.971654e+06,3.473913e+01,,,1.370884e+00,4
2018-04-23 05:38:05.000000,2.385731e+07,1.553042e+07,5.783600e+01,5.970821e+06,3.469957e+01,,,1.371415e+00,4
2018-04-23 05:38:06.000000,2.385707e+07,1.561661e+07,5.822000e+01,5.969988e+06,3.466000e+01,,,1.371947e+00,4
2018-04-23 05:38:07.000000,2.385682e+07,1.568900e+07,5.835600e+01,5.967261e+06,3.459044e+01,,,1.372478e+00,4
2018-04-23 05:38:08.000000,2.385658e+07,1.576140e+07,5.849200e+01,5.964533e+06,3.452087e+01,,,1.373010e+00,4
2018-04-23 05:38:09.000000,2.385633e+07,1.567866e+07,5.831600e+01,5.961806e+06,3.445131e+01,,,1.373384e+00,4
2018-04-23 05:38:10.000000,2.385608e+07,1.559592e+07,5.814000e+01,5.959079e+06,3.438174e+01,,,1.373757e+00,4
2018-04-23 05:38:11.000000,2.385584e+07,1.548905e+07,5.798000e+01,5.956352e+06,3.431218e+01,,,1.374131e+00,4
2018-04-23 05:38:12.000000,2.385559e+07,1.538219e+07,5.782000e+01,5.953624e+06,3.424261e+01,,,1.374505e+00,4
2018-04-23 05:38:13.000000,2.385516e+07,1.539597e+07,5.776100e+01,5.950897e+06,3.417304e+01,,,1.374878e+00,4
2018-04-23 05:38:14.000000,2.385473e+07,1.540977e+07,5.770200e+01,5.948169e+06,3.410348e+01,,,1.375252e+00,4
2018-04-23 05:38:15.000000,2.385430e+07,1.542355e+07,5.764300e+01,5.945442e+06,3.403391e+01,,,1.375626e+00,4
2018-04-23 05:38:16.000000,2.385387e+07,1.543734e+07,5.758400e+01,5.942715e+06,3.396435e+01,,,1.375999e+00,4
2018-04-23 05:38:17.000000,2.385344e+07,1.555226e+07,5.772000e+01,5.939988e+06,3.389478e+01,,,1.376373e+00,4
2018-04-23 05:38:18.000000,2.385301e+07,1.566717e+07,5.785600e+01,5.932867e+06,3.382522e+01,,,1.376747e+00,4
2018-04-23 05:38:19.000000,2.385258e+07,1.561546e+07,5.773800e+01,5.925746e+06,3.375565e+01,,,1.377120e+00,4
2018-04-23 05:38:20.000000,2.385215e+07,1.556375e+07,5.762000e+01,5.918624e+06,3.368609e+01,,,1.376472e+00,4
2018-04-23 05:38:21.000000,2.385172e+07,1.544424e+07,5.730400e+01,5.911503e+06,3.361652e+01,,,1.375823e+00,4
2018-04-23 05:38:22.000000,2.385129e+07,1.532473e+07,5.698800e+01,5.904382e+06,3.354696e+01,,,1.375174e+00,4
2018-04-23 05:38:23.000000,2.385086e+07,1.542700e+07,5.717000e+01,5.897261e+06,3.347739e+01,,,1.374526e+00,4
2018-04-23 05:38:24.000000,2.385043e+07,1.552927e+07,5.735200e+01,5.890140e+06,3.340783e+01,,,1.373877e+00,4
2018-04-23 05:38:25.000000,2.385000e+07,1.563155e+07,5.774800e+01,5.883019e+06,3.333826e+01,,,1.373228e+00,4
2018-04-23 05:38:26.000000,2.384957e+07,1.573382e+07,5.814400e+01,5.875897e+06,3.326870e+01,,,1.372579e+00,4
2018-04-23 05:38:27.000000,2.384914e+07,1.568555e+07,5.806000e+01,5.868776e+06,3.319913e+01,,,1.371931e+00,4
2018-04-23 05:38:28.000000,2.384871e+07,1.563729e+07,5.797600e+01,5.861655e+06,3.312957e+01,,,1.371282e+00,4
2018-04-23 05:38:29.000000,2.384828e+07,1.558903e+07,5.789200e+01,5.868094e+06,3.306000e+01,,,1.370633e+00,4
2018-04-23 05:38:30.000000,2.384785e+07,1.554077e+07,5.780800e+01,5.874534e+06,3.303391e+01,,,1.369985e+00,4
2018-04-23 05:38:31.000000,2.384742e+07,1.544424e+07,5.776200e+01,5.880973e+06,3.300783e+01,,,1.371232e+00,4
2018-04-23 05:38:32.000000,2.384699e+07,1.534771e+07,5.771600e+01,5.887412e+06,3.298174e+01,,,1.372478e+00,4
2018-04-23 05:38:33.000000,2.384656e+07,1.543620e+07,5.789000e+01,5.893852e+06,3.295565e+01,,,1.373725e+00,4
2018-04-23 05:38:34.000000,2.384613e+07,1.552468e+07,5.806400e+01,5.900291e+06,3.292957e+01,,,1.374972e+00,4
2018-04-23 05:38:35.000000,2.384570e+07,1.562580e+07,5.825800e+01,5.906730e+06,3.290348e+01,,,1.376219e+00,4
2018-04-23 05:38:36.000000,2.384527e+07,1.572692e+07,5.845200e+01,5.913170e+06,3.287739e+01,,,1.377466e+00,4
2018-04-23 05:38:37.000000,2.384484e+07,1.561546e+07,5.833200e+01,5.919609e+06,3.285130e+01,,,1.378713e+00,4
2018-04-23 05:38:38.000000,2.384441e+07,1.550399e+07,5.821200e+01,5.926048e+06,3.282522e+01,,,1.379960e+00,4
2018-04-23 05:38:39.000000,2.384398e+07,1.545918e+07,5.806800e+01,5.932488e+06,3.279913e+01,,,1.381207e+00,4
2018-04-23 05:38:40.000000,2.384355e+07,1.541436e+07,5.792400e+01,5.937033e+06,3.277304e+01,,,1.382454e+00,4
2018-04-23 05:38:41.000000,2.384312e+07,1.536955e+07,5.778000e+01,5.941579e+06,3.274696e+01,,,1.383701e+00,4
2018-04-23 05:38:42.000000,2.384269e+07,1.532473e+07,5.763600e+01,5.946124e+06,3.272087e+01,,,1.383691e+00,4
2018-04-23 05:38:43.000000,2.384226e+07,1.540977e+07,5.775000e+01,5.950669e+06,3.269478e+01,,,1.383682e+00,4
2018-04-23 05:38:44.000000,2.384183e+07,1.549480e+07,5.786400e+01,5.955215e+06,3.266870e+01,,,1.383673e+00,4
2018-04-23 05:38:45.000000,2.384180e+07,1.560397e+07,5.809400e+01,5.959761e+06,3.264261e+01,,,1.383664e+00,4
2018-04-23 05:38:46.000000,2.384176e+07,1.571313e+07,5.832400e+01,5.964306e+06,3.261652e+01,,,1.383654e+00,4
2018-04-23 05:38:47.000000,2.384173e+07,1.561316e+07,5.819800e+01,5.968852e+06,3.259044e+01,,,1.383645e+00,4
2018-04-23 05:38:48.000000,2.384169e+07,1.551319e+07,5.807200e+01,5.973397e+06,3.256435e+01,,,1.383636e+00,4
2018-04-23 05:38:49.000000,2.384166e+07,1.540747e+07,5.792800e+01,5.977942e+06,3.253826e+01,,,1.383627e+00,4
2018-04-23 05:38:50.000000,2.384162e+07,1.530175e+07,5.778400e+01,5.982488e+06,3.251217e+01,,,1.383617e+00,4
2018-04-23 05:38:51.000000,2.384158e+07,1.535288e+07,5.792200e+01,5.983246e+06,3.248609e+01,,,1.383608e+00,4
2018-04-23 05:38:52.000000,2.384155e+07,1.540402e+07,5.806000e+01,5.984003e+06,3.246000e+01,,,1.383599e+00,4
2018-04-23 05:38:53.000000,2.384151e+07,1.545515e+07,5.819800e+01,5.984761e+06,3.248522e+01,,,1.385407e+00,4
2018-04-23 05:38:54.000000,2.384148e+07,1.550629e+07,5.833600e+01,5.985518e+06,3.251043e+01,,,1.387216e+00,4
2018-04-23 05:38:55.000000,2.384144e+07,1.559707e+07,5.843200e+01,5.986276e+06,3.253565e+01,,,1.389024e+00,4
2018-04-23 05:38:56.000000,2.384141e+07,1.568785e+07,5.852800e+01,5.987033e+06,3.256087e+01,,,1.390832e+00,4
2018-04-23 05:38:57.000000,2.384137e+07,1.551434e+07,5.822400e+01,5.987791e+06,3.258609e+01,,,1.392641e+00,4
2018-04-23 05:38:58.000000,2.384134e+07,1.534082e+07,5.792000e+01,5.988548e+06,3.261131e+01,,,1.394449e+00,4
2018-04-23 05:38:59.000000,2.384130e+07,1.534541e+07,5.790000e+01,5.989306e+06,3.263652e+01,,,1.396257e+00,4
2018-04-23 05:39:00.000000,2.384127e+07,1.535001e+07,5.788000e+01,5.990063e+06,3.266174e+01,,,1.398066e+00,4
2018-04-23 05:39:01.000000,2.384123e+07,1.552238e+07,5.820600e+01,5.990821e+06,3.268695e+01,,,1.399874e+00,4
2018-04-23 05:39:02.000000,2.384119e+07,1.569475e+07,5.853200e+01,5.995897e+06,3.271217e+01,,,1.401682e+00,4
2018-04-23 05:39:03.000000,2.384116e+07,1.568728e+07,5.855700e+01,6.000973e+06,3.273739e+01,,,1.403491e+00,4
2018-04-23 05:39:04.000000,2.384112e+07,1.567981e+07,5.858200e+01,6.006048e+06,3.276261e+01,,,1.406537e+00,4
2018-04-23 05:39:05.000000,2.384109e+07,1.567234e+07,5.860700e+01,6.011124e+06,3.278783e+01,,,1.409584e+00,4
2018-04-23 05:39:06.000000,2.384105e+07,1.566487e+07,5.863200e+01,6.016200e+06,3.281304e+01,,,1.412631e+00,4
2018-04-23 05:39:07.000000,2.384102e+07,1.550629e+07,5.837200e+01,6.021276e+06,3.283826e+01,,,1.415677e+00,4
2018-04-23 05:39:08.000000,2.384098e+07,1.534771e+07,5.811200e+01,6.026352e+06,3.286348e+01,,,1.418724e+00,4
2018-04-23 05:39:09.000000,2.384095e+07,1.542011e+07,5.822400e+01,6.031427e+06,3.288869e+01,,,1.421771e+00,4
2018-04-23 05:39:10.000000,2.384091e+07,1.549250e+07,5.833600e+01,6.036503e+06,3.291391e+01,,,1.424818e+00,4
2018-04-23 05:39:11.000000,2.384088e+07,1.560512e+07,5.847400e+01,6.041579e+06,3.293913e+01,,,1.427864e+00,4
2018-04-23 05:39:12.000000,2.384084e+07,1.571773e+07,5.861200e+01,6.046654e+06,3.296435e+01,,,1.430911e+00,4
2018-04-23 05:39:13.000000,2.384080e+07,1.559707e+07,5.842000e+01,6.047791e+06,3.298956e+01,,,1.433958e+00,4
2018-04-23 05:39:14.000000,2.384077e+07,1.547641e+07,5.822800e+01,6.048927e+06,3.301478e+01,,,1.437005e+00,4
2018-04-23 05:39:15.000000,2.384073e+07,1.542011e+07,5.816000e+01,6.050063e+06,3.304000e+01,,,1.434885e+00,4
2018-04-23 05:39:16.000000,2.384070e+07,1.536380e+07,5.809200e+01,6.051200e+06,3.306522e+01,,,1.432764e+00,4
2018-04-23 05:39:17.000000,2.384066e+07,1.541953e+07,5.823200e+01,6.052336e+06,3.309044e+01,,,1.430644e+00,4
2018-04-23 05:39:18.000000,2.384063e+07,1.547527e+07,5.837200e+01,6.053473e+06,3.311565e+01,,,1.428524e+00,4
2018-04-23 05:39:19.000000,2.384088e+07,1.553100e+07,5.851200e+01,6.054609e+06,3.314087e+01,,,1.426404e+00,4
2018-04-23 05:39:20.000000,2.384113e+07,1.558673e+07,5.865200e+01,6.055745e+06,3.316609e+01,,,1.424284e+00,4
2018-04-23 05:39:21.000000,2.384138e+07,1.552468e+07,5.853200e+01,6.056881e+06,3.319130e+01,,,1.422164e+00,4
2018-04-23 05:39:22.000000,2.384163e+07,1.546263e+07,5.841200e+01,6.058018e+06,3.321652e+01,,,1.420044e+00,4
2018-04-23 05:39:23.000000,2.384188e+07,1.540057e+07,5.829200e+01,6.059154e+06,3.324174e+01,,,1.417924e+00,4
2018-04-23 05:39:24.000000,2.384213e+07,1.533852e+07,5.817200e+01,6.057866e+06,3.326696e+01,,,1.415803e+00,4
2018-04-23 05:39:25.000000,2.384238e+07,1.534656e+07,5.819000e+01,6.056579e+06,3.329218e+01,,,1.413683e+00,4
2018-04-23 05:39:26.000000,2.384264e+07,1.535461e+07,5.820800e+01,6.055291e+06,3.331739e+01,,,1.415501e+00,4
2018-04-23 05:39:27.000000,2.384289e+07,1.552238e+07,5.856200e+01,6.054003e+06,3.334261e+01,,,1.417318e+00,4
2018-04-23 05:39:28.000000,2.384314e+07,1.569015e+07,5.891600e+01,6.052715e+06,3.336782e+01,,,1.419136e+00,4
2018-04-23 05:39:29.000000,2.384339e+07,1.567349e+07,5.885500e+01,6.051427e+06,3.339304e+01,,,1.420954e+00,4
2018-04-23 05:39:30.000000,2.384364e+07,1.565683e+07,5.879400e+01,6.050139e+06,3.341826e+01,,,1.422771e+00,4
2018-04-23 05:39:31.000000,2.384389e+07,1.564017e+07,5.873300e+01,6.048852e+06,3.344348e+01,,,1.424589e+00,4
2018-04-23 05:39:32.000000,2.384414e+07,1.562350e+07,5.867200e+01,6.047563e+06,3.346870e+01,,,1.426406e+00,4
2018-04-23 05:39:33.000000,2.384439e+07,1.548331e+07,5.838000e+01,6.046276e+06,3.349391e+01,,,1.428224e+00,4
2018-04-23 05:39:34.000000,2.384465e+07,1.534312e+07,5.808800e+01,6.044988e+06,3.351913e+01,,,1.430041e+00,4
2018-04-23 05:39:35.000000,2.384490e+07,1.541666e+07,5.823200e+01,6.040973e+06,3.354435e+01,,,1.431859e+00,4
2018-04-23 05:39:36.000000,2.384515e+07,1.549020e+07,5.837600e+01,6.036958e+06,3.356956e+01,,,1.433676e+00,4
2018-04-23 05:39:37.000000,2.384540e+07,1.561431e+07,5.856200e+01,6.032942e+06,3.359478e+01,,,1.431842e+00,4
2018-04-23 05:39:38.000000,2.384565e+07,1.573842e+07,5.874800e+01,6.028927e+06,3.362000e+01,,,1.430008e+00,4
2018-04-23 05:39:39.000000,2.384590e+07,1.559133e+07,5.845000e+01,6.024912e+06,3.364522e+01,,,1.428175e+00,4
2018-04-23 05:39:40.000000,2.384615e+07,1.544424e+07,5.815200e+01,6.020897e+06,3.367044e+01,,,1.426341e+00,4
2018-04-23 05:39:41.000000,2.384640e+07,1.537989e+07,5.802400e+01,6.016882e+06,3.369565e+01,,,1.424507e+00,4
2018-04-23 05:39:42.000000,2.384666e+07,1.531554e+07,5.789600e+01,6.012867e+06,3.372087e+01,,,1.422673e+00,4
2018-04-23 05:39:43.000000,2.384691e+07,1.544539e+07,5.816000e+01,6.008852e+06,3.374609e+01,,,1.420839e+00,4
2018-04-23 05:39:44.000000,2.384716e+07,1.557524e+07,5.842400e+01,6.004836e+06,3.377131e+01,,,1.419005e+00,4
2018-04-23 05:39:45.000000,2.384741e+07,1.562120e+07,5.844000e+01,6.000821e+06,3.379652e+01,,,1.417171e+00,4
2018-04-23 05:39:46.000000,2.384766e+07,1.566717e+07,5.845600e+01,6.000291e+06,3.382174e+01,,,1.415337e+00,4
2018-04-23 05:39:47.000000,2.384791e+07,1.558616e+07,5.836700e+01,5.999761e+06,3.384696e+01,,,1.413503e+00,4
2018-04-23 05:39:48.000000,2.384816e+07,1.550514e+07,5.827800e+01,5.999230e+06,3.387217e+01,,,1.414736e+00,4
2018-04-23 05:39:49.000000,2.384841e+07,1.542413e+07,5.818900e+01,5.998700e+06,3.389739e+01,,,1.415970e+00,4
2018-04-23 05:39:50.000000,2.384866e+07,1.534312e+07,5.810000e+01,5.998170e+06,3.392261e+01,,,1.417203e+00,4
2018-04-23 05:39:51.000000,2.384865e+07,1.533162e+07,5.803800e+01,5.997639e+06,3.394783e+01,,,1.418436e+00,4
2018-04-23 05:39:52.000000,2.384864e+07,1.532013e+07,5.797600e+01,5.997109e+06,3.397305e+01,,,1.419669e+00,4
2018-04-23 05:39:53.000000,2.384863e+07,1.538448e+07,5.806600e+01,5.996579e+06,3.399826e+01,,,1.420903e+00,4
2018-04-23 05:39:54.000000,2.384862e+07,1.544883e+07,5.815600e+01,5.996048e+06,3.402348e+01,,,1.422136e+00,4
2018-04-23 05:39:55.000000,2.384861e+07,1.551319e+07,5.824600e+01,5.995518e+06,3.404869e+01,,,1.423369e+00,4
2018-04-23 05:39:56.000000,2.384859e+07,1.557754e+07,5.833600e+01,5.994988e+06,3.407391e+01,,,1.424602e+00,4
2018-04-23 05:39:57.000000,2.384858e+07,1.565798e+07,5.845800e+01,5.995897e+06,3.409913e+01,,,1.425836e+00,4
2018-04-23 05:39:58.000000,2.384857e+07,1.573842e+07,5.858000e+01,5.996806e+06,3.412435e+01,,,1.427069e+00,4
2018-04-23 05:39:59.000000,2.384856e+07,1.562810e+07,5.830400e+01,5.997715e+06,3.414957e+01,,,1.425314e+00,4
2018-04-23 05:40:00.000000,2.384855e+07,1.551778e+07,5.802800e+01,5.998624e+06,3.417478e+01,,,1.423559e+00,4
2018-04-23 05:40:01.000000,2.384854e+07,1.541666e+07,5.796400e+01,5.999533e+06,3.420000e+01,,,1.421805e+00,4
2018-04-23 05:40:02.000000,2.384853e+07,1.531554e+07,5.790000e+01,6.000442e+06,3.420835e+01,,,1.420050e+00,4
2018-04-23 05:40:03.000000,2.384851e+07,1.537529e+07,5.797400e+01,6.001352e+06,3.421670e+01,,,1.418295e+00,4
2018-04-23 05:40:04.000000,2.384850e+07,1.543505e+07,5.804800e+01,6.002261e+06,3.422504e+01,,,1.416541e+00,4
2018-04-23 05:40:05.000000,2.384849e+07,1.551089e+07,5.819000e+01,6.003169e+06,3.423339e+01,,,1.414786e+00,4
2018-04-23 05:40:06.000000,2.384848e+07,1.558673e+07,5.833200e+01,6.004079e+06,3.424174e+01,,,1.413031e+00,4
2018-04-23 05:40:07.000000,2.384847e+07,1.566257e+07,5.847400e+01,6.004988e+06,3.425009e+01,,,1.411277e+00,4
2018-04-23 05:40:08.000000,2.384846e+07,1.573842e+07,5.861600e+01,6.004079e+06,3.425843e+01,,,1.409522e+00,4
2018-04-23 05:40:09.000000,2.384845e+07,1.568670e+07,5.863600e+01,6.003169e+06,3.426678e+01,,,1.407767e+00,4
2018-04-23 05:40:10.000000,2.384843e+07,1.563499e+07,5.865600e+01,6.002261e+06,3.427513e+01,,,1.409395e+00,4
2018-04-23 05:40:11.000000,2.384842e+07,1.552927e+07,5.835400e+01,6.001352e+06,3.428348e+01,,,1.411022e+00,4
2018-04-23 05:40:12.000000,2.384841e+07,1.542355e+07,5.805200e+01,6.000442e+06,3.429183e+01,,,1.412650e+00,4
2018-04-23 05:40:13.000000,2.384840e+07,1.537989e+07,5.790800e+01,5.999533e+06,3.430017e+01,,,1.414277e+00,4
2018-04-23 05:40:14.000000,2.384839e+07,1.533622e+07,5.776400e+01,5.998624e+06,3.430852e+01,,,1.415905e+00,4
2018-04-23 05:40:15.000000,2.384837e+07,1.539655e+07,5.784500e+01,5.997715e+06,3.431687e+01,,,1.417532e+00,4
2018-04-23 05:40:16.000000,2.384836e+07,1.545688e+07,5.792600e+01,5.996806e+06,3.432522e+01,,,1.419160e+00,4
2018-04-23 05:40:17.000000,2.384835e+07,1.551721e+07,5.800700e+01,5.995897e+06,3.433356e+01,,,1.420787e+00,4
2018-04-23 05:40:18.000000,2.384834e+07,1.557754e+07,5.808800e+01,5.994988e+06,3.434192e+01,,,1.422415e+00,4
2018-04-23 05:40:19.000000,2.384833e+07,1.564534e+07,5.817000e+01,5.995746e+06,3.435026e+01,,,1.424042e+00,4
2018-04-23 05:40:20.000000,2.384832e+07,1.571313e+07,5.825200e+01,5.996503e+06,3.435861e+01,,,1.425670e+00,4
2018-04-23 05:40:21.000000,2.384831e+07,1.553617e+07,5.796200e+01,5.997261e+06,3.436696e+01,,,1.423918e+00,4
2018-04-23 05:40:22.000000,2.384829e+07,1.535920e+07,5.767200e+01,5.998018e+06,3.437531e+01,,,1.422166e+00,4
2018-04-23 05:40:23.000000,2.384838e+07,1.541206e+07,5.777800e+01,5.998776e+06,3.438365e+01,,,1.420415e+00,4
2018-04-23 05:40:24.000000,2.384846e+07,1.546492e+07,5.788400e+01,5.999533e+06,3.439200e+01,,,1.418663e+00,4
2018-04-23 05:40:25.000000,2.384855e+07,1.559707e+07,5.819000e+01,6.000291e+06,3.440035e+01,,,1.416912e+00,4
2018-04-23 05:40:26.000000,2.384863e+07,1.572922e+07,5.849600e+01,6.001048e+06,3.440870e+01,,,1.415160e+00,4
2018-04-23 05:40:27.000000,2.384871e+07,1.562580e+07,5.828200e+01,6.001806e+06,3.441705e+01,,,1.413408e+00,4
2018-04-23 05:40:28.000000,2.384880e+07,1.552238e+07,5.806800e+01,6.002563e+06,3.442539e+01,,,1.411657e+00,4
2018-04-23 05:40:29.000000,2.384888e+07,1.541781e+07,5.778200e+01,6.003321e+06,3.443374e+01,,,1.409905e+00,4
2018-04-23 05:40:30.000000,2.384897e+07,1.531324e+07,5.749600e+01,6.005594e+06,3.444209e+01,,,1.408154e+00,4
2018-04-23 05:40:31.000000,2.384905e+07,1.543964e+07,5.772200e+01,6.007867e+06,3.445044e+01,,,1.406402e+00,4
2018-04-23 05:40:32.000000,2.384913e+07,1.556605e+07,5.794800e+01,6.010140e+06,3.445878e+01,,,1.407078e+00,4
2018-04-23 05:40:33.000000,2.384922e+07,1.564993e+07,5.806600e+01,6.012412e+06,3.446713e+01,,,1.407754e+00,4
2018-04-23 05:40:34.000000,2.384930e+07,1.573382e+07,5.818400e+01,6.014685e+06,3.447548e+01,,,1.408431e+00,4
2018-04-23 05:40:35.000000,2.384939e+07,1.556605e+07,5.795200e+01,6.016958e+06,3.448383e+01,,,1.409107e+00,4
2018-04-23 05:40:36.000000,2.384947e+07,1.539827e+07,5.772000e+01,6.019230e+06,3.449218e+01,,,1.409783e+00,4
2018-04-23 05:40:37.000000,2.384955e+07,1.537759e+07,5.768400e+01,6.021503e+06,3.450052e+01,,,1.410459e+00,4
2018-04-23 05:40:38.000000,2.384964e+07,1.535691e+07,5.764800e+01,6.023776e+06,3.450887e+01,,,1.411135e+00,4
2018-04-23 05:40:39.000000,2.384972e+07,1.533622e+07,5.761200e+01,6.026048e+06,3.451722e+01,,,1.411812e+00,4
2018-04-23 05:40:40.000000,2.384981e+07,1.531554e+07,5.757600e+01,6.028321e+06,3.452557e+01,,,1.412488e+00,4
2018-04-23 05:40:41.000000,2.384989e+07,1.544654e+07,5.784000e+01,6.029458e+06,3.453391e+01,,,1.413164e+00,4
2018-04-23 05:40:42.000000,2.384998e+07,1.557754e+07,5.810400e+01,6.030594e+06,3.454226e+01,,,1.413840e+00,4
2018-04-23 05:40:43.000000,2.385006e+07,1.565912e+07,5.817800e+01,6.031730e+06,3.455061e+01,,,1.412104e+00,4
2018-04-23 05:40:44.000000,2.385014e+07,1.574071e+07,5.825200e+01,6.032867e+06,3.455896e+01,,,1.410369e+00,4
2018-04-23 05:40:45.000000,2.385023e+07,1.558673e+07,5.803000e+01,6.034003e+06,3.456731e+01,,,1.408633e+00,4
2018-04-23 05:40:46.000000,2.385031e+07,1.543275e+07,5.780800e+01,6.035140e+06,3.457565e+01,,,1.406897e+00,4
2018-04-23 05:40:47.000000,2.385040e+07,1.538104e+07,5.767000e+01,6.036276e+06,3.458400e+01,,,1.405161e+00,4
2018-04-23 05:40:48.000000,2.385048e+07,1.532933e+07,5.753200e+01,6.037412e+06,3.459235e+01,,,1.403426e+00,4
2018-04-23 05:40:49.000000,2.385056e+07,1.540747e+07,5.766900e+01,6.038548e+06,3.460070e+01,,,1.401690e+00,4
2018-04-23 05:40:50.000000,2.385065e+07,1.548561e+07,5.780600e+01,6.039685e+06,3.460904e+01,,,1.399954e+00,4
2018-04-23 05:40:51.000000,2.385073e+07,1.556375e+07,5.794300e+01,6.040821e+06,3.461739e+01,,,1.398218e+00,4
2018-04-23 05:40:52.000000,2.385082e+07,1.564189e+07,5.808000e+01,6.042563e+06,3.462574e+01,,,1.396482e+00,4
2018-04-23 05:40:53.000000,2.385090e+07,1.568441e+07,5.807000e+01,6.044306e+06,3.463409e+01,,,1.394747e+00,4
2018-04-23 05:40:54.000000,2.385098e+07,1.572692e+07,5.806000e+01,6.046048e+06,3.464244e+01,,,1.395263e+00,4
2018-04-23 05:40:55.000000,2.385108e+07,1.559133e+07,5.799200e+01,6.047791e+06,3.465078e+01,,,1.395779e+00,4
2018-04-23 05:40:56.000000,2.385117e+07,1.545573e+07,5.792400e+01,6.049533e+06,3.465913e+01,,,1.396296e+00,4
2018-04-23 05:40:57.000000,2.385127e+07,1.540862e+07,5.785400e+01,6.051276e+06,3.466748e+01,,,1.396812e+00,4
2018-04-23 05:40:58.000000,2.385136e+07,1.536150e+07,5.778400e+01,6.053018e+06,3.467583e+01,,,1.397329e+00,4
2018-04-23 05:40:59.000000,2.385146e+07,1.543275e+07,5.790400e+01,6.054761e+06,3.468417e+01,,,1.397845e+00,4
2018-04-23 05:41:00.000000,2.385155e+07,1.550399e+07,5.802400e+01,6.056503e+06,3.469252e+01,,,1.398361e+00,4
2018-04-23 05:41:01.000000,2.385165e+07,1.555973e+07,5.808300e+01,6.058246e+06,3.470087e+01,,,1.398877e+00,4
2018-04-23 05:41:02.000000,2.385175e+07,1.561546e+07,5.814200e+01,6.059988e+06,3.470922e+01,,,1.399394e+00,4
2018-04-23 05:41:03.000000,2.385184e+07,1.567119e+07,5.820100e+01,6.066503e+06,3.471756e+01,,,1.399910e+00,4
2018-04-23 05:41:04.000000,2.385193e+07,1.572692e+07,5.826000e+01,6.073018e+06,3.472591e+01,,,1.400427e+00,4
2018-04-23 05:41:05.000000,2.385203e+07,1.564419e+07,5.823600e+01,6.079533e+06,3.473426e+01,,,1.398169e+00,4
2018-04-23 05:41:06.000000,2.385213e+07,1.556145e+07,5.821200e+01,6.086048e+06,3.474261e+01,,,1.395912e+00,4
2018-04-23 05:41:07.000000,2.385222e+07,1.543849e+07,5.791800e+01,6.092563e+06,3.475096e+01,,,1.393654e+00,4
2018-04-23 05:41:08.000000,2.385231e+07,1.531554e+07,5.762400e+01,6.099079e+06,3.475930e+01,,,1.391397e+00,4
2018-04-23 05:41:09.000000,2.385241e+07,1.541666e+07,5.775400e+01,6.105594e+06,3.476765e+01,,,1.389139e+00,4
2018-04-23 05:41:10.000000,2.385251e+07,1.551778e+07,5.788400e+01,6.112109e+06,3.477600e+01,,,1.386882e+00,4
2018-04-23 05:41:11.000000,2.385260e+07,1.562925e+07,5.806200e+01,6.118624e+06,3.478435e+01,,,1.384624e+00,4
2018-04-23 05:41:12.000000,2.385270e+07,1.574071e+07,5.824000e+01,6.125139e+06,3.479269e+01,,,1.382367e+00,4
2018-04-23 05:41:13.000000,2.385279e+07,1.563959e+07,5.811000e+01,6.131654e+06,3.480104e+01,,,1.380109e+00,4
2018-04-23 05:41:14.000000,2.385289e+07,1.553847e+07,5.798000e+01,6.139306e+06,3.480939e+01,,,1.377852e+00,4
2018-04-23 05:41:15.000000,2.385298e+07,1.555053e+07,5.802100e+01,6.146958e+06,3.481774e+01,,,1.375594e+00,4
2018-04-23 05:41:16.000000,2.385308e+07,1.556260e+07,5.806200e+01,6.154609e+06,3.482609e+01,,,1.375706e+00,4
2018-04-23 05:41:17.000000,2.385317e+07,1.557466e+07,5.810300e+01,6.162260e+06,3.483443e+01,,,1.375817e+00,4
2018-04-23 05:41:18.000000,2.385327e+07,1.558673e+07,5.814400e+01,6.169912e+06,3.484278e+01,,,1.375929e+00,4
2018-04-23 05:41:19.000000,2.385336e+07,1.558271e+07,5.816900e+01,6.177563e+06,3.485113e+01,,,1.376040e+00,4
2018-04-23 05:41:20.000000,2.385346e+07,1.557869e+07,5.819400e+01,6.185215e+06,3.485948e+01,,,1.376152e+00,4
2018-04-23 05:41:21.000000,2.385355e+07,1.557466e+07,5.821900e+01,6.192866e+06,3.486782e+01,,,1.376263e+00,4
2018-04-23 05:41:22.000000,2.385365e+07,1.557064e+07,5.824400e+01,6.200518e+06,3.487617e+01,,,1.376375e+00,4
2018-04-23 05:41:23.000000,2.385374e+07,1.550801e+07,5.815300e+01,6.208169e+06,3.488452e+01,,,1.376486e+00,4
2018-04-23 05:41:24.000000,2.385384e+07,1.544539e+07,5.806200e+01,6.215821e+06,3.489287e+01,,,1.376598e+00,4
2018-04-23 05:41:25.000000,2.385393e+07,1.538276e+07,5.797100e+01,6.220594e+06,3.490122e+01,,,1.376709e+00,4
2018-04-23 05:41:26.000000,2.385403e+07,1.532013e+07,5.788000e+01,6.225366e+06,3.490956e+01,,,1.376821e+00,4
2018-04-23 05:41:27.000000,2.385430e+07,1.549365e+07,5.814600e+01,6.230139e+06,3.491791e+01,,,1.377730e+00,4
2018-04-23 05:41:28.000000,2.385457e+07,1.566717e+07,5.841200e+01,6.234912e+06,3.492626e+01,,,1.378639e+00,4
2018-04-23 05:41:29.000000,2.385484e+07,1.570394e+07,5.853200e+01,6.239685e+06,3.493461e+01,,,1.379548e+00,4
2018-04-23 05:41:30.000000,2.385511e+07,1.574071e+07,5.865200e+01,6.244457e+06,3.494296e+01,,,1.380457e+00,4
2018-04-23 05:41:31.000000,2.385538e+07,1.555226e+07,5.836800e+01,6.249230e+06,3.495131e+01,,,1.381367e+00,4
2018-04-23 05:41:32.000000,2.385565e+07,1.536380e+07,5.808400e+01,6.254002e+06,3.495965e+01,,,1.382276e+00,4
2018-04-23 05:41:33.000000,2.385592e+07,1.544826e+07,5.796000e+01,6.258775e+06,3.496800e+01,,,1.383185e+00,4
2018-04-23 05:41:34.000000,2.385619e+07,1.553272e+07,5.783600e+01,6.263548e+06,3.497635e+01,,,1.384094e+00,4
2018-04-23 05:41:35.000000,2.385646e+07,1.561718e+07,5.814400e+01,6.268321e+06,3.498470e+01,,,1.385003e+00,4
2018-04-23 05:41:36.000000,2.385673e+07,1.570164e+07,5.845200e+01,6.271730e+06,3.499304e+01,,,1.385913e+00,4
2018-04-23 05:41:37.000000,2.385700e+07,1.568096e+07,5.838000e+01,6.275139e+06,3.500139e+01,,,1.386822e+00,4
2018-04-23 05:41:38.000000,2.385727e+07,1.566028e+07,5.830800e+01,6.278548e+06,3.500974e+01,,,1.386320e+00,4
2018-04-23 05:41:39.000000,2.385754e+07,1.563959e+07,5.823600e+01,6.281957e+06,3.501809e+01,,,1.385819e+00,4
2018-04-23 05:41:40.000000,2.385781e+07,1.561891e+07,5.816400e+01,6.285366e+06,3.502644e+01,,,1.385318e+00,4
2018-04-23 05:41:41.000000,2.385808e+07,1.547527e+07,5.795800e+01,6.288775e+06,3.503478e+01,,,1.384817e+00,4
2018-04-23 05:41:42.000000,2.385835e+07,1.533162e+07,5.775200e+01,6.292185e+06,3.504313e+01,,,1.384315e+00,4
2018-04-23 05:41:43.000000,2.385862e+07,1.541091e+07,5.787800e+01,6.295594e+06,3.505148e+01,,,1.383814e+00,4
2018-04-23 05:41:44.000000,2.385889e+07,1.549020e+07,5.800400e+01,6.299002e+06,3.505983e+01,,,1.383313e+00,4
2018-04-23 05:41:45.000000,2.385916e+07,1.562350e+07,5.839000e+01,6.302412e+06,3.506817e+01,,,1.382811e+00,4
2018-04-23 05:41:46.000000,2.385943e+07,1.575680e+07,5.877600e+01,6.305821e+06,3.507652e+01,,,1.382310e+00,4
2018-04-23 05:41:47.000000,2.385970e+07,1.568096e+07,5.865200e+01,6.309381e+06,3.508487e+01,,,1.381809e+00,4
2018-04-23 05:41:48.000000,2.385997e+07,1.560512e+07,5.852800e+01,6.312942e+06,3.509322e+01,,,1.381308e+00,4
2018-04-23 05:41:49.000000,2.386024e+07,1.554364e+07,5.842600e+01,6.316502e+06,3.510157e+01,,,1.382513e+00,4
2018-04-23 05:41:50.000000,2.386051e+07,1.548216e+07,5.832400e+01,6.320063e+06,3.510991e+01,,,1.383719e+00,4
2018-04-23 05:41:51.000000,2.386078e+07,1.542068e+07,5.822200e+01,6.323624e+06,3.511826e+01,,,1.384924e+00,4
2018-04-23 05:41:52.000000,2.386105e+07,1.535920e+07,5.812000e+01,6.327185e+06,3.512661e+01,,,1.386130e+00,4
2018-04-23 05:41:53.000000,2.386132e+07,1.542011e+07,5.814400e+01,6.330745e+06,3.513496e+01,,,1.387336e+00,4
2018-04-23 05:41:54.000000,2.386159e+07,1.548101e+07,5.816800e+01,6.334306e+06,3.514330e+01,,,1.388541e+00,4
2018-04-23 05:41:55.000000,2.386187e+07,1.562005e+07,5.842000e+01,6.337866e+06,3.515165e+01,,,1.389747e+00,4
2018-04-23 05:41:56.000000,2.386214e+07,1.575910e+07,5.867200e+01,6.341427e+06,3.516000e+01,,,1.390953e+00,4
2018-04-23 05:41:57.000000,2.386241e+07,1.573612e+07,5.860200e+01,6.344987e+06,3.517652e+01,,,1.392158e+00,4
2018-04-23 05:41:58.000000,2.386268e+07,1.571313e+07,5.853200e+01,6.347791e+06,3.519304e+01,,,1.393364e+00,4
2018-04-23 05:41:59.000000,2.386287e+07,1.564304e+07,5.843000e+01,6.350593e+06,3.520956e+01,,,1.394569e+00,4
2018-04-23 05:42:00.000000,2.386306e+07,1.557294e+07,5.832800e+01,6.353396e+06,3.522609e+01,,,1.394717e+00,4
2018-04-23 05:42:01.000000,2.386325e+07,1.551836e+07,5.821300e+01,6.356200e+06,3.524261e+01,,,1.394865e+00,4
2018-04-23 05:42:02.000000,2.386344e+07,1.546377e+07,5.809800e+01,6.359002e+06,3.525913e+01,,,1.395012e+00,4
2018-04-23 05:42:03.000000,2.386364e+07,1.540919e+07,5.798300e+01,6.361806e+06,3.527565e+01,,,1.395160e+00,4
2018-04-23 05:42:04.000000,2.386383e+07,1.535461e+07,5.786800e+01,6.364608e+06,3.529218e+01,,,1.395308e+00,4
2018-04-23 05:42:05.000000,2.386402e+07,1.548216e+07,5.815800e+01,6.367412e+06,3.530870e+01,,,1.395455e+00,4
2018-04-23 05:42:06.000000,2.386422e+07,1.560971e+07,5.844800e+01,6.370215e+06,3.532522e+01,,,1.395603e+00,4
2018-04-23 05:42:07.000000,2.386441e+07,1.569475e+07,5.861400e+01,6.373018e+06,3.534174e+01,,,1.395751e+00,4
2018-04-23 05:42:08.000000,2.386460e+07,1.577978e+07,5.878000e+01,6.375821e+06,3.535826e+01,,,1.395898e+00,4
2018-04-23 05:42:09.000000,2.386479e+07,1.571084e+07,5.860800e+01,6.378775e+06,3.537478e+01,,,1.396046e+00,4
2018-04-23 05:42:10.000000,2.386498e+07,1.564189e+07,5.843600e+01,6.381730e+06,3.539130e+01,,,1.396194e+00,4
2018-04-23 05:42:11.000000,2.386518e+07,1.552812e+07,5.827800e+01,6.384685e+06,3.540783e+01,,,1.395990e+00,4
2018-04-23 05:42:12.000000,2.386537e+07,1.541436e+07,5.812000e+01,6.387639e+06,3.542435e+01,,,1.395787e+00,4
2018-04-23 05:42:13.000000,2.386556e+07,1.543734e+07,5.813300e+01,6.390594e+06,3.544087e+01,,,1.395584e+00,4
2018-04-23 05:42:14.000000,2.386575e+07,1.546033e+07,5.814600e+01,6.393548e+06,3.545739e+01,,,1.395380e+00,4
2018-04-23 05:42:15.000000,2.386595e+07,1.548331e+07,5.815900e+01,6.396502e+06,3.547391e+01,,,1.395177e+00,4
2018-04-23 05:42:16.000000,2.386614e+07,1.550629e+07,5.817200e+01,6.399457e+06,3.549043e+01,,,1.394974e+00,4
2018-04-23 05:42:17.000000,2.386633e+07,1.562120e+07,5.842600e+01,6.402412e+06,3.550695e+01,,,1.394771e+00,4
2018-04-23 05:42:18.000000,2.386652e+07,1.573612e+07,5.868000e+01,6.405366e+06,3.552348e+01,,,1.394567e+00,4
2018-04-23 05:42:19.000000,2.386672e+07,1.564936e+07,5.863400e+01,6.408321e+06,3.554000e+01,,,1.394364e+00,4
2018-04-23 05:42:20.000000,2.386691e+07,1.556260e+07,5.858800e+01,6.407260e+06,3.555652e+01,,,1.394161e+00,4
2018-04-23 05:42:21.000000,2.386710e+07,1.547584e+07,5.826400e+01,6.406200e+06,3.557304e+01,,,1.393958e+00,4
2018-04-23 05:42:22.000000,2.386729e+07,1.538908e+07,5.794000e+01,6.405139e+06,3.558957e+01,,,1.394001e+00,4
2018-04-23 05:42:23.000000,2.386749e+07,1.542470e+07,5.792800e+01,6.404079e+06,3.560609e+01,,,1.394044e+00,4
2018-04-23 05:42:24.000000,2.386768e+07,1.546033e+07,5.791600e+01,6.403018e+06,3.562261e+01,,,1.394087e+00,4
2018-04-23 05:42:25.000000,2.386787e+07,1.559478e+07,5.825400e+01,6.401957e+06,3.563913e+01,,,1.394130e+00,4
2018-04-23 05:42:26.000000,2.386806e+07,1.572922e+07,5.859200e+01,6.400896e+06,3.565565e+01,,,1.394173e+00,4
2018-04-23 05:42:27.000000,2.386826e+07,1.572003e+07,5.863000e+01,6.399836e+06,3.567217e+01,,,1.394217e+00,4
2018-04-23 05:42:28.000000,2.386845e+07,1.571084e+07,5.866800e+01,6.398775e+06,3.568869e+01,,,1.394260e+00,4
2018-04-23 05:42:29.000000,2.386864e+07,1.565970e+07,5.858900e+01,6.397715e+06,3.570522e+01,,,1.394303e+00,4
2018-04-23 05:42:30.000000,2.386883e+07,1.560856e+07,5.851000e+01,6.396654e+06,3.572174e+01,,,1.394346e+00,4
2018-04-23 05:42:31.000000,2.386902e+07,1.555743e+07,5.843100e+01,6.390442e+06,3.573826e+01,,,1.394389e+00,4
2018-04-23 05:42:32.000000,2.386922e+07,1.550629e+07,5.835200e+01,6.384230e+06,3.575478e+01,,,1.394432e+00,4
2018-04-23 05:42:33.000000,2.386930e+07,1.557926e+07,5.851800e+01,6.378018e+06,3.577130e+01,,,1.396300e+00,4
2018-04-23 05:42:34.000000,2.386939e+07,1.565223e+07,5.868400e+01,6.371806e+06,3.578782e+01,,,1.398167e+00,4
2018-04-23 05:42:35.000000,2.386947e+07,1.572520e+07,5.885000e+01,6.365594e+06,3.580435e+01,,,1.400035e+00,4
2018-04-23 05:42:36.000000,2.386956e+07,1.579817e+07,5.901600e+01,6.359381e+06,3.582087e+01,,,1.401903e+00,4
2018-04-23 05:42:37.000000,2.386965e+07,1.570164e+07,5.884800e+01,6.353169e+06,3.583739e+01,,,1.403770e+00,4
2018-04-23 05:42:38.000000,2.386973e+07,1.560512e+07,5.868000e+01,6.346957e+06,3.585391e+01,,,1.405638e+00,4
2018-04-23 05:42:39.000000,2.386982e+07,1.550514e+07,5.851600e+01,6.340745e+06,3.587043e+01,,,1.407505e+00,4
2018-04-23 05:42:40.000000,2.386990e+07,1.540517e+07,5.835200e+01,6.334533e+06,3.588696e+01,,,1.409373e+00,4
2018-04-23 05:42:41.000000,2.386999e+07,1.539368e+07,5.832400e+01,6.328321e+06,3.590348e+01,,,1.411241e+00,4
2018-04-23 05:42:42.000000,2.387007e+07,1.538219e+07,5.829600e+01,6.313700e+06,3.592000e+01,,,1.413108e+00,4
2018-04-23 05:42:43.000000,2.387016e+07,1.550859e+07,5.850600e+01,6.299079e+06,3.591739e+01,,,1.414976e+00,4
2018-04-23 05:42:44.000000,2.387025e+07,1.563499e+07,5.871600e+01,6.284457e+06,3.591478e+01,,,1.414129e+00,4
2018-04-23 05:42:45.000000,2.387033e+07,1.567521e+07,5.877000e+01,6.269836e+06,3.591217e+01,,,1.413282e+00,4
2018-04-23 05:42:46.000000,2.387042e+07,1.571543e+07,5.882400e+01,6.255215e+06,3.590956e+01,,,1.412435e+00,4
2018-04-23 05:42:47.000000,2.387050e+07,1.575565e+07,5.887800e+01,6.240594e+06,3.590696e+01,,,1.411588e+00,4
2018-04-23 05:42:48.000000,2.387059e+07,1.579587e+07,5.893200e+01,6.225973e+06,3.590435e+01,,,1.410741e+00,4
2018-04-23 05:42:49.000000,2.387067e+07,1.572348e+07,5.873800e+01,6.211352e+06,3.590174e+01,,,1.409894e+00,4
2018-04-23 05:42:50.000000,2.387076e+07,1.565108e+07,5.854400e+01,6.196730e+06,3.589913e+01,,,1.409046e+00,4
2018-04-23 05:42:51.000000,2.387084e+07,1.552238e+07,5.833800e+01,6.182109e+06,3.589652e+01,,,1.408199e+00,4
2018-04-23 05:42:52.000000,2.387093e+07,1.539368e+07,5.813200e+01,6.167488e+06,3.589391e+01,,,1.407352e+00,4
2018-04-23 05:42:53.000000,2.387102e+07,1.547756e+07,5.832200e+01,6.167488e+06,3.589130e+01,,,1.406505e+00,4
2018-04-23 05:42:54.000000,2.387110e+07,1.556145e+07,5.851200e+01,6.167488e+06,3.588869e+01,,,1.405658e+00,4
2018-04-23 05:42:55.000000,2.387119e+07,1.567981e+07,5.857000e+01,6.167488e+06,3.588609e+01,,,1.405781e+00,4
2018-04-23 05:42:56.000000,2.387127e+07,1.579817e+07,5.862800e+01,6.167488e+06,3.588348e+01,,,1.405904e+00,4
2018-04-23 05:42:57.000000,2.387136e+07,1.565223e+07,5.846800e+01,6.167488e+06,3.588087e+01,,,1.406027e+00,4
2018-04-23 05:42:58.000000,2.387144e+07,1.550629e+07,5.830800e+01,6.167488e+06,3.587826e+01,,,1.406150e+00,4
2018-04-23 05:42:59.000000,2.387153e+07,1.547986e+07,5.821100e+01,6.167488e+06,3.587565e+01,,,1.406273e+00,4
2018-04-23 05:43:00.000000,2.387162e+07,1.545343e+07,5.811400e+01,6.167488e+06,3.587304e+01,,,1.406395e+00,4
2018-04-23 05:43:01.000000,2.387170e+07,1.542700e+07,5.801700e+01,6.167488e+06,3.587043e+01,,,1.406518e+00,4
2018-04-23 05:43:02.000000,2.387179e+07,1.540057e+07,5.792000e+01,6.167488e+06,3.586782e+01,,,1.406641e+00,4
2018-04-23 05:43:03.000000,2.387187e+07,1.545803e+07,5.806000e+01,6.167488e+06,3.586522e+01,,,1.406764e+00,4
2018-04-23 05:43:04.000000,2.387196e+07,1.551548e+07,5.820000e+01,6.177791e+06,3.586261e+01,,,1.406887e+00,4
2018-04-23 05:43:05.000000,2.387135e+07,1.565453e+07,5.841000e+01,6.188094e+06,3.586000e+01,,,1.407010e+00,4
2018-04-23 05:43:06.000000,2.387073e+07,1.579357e+07,5.862000e+01,6.198397e+06,3.579435e+01,,,1.407092e+00,4
2018-04-23 05:43:07.000000,2.387012e+07,1.566717e+07,5.833200e+01,6.208700e+06,3.572869e+01,,,1.407174e+00,4
2018-04-23 05:43:08.000000,2.386951e+07,1.554077e+07,5.804400e+01,6.219003e+06,3.566304e+01,,,1.407256e+00,4
2018-04-23 05:43:09.000000,2.386889e+07,1.547986e+07,5.781800e+01,6.229306e+06,3.559739e+01,,,1.407338e+00,4
2018-04-23 05:43:10.000000,2.386828e+07,1.541896e+07,5.759200e+01,6.239609e+06,3.553174e+01,,,1.407420e+00,4
2018-04-23 05:43:11.000000,2.386767e+07,1.540747e+07,5.754600e+01,6.249912e+06,3.546609e+01,,,1.407502e+00,4
2018-04-23 05:43:12.000000,2.386706e+07,1.539597e+07,5.750000e+01,6.260215e+06,3.540044e+01,,,1.407585e+00,4
2018-04-23 05:43:13.000000,2.386645e+07,1.538448e+07,5.745400e+01,6.270518e+06,3.533478e+01,,,1.407667e+00,4
2018-04-23 05:43:14.000000,2.386583e+07,1.537299e+07,5.740800e+01,6.280821e+06,3.526913e+01,,,1.407749e+00,4
2018-04-23 05:43:15.000000,2.386522e+07,1.550170e+07,5.770400e+01,6.282487e+06,3.520348e+01,,,1.407831e+00,4
2018-04-23 05:43:16.000000,2.386461e+07,1.563040e+07,5.800000e+01,6.284154e+06,3.513783e+01,,,1.407913e+00,4
2018-04-23 05:43:17.000000,2.386400e+07,1.568785e+07,5.818200e+01,6.285821e+06,3.507217e+01,,,1.408526e+00,4
2018-04-23 05:43:18.000000,2.386338e+07,1.574531e+07,5.836400e+01,6.287487e+06,3.500652e+01,,,1.409139e+00,4
2018-04-23 05:43:19.000000,2.386277e+07,1.568441e+07,5.825400e+01,6.289154e+06,3.494087e+01,,,1.409752e+00,4
2018-04-23 05:43:20.000000,2.386216e+07,1.562350e+07,5.814400e+01,6.290821e+06,3.487522e+01,,,1.410366e+00,4
2018-04-23 05:43:21.000000,2.386154e+07,1.548676e+07,5.789400e+01,6.292488e+06,3.480956e+01,,,1.410979e+00,4
2018-04-23 05:43:22.000000,2.386093e+07,1.535001e+07,5.764400e+01,6.294154e+06,3.474391e+01,,,1.411592e+00,4
2018-04-23 05:43:23.000000,2.386032e+07,1.537184e+07,5.760700e+01,6.295821e+06,3.467826e+01,,,1.412205e+00,4
2018-04-23 05:43:24.000000,2.385971e+07,1.539368e+07,5.757000e+01,6.297488e+06,3.461261e+01,,,1.412818e+00,4
2018-04-23 05:43:25.000000,2.385910e+07,1.541551e+07,5.753300e+01,6.299154e+06,3.454696e+01,,,1.413432e+00,4
2018-04-23 05:43:26.000000,2.385848e+07,1.543734e+07,5.749600e+01,6.285594e+06,3.448130e+01,,,1.414045e+00,4
2018-04-23 05:43:27.000000,2.385787e+07,1.551893e+07,5.753800e+01,6.272033e+06,3.441565e+01,,,1.414658e+00,4
2018-04-23 05:43:28.000000,2.385726e+07,1.560052e+07,5.758000e+01,6.258473e+06,3.435000e+01,,,1.413626e+00,4
2018-04-23 05:43:29.000000,2.385665e+07,1.566832e+07,5.782600e+01,6.244912e+06,3.433783e+01,,,1.412593e+00,4
2018-04-23 05:43:30.000000,2.385603e+07,1.573612e+07,5.807200e+01,6.231352e+06,3.432565e+01,,,1.411561e+00,4
2018-04-23 05:43:31.000000,2.385542e+07,1.561891e+07,5.800000e+01,6.217791e+06,3.431348e+01,,,1.410529e+00,4
2018-04-23 05:43:32.000000,2.385481e+07,1.550170e+07,5.792800e+01,6.204230e+06,3.430130e+01,,,1.409497e+00,4
2018-04-23 05:43:33.000000,2.385420e+07,1.542126e+07,5.778600e+01,6.190669e+06,3.428913e+01,,,1.408465e+00,4
2018-04-23 05:43:34.000000,2.385358e+07,1.534082e+07,5.764400e+01,6.177109e+06,3.427695e+01,,,1.407433e+00,4
2018-04-23 05:43:35.000000,2.385297e+07,1.546263e+07,5.771400e+01,6.163548e+06,3.426478e+01,,,1.406401e+00,4
2018-04-23 05:43:36.000000,2.385236e+07,1.558443e+07,5.778400e+01,6.149988e+06,3.425261e+01,,,1.405369e+00,4
2018-04-23 05:43:37.000000,2.385175e+07,1.567177e+07,5.796400e+01,6.132791e+06,3.424043e+01,,,1.404336e+00,4
2018-04-23 05:43:38.000000,2.385113e+07,1.575910e+07,5.814400e+01,6.115594e+06,3.422826e+01,,,1.403304e+00,4
2018-04-23 05:43:39.000000,2.385113e+07,1.572635e+07,5.814600e+01,6.098397e+06,3.421609e+01,,,1.403413e+00,4
2018-04-23 05:43:40.000000,2.385113e+07,1.569360e+07,5.814800e+01,6.081200e+06,3.420391e+01,,,1.403523e+00,4
2018-04-23 05:43:41.000000,2.385112e+07,1.566085e+07,5.815000e+01,6.064003e+06,3.419174e+01,,,1.403632e+00,4
2018-04-23 05:43:42.000000,2.385112e+07,1.562810e+07,5.815200e+01,6.046806e+06,3.417957e+01,,,1.403741e+00,4
2018-04-23 05:43:43.000000,2.385112e+07,1.550170e+07,5.802600e+01,6.029609e+06,3.416739e+01,,,1.403851e+00,4
2018-04-23 05:43:44.000000,2.385112e+07,1.537529e+07,5.790000e+01,6.012412e+06,3.415522e+01,,,1.403960e+00,4
2018-04-23 05:43:45.000000,2.385111e+07,1.545113e+07,5.801600e+01,5.995215e+06,3.414304e+01,,,1.404069e+00,4
2018-04-23 05:43:46.000000,2.385111e+07,1.552698e+07,5.813200e+01,5.978018e+06,3.413087e+01,,,1.404178e+00,4
2018-04-23 05:43:47.000000,2.385111e+07,1.564189e+07,5.819200e+01,5.960821e+06,3.411869e+01,,,1.404288e+00,4
2018-04-23 05:43:48.000000,2.385110e+07,1.575680e+07,5.825200e+01,5.946427e+06,3.410652e+01,,,1.404397e+00,4
2018-04-23 05:43:49.000000,2.385110e+07,1.571084e+07,5.818000e+01,5.932033e+06,3.409435e+01,,,1.404506e+00,4
2018-04-23 05:43:50.000000,2.385110e+07,1.566487e+07,5.810800e+01,5.917640e+06,3.408217e+01,,,1.402103e+00,4
2018-04-23 05:43:51.000000,2.385109e+07,1.563959e+07,5.814800e+01,5.903246e+06,3.407000e+01,,,1.399700e+00,4
2018-04-23 05:43:52.000000,2.385109e+07,1.561431e+07,5.818800e+01,5.888852e+06,3.403152e+01,,,1.397297e+00,4
2018-04-23 05:43:53.000000,2.385109e+07,1.558903e+07,5.822800e+01,5.874458e+06,3.399304e+01,,,1.394894e+00,4
2018-04-23 05:43:54.000000,2.385108e+07,1.556375e+07,5.826800e+01,5.860063e+06,3.395456e+01,,,1.392491e+00,4
2018-04-23 05:43:55.000000,2.385108e+07,1.561086e+07,5.839900e+01,5.845669e+06,3.391609e+01,,,1.390088e+00,4
2018-04-23 05:43:56.000000,2.385108e+07,1.565798e+07,5.853000e+01,5.831276e+06,3.387761e+01,,,1.387685e+00,4
2018-04-23 05:43:57.000000,2.385108e+07,1.570509e+07,5.866100e+01,5.816882e+06,3.383913e+01,,,1.385282e+00,4
2018-04-23 05:43:58.000000,2.385107e+07,1.575220e+07,5.879200e+01,5.802488e+06,3.380065e+01,,,1.382879e+00,4
2018-04-23 05:43:59.000000,2.385107e+07,1.563384e+07,5.848000e+01,5.798321e+06,3.376217e+01,,,1.380476e+00,4
2018-04-23 05:44:00.000000,2.385107e+07,1.551548e+07,5.816800e+01,5.794154e+06,3.372369e+01,,,1.378073e+00,4
2018-04-23 05:44:01.000000,2.385106e+07,1.543275e+07,5.800200e+01,5.789988e+06,3.368522e+01,,,1.380024e+00,4
2018-04-23 05:44:02.000000,2.385106e+07,1.535001e+07,5.783600e+01,5.785821e+06,3.364674e+01,,,1.381975e+00,4
2018-04-23 05:44:03.000000,2.385106e+07,1.548101e+07,5.794400e+01,5.781655e+06,3.360826e+01,,,1.383925e+00,4
2018-04-23 05:44:04.000000,2.385105e+07,1.561201e+07,5.805200e+01,5.777488e+06,3.356978e+01,,,1.385876e+00,4
2018-04-23 05:44:05.000000,2.385105e+07,1.566947e+07,5.819200e+01,5.773321e+06,3.353130e+01,,,1.387826e+00,4
2018-04-23 05:44:06.000000,2.385105e+07,1.572692e+07,5.833200e+01,5.769155e+06,3.349282e+01,,,1.389777e+00,4
2018-04-23 05:44:07.000000,2.385105e+07,1.556720e+07,5.814800e+01,5.764988e+06,3.345435e+01,,,1.391728e+00,4
2018-04-23 05:44:08.000000,2.385104e+07,1.540747e+07,5.796400e+01,5.760821e+06,3.341587e+01,,,1.393678e+00,4
2018-04-23 05:44:09.000000,2.385104e+07,1.538793e+07,5.795500e+01,5.756655e+06,3.337739e+01,,,1.395629e+00,4
2018-04-23 05:44:10.000000,2.385104e+07,1.536840e+07,5.794600e+01,5.758549e+06,3.333891e+01,,,1.397579e+00,4
2018-04-23 05:44:11.000000,2.385037e+07,1.534886e+07,5.793700e+01,5.760443e+06,3.330043e+01,,,1.399530e+00,4
2018-04-23 05:44:12.000000,2.384970e+07,1.532933e+07,5.792800e+01,5.762336e+06,3.326196e+01,,,1.399071e+00,4
2018-04-23 05:44:13.000000,2.384903e+07,1.544079e+07,5.816000e+01,5.764230e+06,3.322348e+01,,,1.398612e+00,4
2018-04-23 05:44:14.000000,2.384836e+07,1.555226e+07,5.839200e+01,5.766125e+06,3.318500e+01,,,1.398153e+00,4
2018-04-23 05:44:15.000000,2.384770e+07,1.562580e+07,5.837200e+01,5.768019e+06,3.314652e+01,,,1.397694e+00,4
2018-04-23 05:44:16.000000,2.384703e+07,1.569935e+07,5.835200e+01,5.769913e+06,3.310804e+01,,,1.397235e+00,4
2018-04-23 05:44:17.000000,2.384636e+07,1.553732e+07,5.798400e+01,5.771807e+06,3.306956e+01,,,1.396776e+00,4
2018-04-23 05:44:18.000000,2.384569e+07,1.537529e+07,5.761600e+01,5.773700e+06,3.303109e+01,,,1.396317e+00,4
2018-04-23 05:44:19.000000,2.384503e+07,1.537472e+07,5.759600e+01,5.775594e+06,3.299261e+01,,,1.395858e+00,4
2018-04-23 05:44:20.000000,2.384436e+07,1.537414e+07,5.757600e+01,5.777488e+06,3.295413e+01,,,1.395399e+00,4
2018-04-23 05:44:21.000000,2.384369e+07,1.537357e+07,5.755600e+01,5.783928e+06,3.291565e+01,,,1.394940e+00,4
2018-04-23 05:44:22.000000,2.384302e+07,1.537299e+07,5.753600e+01,5.790367e+06,3.287717e+01,,,1.394481e+00,4
2018-04-23 05:44:23.000000,2.384236e+07,1.552468e+07,5.788400e+01,5.796806e+06,3.283870e+01,,,1.394130e+00,4
2018-04-23 05:44:24.000000,2.384169e+07,1.567636e+07,5.823200e+01,5.803246e+06,3.280022e+01,,,1.393778e+00,4
2018-04-23 05:44:25.000000,2.384102e+07,1.566602e+07,5.827000e+01,5.809685e+06,3.276174e+01,,,1.393427e+00,4
2018-04-23 05:44:26.000000,2.384035e+07,1.565568e+07,5.830800e+01,5.816125e+06,3.272326e+01,,,1.393076e+00,4
2018-04-23 05:44:27.000000,2.383968e+07,1.549020e+07,5.812200e+01,5.822564e+06,3.268478e+01,,,1.392725e+00,4
2018-04-23 05:44:28.000000,2.383902e+07,1.532473e+07,5.793600e+01,5.829003e+06,3.264631e+01,,,1.392374e+00,4
2018-04-23 05:44:29.000000,2.383835e+07,1.536725e+07,5.803800e+01,5.835442e+06,3.260783e+01,,,1.392023e+00,4
2018-04-23 05:44:30.000000,2.383768e+07,1.540977e+07,5.814000e+01,5.841882e+06,3.256935e+01,,,1.391672e+00,4
2018-04-23 05:44:31.000000,2.383701e+07,1.555226e+07,5.839600e+01,5.848321e+06,3.253087e+01,,,1.391321e+00,4
2018-04-23 05:44:32.000000,2.383634e+07,1.569475e+07,5.865200e+01,5.848700e+06,3.249239e+01,,,1.390970e+00,4
2018-04-23 05:44:33.000000,2.383568e+07,1.557409e+07,5.856200e+01,5.849079e+06,3.245391e+01,,,1.390619e+00,4
2018-04-23 05:44:34.000000,2.383501e+07,1.545343e+07,5.847200e+01,5.849458e+06,3.241544e+01,,,1.389553e+00,4
2018-04-23 05:44:35.000000,2.383434e+07,1.541896e+07,5.842800e+01,5.849836e+06,3.237696e+01,,,1.388487e+00,4
2018-04-23 05:44:36.000000,2.383367e+07,1.538448e+07,5.838400e+01,5.850215e+06,3.233848e+01,,,1.387421e+00,4
2018-04-23 05:44:37.000000,2.383301e+07,1.535001e+07,5.834000e+01,5.850594e+06,3.230000e+01,,,1.386354e+00,4
2018-04-23 05:44:38.000000,2.383234e+07,1.531554e+07,5.829600e+01,5.850973e+06,3.231696e+01,,,1.385288e+00,4
2018-04-23 05:44:39.000000,2.383167e+07,1.541091e+07,5.844600e+01,5.851352e+06,3.233391e+01,,,1.384222e+00,4
2018-04-23 05:44:40.000000,2.383100e+07,1.550629e+07,5.859600e+01,5.851730e+06,3.235087e+01,,,1.383156e+00,4
2018-04-23 05:44:41.000000,2.383034e+07,1.560052e+07,5.874000e+01,5.852109e+06,3.236782e+01,,,1.382090e+00,4
2018-04-23 05:44:42.000000,2.382967e+07,1.569475e+07,5.888400e+01,5.852488e+06,3.238478e+01,,,1.381024e+00,4
2018-04-23 05:44:43.000000,2.382990e+07,1.553617e+07,5.867400e+01,5.852867e+06,3.240174e+01,,,1.379958e+00,4
2018-04-23 05:44:44.000000,2.383013e+07,1.537759e+07,5.846400e+01,5.853246e+06,3.241869e+01,,,1.378891e+00,4
2018-04-23 05:44:45.000000,2.383036e+07,1.532703e+07,5.826400e+01,5.853625e+06,3.243565e+01,,,1.381247e+00,4
2018-04-23 05:44:46.000000,2.383059e+07,1.527647e+07,5.806400e+01,5.854003e+06,3.245261e+01,,,1.383603e+00,4
2018-04-23 05:44:47.000000,2.383082e+07,1.534886e+07,5.822200e+01,5.854382e+06,3.246957e+01,,,1.385959e+00,4
2018-04-23 05:44:48.000000,2.383105e+07,1.542126e+07,5.838000e+01,5.854761e+06,3.248652e+01,,,1.388314e+00,4
2018-04-23 05:44:49.000000,2.383127e+07,1.549365e+07,5.853800e+01,5.855140e+06,3.250348e+01,,,1.390670e+00,4
2018-04-23 05:44:50.000000,2.383150e+07,1.556605e+07,5.869600e+01,5.855519e+06,3.252044e+01,,,1.393026e+00,4
2018-04-23 05:44:51.000000,2.383174e+07,1.558903e+07,5.874800e+01,5.855897e+06,3.253739e+01,,,1.395381e+00,4
2018-04-23 05:44:52.000000,2.383196e+07,1.561201e+07,5.880000e+01,5.856276e+06,3.255435e+01,,,1.397737e+00,4
2018-04-23 05:44:53.000000,2.383219e+07,1.546607e+07,5.840000e+01,5.856655e+06,3.257130e+01,,,1.400093e+00,4
2018-04-23 05:44:54.000000,2.383242e+07,1.532013e+07,5.800000e+01,5.864382e+06,3.258826e+01,,,1.402448e+00,4
2018-04-23 05:44:55.000000,2.383265e+07,1.531439e+07,5.792400e+01,5.872109e+06,3.260522e+01,,,1.404804e+00,4
2018-04-23 05:44:56.000000,2.383288e+07,1.530864e+07,5.784800e+01,5.879836e+06,3.262217e+01,,,1.402787e+00,4
2018-04-23 05:44:57.000000,2.383311e+07,1.549250e+07,5.816200e+01,5.887564e+06,3.263913e+01,,,1.400769e+00,4
2018-04-23 05:44:58.000000,2.383334e+07,1.567636e+07,5.847600e+01,5.895291e+06,3.265609e+01,,,1.398751e+00,4
2018-04-23 05:44:59.000000,2.383357e+07,1.562982e+07,5.839000e+01,5.903019e+06,3.267304e+01,,,1.396734e+00,4
2018-04-23 05:45:00.000000,2.383380e+07,1.558328e+07,5.830400e+01,5.910746e+06,3.269000e+01,,,1.394716e+00,4
2018-04-23 05:45:01.000000,2.383403e+07,1.553674e+07,5.821800e+01,5.918473e+06,3.270696e+01,,,1.392699e+00,4
2018-04-23 05:45:02.000000,2.383426e+07,1.549020e+07,5.813200e+01,5.926200e+06,3.272392e+01,,,1.390681e+00,4
2018-04-23 05:45:03.000000,2.383449e+07,1.538448e+07,5.794200e+01,5.933928e+06,3.274087e+01,,,1.388663e+00,4
2018-04-23 05:45:04.000000,2.383472e+07,1.527876e+07,5.775200e+01,5.941655e+06,3.275783e+01,,,1.386646e+00,4
2018-04-23 05:45:05.000000,2.383495e+07,1.541896e+07,5.805200e+01,5.946655e+06,3.277478e+01,,,1.384628e+00,4
2018-04-23 05:45:06.000000,2.383518e+07,1.555915e+07,5.835200e+01,5.951655e+06,3.279174e+01,,,1.382611e+00,4
2018-04-23 05:45:07.000000,2.383541e+07,1.561546e+07,5.849200e+01,5.956655e+06,3.280870e+01,,,1.383606e+00,4
2018-04-23 05:45:08.000000,2.383564e+07,1.567177e+07,5.863200e+01,5.961655e+06,3.282565e+01,,,1.384601e+00,4
2018-04-23 05:45:09.000000,2.383587e+07,1.551778e+07,5.847000e+01,5.966655e+06,3.284261e+01,,,1.385596e+00,4
2018-04-23 05:45:10.000000,2.383610e+07,1.536380e+07,5.830800e+01,5.971654e+06,3.285957e+01,,,1.386592e+00,4
2018-04-23 05:45:11.000000,2.383633e+07,1.534369e+07,5.823100e+01,5.976654e+06,3.287652e+01,,,1.387587e+00,4
2018-04-23 05:45:12.000000,2.383656e+07,1.532358e+07,5.815400e+01,5.981654e+06,3.289348e+01,,,1.388582e+00,4
2018-04-23 05:45:13.000000,2.383679e+07,1.530347e+07,5.807700e+01,5.986654e+06,3.291043e+01,,,1.389577e+00,4
2018-04-23 05:45:14.000000,2.383702e+07,1.528336e+07,5.800000e+01,5.991654e+06,3.292739e+01,,,1.390572e+00,4
2018-04-23 05:45:15.000000,2.383734e+07,1.539483e+07,5.807200e+01,5.996654e+06,3.294435e+01,,,1.391568e+00,4
2018-04-23 05:45:16.000000,2.383766e+07,1.550629e+07,5.814400e+01,5.996200e+06,3.296131e+01,,,1.392563e+00,4
2018-04-23 05:45:17.000000,2.383798e+07,1.559362e+07,5.839000e+01,5.995745e+06,3.297826e+01,,,1.393558e+00,4
2018-04-23 05:45:18.000000,2.383830e+07,1.568096e+07,5.863600e+01,5.995291e+06,3.299522e+01,,,1.393341e+00,4
2018-04-23 05:45:19.000000,2.383862e+07,1.559248e+07,5.848400e+01,5.994836e+06,3.301218e+01,,,1.393124e+00,4
2018-04-23 05:45:20.000000,2.383894e+07,1.550399e+07,5.833200e+01,5.994381e+06,3.302913e+01,,,1.392906e+00,4
2018-04-23 05:45:21.000000,2.383926e+07,1.539942e+07,5.812600e+01,5.993927e+06,3.304609e+01,,,1.392689e+00,4
2018-04-23 05:45:22.000000,2.383958e+07,1.529485e+07,5.792000e+01,5.993473e+06,3.306305e+01,,,1.392472e+00,4
2018-04-23 05:45:23.000000,2.383990e+07,1.538219e+07,5.810700e+01,5.993018e+06,3.308000e+01,,,1.392254e+00,4
2018-04-23 05:45:24.000000,2.384022e+07,1.546952e+07,5.829400e+01,5.992563e+06,3.310761e+01,,,1.392037e+00,4
2018-04-23 05:45:25.000000,2.384054e+07,1.555685e+07,5.848100e+01,5.992109e+06,3.313522e+01,,,1.391820e+00,4
2018-04-23 05:45:26.000000,2.384086e+07,1.564419e+07,5.866800e+01,5.991654e+06,3.316283e+01,,,1.391603e+00,4
2018-04-23 05:45:27.000000,2.384118e+07,1.561891e+07,5.851000e+01,5.988927e+06,3.319044e+01,,,1.391385e+00,4
2018-04-23 05:45:28.000000,2.384150e+07,1.559362e+07,5.835200e+01,5.986200e+06,3.321804e+01,,,1.391168e+00,4
2018-04-23 05:45:29.000000,2.384182e+07,1.544194e+07,5.800400e+01,5.983473e+06,3.324566e+01,,,1.393680e+00,4
2018-04-23 05:45:30.000000,2.384214e+07,1.529026e+07,5.765600e+01,5.980745e+06,3.327326e+01,,,1.396192e+00,4
2018-04-23 05:45:31.000000,2.384246e+07,1.535576e+07,5.781200e+01,5.978018e+06,3.330087e+01,,,1.398704e+00,4
2018-04-23 05:45:32.000000,2.384278e+07,1.542126e+07,5.796800e+01,5.975291e+06,3.332848e+01,,,1.401216e+00,4
2018-04-23 05:45:33.000000,2.384310e+07,1.555685e+07,5.815600e+01,5.972563e+06,3.335609e+01,,,1.403728e+00,4
2018-04-23 05:45:34.000000,2.384342e+07,1.569245e+07,5.834400e+01,5.969836e+06,3.338370e+01,,,1.406240e+00,4
2018-04-23 05:45:35.000000,2.384374e+07,1.569015e+07,5.835000e+01,5.967109e+06,3.341130e+01,,,1.408752e+00,4
2018-04-23 05:45:36.000000,2.384406e+07,1.568785e+07,5.835600e+01,5.964381e+06,3.343892e+01,,,1.411264e+00,4
2018-04-23 05:45:37.000000,2.384438e+07,1.568555e+07,5.836200e+01,5.961654e+06,3.346652e+01,,,1.413776e+00,4
2018-04-23 05:45:38.000000,2.384470e+07,1.568326e+07,5.836800e+01,5.963624e+06,3.349413e+01,,,1.416288e+00,4
2018-04-23 05:45:39.000000,2.384502e+07,1.549020e+07,5.810800e+01,5.965594e+06,3.352174e+01,,,1.418800e+00,4
2018-04-23 05:45:40.000000,2.384534e+07,1.529715e+07,5.784800e+01,5.967563e+06,3.354935e+01,,,1.416484e+00,4
2018-04-23 05:45:41.000000,2.384566e+07,1.530290e+07,5.788200e+01,5.969533e+06,3.357696e+01,,,1.414168e+00,4
2018-04-23 05:45:42.000000,2.384598e+07,1.530864e+07,5.791600e+01,5.971503e+06,3.360456e+01,,,1.411852e+00,4
2018-04-23 05:45:43.000000,2.384630e+07,1.544884e+07,5.815200e+01,5.973473e+06,3.363218e+01,,,1.409537e+00,4
2018-04-23 05:45:44.000000,2.384662e+07,1.558903e+07,5.838800e+01,5.975442e+06,3.365978e+01,,,1.407221e+00,4
2018-04-23 05:45:45.000000,2.384694e+07,1.561488e+07,5.837900e+01,5.977412e+06,3.368739e+01,,,1.404905e+00,4
2018-04-23 05:45:46.000000,2.384726e+07,1.564074e+07,5.837000e+01,5.979382e+06,3.371500e+01,,,1.402589e+00,4
2018-04-23 05:45:47.000000,2.384758e+07,1.566660e+07,5.836100e+01,5.981352e+06,3.374261e+01,,,1.400273e+00,4
2018-04-23 05:45:48.000000,2.384790e+07,1.569245e+07,5.835200e+01,5.983321e+06,3.377022e+01,,,1.397957e+00,4
2018-04-23 05:45:49.000000,2.384798e+07,1.550629e+07,5.800200e+01,5.984761e+06,3.379782e+01,,,1.395641e+00,4
2018-04-23 05:45:50.000000,2.384806e+07,1.532013e+07,5.765200e+01,5.986200e+06,3.382544e+01,,,1.393325e+00,4
2018-04-23 05:45:51.000000,2.384814e+07,1.532358e+07,5.769200e+01,5.987639e+06,3.385304e+01,,,1.395323e+00,4
2018-04-23 05:45:52.000000,2.384822e+07,1.532703e+07,5.773200e+01,5.989079e+06,3.388065e+01,,,1.397321e+00,4
2018-04-23 05:45:53.000000,2.384831e+07,1.552238e+07,5.811400e+01,5.990518e+06,3.390826e+01,,,1.399319e+00,4
2018-04-23 05:45:54.000000,2.384839e+07,1.571773e+07,5.849600e+01,5.991958e+06,3.393587e+01,,,1.401317e+00,4
2018-04-23 05:45:55.000000,2.384847e+07,1.560052e+07,5.828400e+01,5.993397e+06,3.396348e+01,,,1.403315e+00,4
2018-04-23 05:45:56.000000,2.384855e+07,1.548331e+07,5.807200e+01,5.994836e+06,3.399109e+01,,,1.405312e+00,4
2018-04-23 05:45:57.000000,2.384864e+07,1.538793e+07,5.786600e+01,5.996275e+06,3.401870e+01,,,1.407310e+00,4
2018-04-23 05:45:58.000000,2.384872e+07,1.529255e+07,5.766000e+01,5.997715e+06,3.404630e+01,,,1.409308e+00,4
2018-04-23 05:45:59.000000,2.384880e+07,1.537816e+07,5.786100e+01,5.999154e+06,3.407391e+01,,,1.411306e+00,4
2018-04-23 05:46:00.000000,2.384888e+07,1.546377e+07,5.806200e+01,6.000215e+06,3.410152e+01,,,1.413304e+00,4
2018-04-23 05:46:01.000000,2.384896e+07,1.554938e+07,5.826300e+01,6.001275e+06,3.412913e+01,,,1.415302e+00,4
2018-04-23 05:46:02.000000,2.384905e+07,1.563499e+07,5.846400e+01,6.002336e+06,3.415674e+01,,,1.414245e+00,4
2018-04-23 05:46:03.000000,2.384913e+07,1.547067e+07,5.820600e+01,6.003397e+06,3.418435e+01,,,1.413188e+00,4
2018-04-23 05:46:04.000000,2.384921e+07,1.530634e+07,5.794800e+01,6.004458e+06,3.421196e+01,,,1.412131e+00,4
2018-04-23 05:46:05.000000,2.384929e+07,1.532933e+07,5.794200e+01,6.005518e+06,3.423956e+01,,,1.411074e+00,4
2018-04-23 05:46:06.000000,2.384938e+07,1.535231e+07,5.793600e+01,6.006579e+06,3.426717e+01,,,1.410016e+00,4
2018-04-23 05:46:07.000000,2.384946e+07,1.537529e+07,5.793000e+01,6.007639e+06,3.429478e+01,,,1.408959e+00,4
2018-04-23 05:46:08.000000,2.384954e+07,1.539827e+07,5.792400e+01,6.008700e+06,3.432239e+01,,,1.407902e+00,4
2018-04-23 05:46:09.000000,2.384962e+07,1.554421e+07,5.802200e+01,6.009761e+06,3.435000e+01,,,1.406845e+00,4
2018-04-23 05:46:10.000000,2.384970e+07,1.569015e+07,5.812000e+01,6.010821e+06,3.436348e+01,,,1.405788e+00,4
2018-04-23 05:46:11.000000,2.384979e+07,1.565683e+07,5.812600e+01,6.012488e+06,3.437695e+01,,,1.404731e+00,4
2018-04-23 05:46:12.000000,2.384987e+07,1.562350e+07,5.813200e+01,6.014155e+06,3.439043e+01,,,1.403674e+00,4
2018-04-23 05:46:13.000000,2.384995e+07,1.550629e+07,5.790600e+01,6.015821e+06,3.440391e+01,,,1.403950e+00,4
2018-04-23 05:46:14.000000,2.385003e+07,1.538908e+07,5.768000e+01,6.017488e+06,3.441739e+01,,,1.404226e+00,4
2018-04-23 05:46:15.000000,2.385012e+07,1.541666e+07,5.778400e+01,6.019154e+06,3.443087e+01,,,1.404503e+00,4
2018-04-23 05:46:16.000000,2.385020e+07,1.544424e+07,5.788800e+01,6.020821e+06,3.444435e+01,,,1.404779e+00,4
2018-04-23 05:46:17.000000,2.385028e+07,1.556260e+07,5.812800e+01,6.022488e+06,3.445782e+01,,,1.405056e+00,4
2018-04-23 05:46:18.000000,2.385036e+07,1.568096e+07,5.836800e+01,6.024154e+06,3.447130e+01,,,1.405332e+00,4
2018-04-23 05:46:19.000000,2.385044e+07,1.566717e+07,5.830400e+01,6.025821e+06,3.448478e+01,,,1.405609e+00,4
2018-04-23 05:46:20.000000,2.385053e+07,1.565338e+07,5.824000e+01,6.027488e+06,3.449826e+01,,,1.405885e+00,4
2018-04-23 05:46:21.000000,2.385057e+07,1.560224e+07,5.809800e+01,6.029154e+06,3.451174e+01,,,1.406161e+00,4
2018-04-23 05:46:22.000000,2.385061e+07,1.555111e+07,5.795600e+01,6.033094e+06,3.452522e+01,,,1.406438e+00,4
2018-04-23 05:46:23.000000,2.385065e+07,1.549997e+07,5.781400e+01,6.037033e+06,3.453869e+01,,,1.406714e+00,4
2018-04-23 05:46:24.000000,2.385070e+07,1.544884e+07,5.767200e+01,6.040973e+06,3.455217e+01,,,1.406231e+00,4
2018-04-23 05:46:25.000000,2.385074e+07,1.537644e+07,5.768800e+01,6.044912e+06,3.456565e+01,,,1.405748e+00,4
2018-04-23 05:46:26.000000,2.385078e+07,1.530405e+07,5.770400e+01,6.048852e+06,3.457913e+01,,,1.405265e+00,4
2018-04-23 05:46:27.000000,2.385082e+07,1.537069e+07,5.794200e+01,6.052791e+06,3.459261e+01,,,1.404782e+00,4
2018-04-23 05:46:28.000000,2.385087e+07,1.543734e+07,5.818000e+01,6.056730e+06,3.460609e+01,,,1.404299e+00,4
2018-04-23 05:46:29.000000,2.385091e+07,1.546837e+07,5.823100e+01,6.060669e+06,3.461956e+01,,,1.403816e+00,4
2018-04-23 05:46:30.000000,2.385095e+07,1.549940e+07,5.828200e+01,6.064609e+06,3.463304e+01,,,1.403333e+00,4
2018-04-23 05:46:31.000000,2.385099e+07,1.553042e+07,5.833300e+01,6.068548e+06,3.464652e+01,,,1.402850e+00,4
2018-04-23 05:46:32.000000,2.385104e+07,1.556145e+07,5.838400e+01,6.072488e+06,3.466000e+01,,,1.402367e+00,4
2018-04-23 05:46:33.000000,2.385108e+07,1.549767e+07,5.832500e+01,6.078473e+06,3.467348e+01,,,1.401884e+00,4
2018-04-23 05:46:34.000000,2.385112e+07,1.543390e+07,5.826600e+01,6.084458e+06,3.468695e+01,,,1.401401e+00,4
2018-04-23 05:46:35.000000,2.385116e+07,1.537012e+07,5.820700e+01,6.090442e+06,3.470043e+01,,,1.401752e+00,4
2018-04-23 05:46:36.000000,2.385121e+07,1.530634e+07,5.814800e+01,6.096427e+06,3.471391e+01,,,1.402104e+00,4
2018-04-23 05:46:37.000000,2.385125e+07,1.531898e+07,5.811400e+01,6.102412e+06,3.472739e+01,,,1.402455e+00,4
2018-04-23 05:46:38.000000,2.385129e+07,1.533162e+07,5.808000e+01,6.108396e+06,3.474087e+01,,,1.402807e+00,4
2018-04-23 05:46:39.000000,2.385133e+07,1.549940e+07,5.842400e+01,6.114381e+06,3.475434e+01,,,1.403158e+00,4
2018-04-23 05:46:40.000000,2.385137e+07,1.566717e+07,5.876800e+01,6.120366e+06,3.476783e+01,,,1.403510e+00,4
2018-04-23 05:46:41.000000,2.385142e+07,1.567292e+07,5.885600e+01,6.126351e+06,3.478130e+01,,,1.403861e+00,4
2018-04-23 05:46:42.000000,2.385146e+07,1.567866e+07,5.894400e+01,6.132336e+06,3.479478e+01,,,1.404212e+00,4
2018-04-23 05:46:43.000000,2.385150e+07,1.551319e+07,5.863400e+01,6.138321e+06,3.480826e+01,,,1.404564e+00,4
2018-04-23 05:46:44.000000,2.385155e+07,1.534771e+07,5.832400e+01,6.142185e+06,3.482174e+01,,,1.404915e+00,4
2018-04-23 05:46:45.000000,2.385159e+07,1.534254e+07,5.831000e+01,6.146048e+06,3.483522e+01,,,1.405267e+00,4
2018-04-23 05:46:46.000000,2.385163e+07,1.533737e+07,5.829600e+01,6.149912e+06,3.484869e+01,,,1.406648e+00,4
2018-04-23 05:46:47.000000,2.385167e+07,1.533220e+07,5.828200e+01,6.153775e+06,3.486217e+01,,,1.408029e+00,4
2018-04-23 05:46:48.000000,2.385172e+07,1.532703e+07,5.826800e+01,6.157639e+06,3.487565e+01,,,1.409410e+00,4
2018-04-23 05:46:49.000000,2.385176e+07,1.550744e+07,5.857200e+01,6.161502e+06,3.488913e+01,,,1.410791e+00,4
2018-04-23 05:46:50.000000,2.385180e+07,1.568785e+07,5.887600e+01,6.165366e+06,3.490261e+01,,,1.412172e+00,4
2018-04-23 05:46:51.000000,2.385184e+07,1.567292e+07,5.886400e+01,6.169230e+06,3.491608e+01,,,1.413553e+00,4
2018-04-23 05:46:52.000000,2.385188e+07,1.565798e+07,5.885200e+01,6.173094e+06,3.492957e+01,,,1.414934e+00,4
2018-04-23 05:46:53.000000,2.385193e+07,1.550974e+07,5.861000e+01,6.176957e+06,3.494304e+01,,,1.416315e+00,4
2018-04-23 05:46:54.000000,2.385197e+07,1.536150e+07,5.836800e+01,6.180821e+06,3.495652e+01,,,1.417696e+00,4
2018-04-23 05:46:55.000000,2.385221e+07,1.534541e+07,5.821800e+01,6.188018e+06,3.497000e+01,,,1.419078e+00,4
2018-04-23 05:46:56.000000,2.385246e+07,1.532933e+07,5.806800e+01,6.195215e+06,3.498348e+01,,,1.420459e+00,4
2018-04-23 05:46:57.000000,2.385270e+07,1.541379e+07,5.820400e+01,6.202412e+06,3.499696e+01,,,1.419230e+00,4
2018-04-23 05:46:58.000000,2.385294e+07,1.549825e+07,5.834000e+01,6.209609e+06,3.501043e+01,,,1.418001e+00,4
2018-04-23 05:46:59.000000,2.385318e+07,1.558271e+07,5.847600e+01,6.216806e+06,3.502391e+01,,,1.416772e+00,4
2018-04-23 05:47:00.000000,2.385343e+07,1.566717e+07,5.861200e+01,6.224003e+06,3.503739e+01,,,1.415543e+00,4
2018-04-23 05:47:01.000000,2.385367e+07,1.570279e+07,5.869000e+01,6.231200e+06,3.505087e+01,,,1.414314e+00,4
2018-04-23 05:47:02.000000,2.385391e+07,1.573842e+07,5.876800e+01,6.238397e+06,3.506435e+01,,,1.413085e+00,4
2018-04-23 05:47:03.000000,2.385416e+07,1.561086e+07,5.849800e+01,6.245594e+06,3.507782e+01,,,1.411856e+00,4
2018-04-23 05:47:04.000000,2.385440e+07,1.548331e+07,5.822800e+01,6.252791e+06,3.509130e+01,,,1.410627e+00,4
2018-04-23 05:47:05.000000,2.385464e+07,1.540517e+07,5.821800e+01,6.259988e+06,3.510478e+01,,,1.409399e+00,4
2018-04-23 05:47:06.000000,2.385489e+07,1.532703e+07,5.820800e+01,6.263245e+06,3.511826e+01,,,1.408170e+00,4
2018-04-23 05:47:07.000000,2.385513e+07,1.543964e+07,5.843400e+01,6.266503e+06,3.513174e+01,,,1.406941e+00,4
2018-04-23 05:47:08.000000,2.385537e+07,1.555226e+07,5.866000e+01,6.269760e+06,3.514522e+01,,,1.405727e+00,4
2018-04-23 05:47:09.000000,2.385562e+07,1.558788e+07,5.869400e+01,6.273018e+06,3.515870e+01,,,1.404514e+00,4
2018-04-23 05:47:10.000000,2.385586e+07,1.562350e+07,5.872800e+01,6.276275e+06,3.517217e+01,,,1.403301e+00,4
2018-04-23 05:47:11.000000,2.385610e+07,1.565912e+07,5.876200e+01,6.279533e+06,3.518565e+01,,,1.402087e+00,4
2018-04-23 05:47:12.000000,2.385634e+07,1.569475e+07,5.879600e+01,6.282791e+06,3.519913e+01,,,1.400874e+00,4
2018-04-23 05:47:13.000000,2.385659e+07,1.571428e+07,5.872200e+01,6.286048e+06,3.521261e+01,,,1.399661e+00,4
2018-04-23 05:47:14.000000,2.385683e+07,1.573382e+07,5.864800e+01,6.289306e+06,3.522609e+01,,,1.398448e+00,4
2018-04-23 05:47:15.000000,2.385707e+07,1.554881e+07,5.830200e+01,6.292563e+06,3.523956e+01,,,1.397234e+00,4
2018-04-23 05:47:16.000000,2.385732e+07,1.536380e+07,5.795600e+01,6.295821e+06,3.525304e+01,,,1.396021e+00,4
2018-04-23 05:47:17.000000,2.385756e+07,1.538219e+07,5.788800e+01,6.297487e+06,3.526652e+01,,,1.394808e+00,4
2018-04-23 05:47:18.000000,2.385780e+07,1.540057e+07,5.782000e+01,6.299154e+06,3.528000e+01,,,1.393594e+00,4
2018-04-23 05:47:19.000000,2.385804e+07,1.547412e+07,5.802600e+01,6.300821e+06,3.529348e+01,,,1.392680e+00,4
2018-04-23 05:47:20.000000,2.385829e+07,1.554766e+07,5.823200e+01,6.302487e+06,3.530695e+01,,,1.391765e+00,4
2018-04-23 05:47:21.000000,2.385853e+07,1.559765e+07,5.835800e+01,6.304154e+06,3.532043e+01,,,1.390851e+00,4
2018-04-23 05:47:22.000000,2.385877e+07,1.564763e+07,5.848400e+01,6.305821e+06,3.533391e+01,,,1.389936e+00,4
2018-04-23 05:47:23.000000,2.385902e+07,1.569762e+07,5.861000e+01,6.307488e+06,3.534739e+01,,,1.389021e+00,4
2018-04-23 05:47:24.000000,2.385926e+07,1.574761e+07,5.873600e+01,6.309154e+06,3.536087e+01,,,1.388107e+00,4
2018-04-23 05:47:25.000000,2.385950e+07,1.561431e+07,5.856200e+01,6.310821e+06,3.537435e+01,,,1.387192e+00,4
2018-04-23 05:47:26.000000,2.385975e+07,1.548101e+07,5.838800e+01,6.312488e+06,3.538783e+01,,,1.386278e+00,4
2018-04-23 05:47:27.000000,2.386005e+07,1.540977e+07,5.823600e+01,6.314154e+06,3.540130e+01,,,1.385363e+00,4
2018-04-23 05:47:28.000000,2.386035e+07,1.533852e+07,5.808400e+01,6.315442e+06,3.541478e+01,,,1.384449e+00,4
2018-04-23 05:47:29.000000,2.386065e+07,1.544654e+07,5.832200e+01,6.316730e+06,3.542826e+01,,,1.383534e+00,4
2018-04-23 05:47:30.000000,2.386095e+07,1.555455e+07,5.856000e+01,6.318018e+06,3.544174e+01,,,1.386172e+00,4
2018-04-23 05:47:31.000000,2.386125e+07,1.565683e+07,5.854600e+01,6.319306e+06,3.545522e+01,,,1.388809e+00,4
2018-04-23 05:47:32.000000,2.386155e+07,1.575910e+07,5.853200e+01,6.320594e+06,3.546869e+01,,,1.391447e+00,4
2018-04-23 05:47:33.000000,2.386185e+07,1.573210e+07,5.848500e+01,6.321881e+06,3.548217e+01,,,1.394084e+00,4
2018-04-23 05:47:34.000000,2.386215e+07,1.570509e+07,5.843800e+01,6.323169e+06,3.549565e+01,,,1.396722e+00,4
2018-04-23 05:47:35.000000,2.386245e+07,1.567809e+07,5.839100e+01,6.324457e+06,3.550913e+01,,,1.399359e+00,4
2018-04-23 05:47:36.000000,2.386275e+07,1.565108e+07,5.834400e+01,6.325745e+06,3.552261e+01,,,1.401997e+00,4
2018-04-23 05:47:37.000000,2.386305e+07,1.550055e+07,5.817200e+01,6.327033e+06,3.553609e+01,,,1.404634e+00,4
2018-04-23 05:47:38.000000,2.386335e+07,1.535001e+07,5.800000e+01,6.328321e+06,3.554956e+01,,,1.407272e+00,4
2018-04-23 05:47:39.000000,2.386365e+07,1.543275e+07,5.814600e+01,6.330291e+06,3.556304e+01,,,1.409909e+00,4
2018-04-23 05:47:40.000000,2.386395e+07,1.551548e+07,5.829200e+01,6.332260e+06,3.557652e+01,,,1.412547e+00,4
2018-04-23 05:47:41.000000,2.386425e+07,1.559592e+07,5.839000e+01,6.334230e+06,3.559000e+01,,,1.411427e+00,4
2018-04-23 05:47:42.000000,2.386455e+07,1.567636e+07,5.848800e+01,6.336200e+06,3.560348e+01,,,1.410308e+00,4
2018-04-23 05:47:43.000000,2.386485e+07,1.568441e+07,5.849800e+01,6.338169e+06,3.561695e+01,,,1.409189e+00,4
2018-04-23 05:47:44.000000,2.386515e+07,1.569245e+07,5.850800e+01,6.340139e+06,3.563043e+01,,,1.408070e+00,4
2018-04-23 05:47:45.000000,2.386545e+07,1.563040e+07,5.840400e+01,6.342108e+06,3.564391e+01,,,1.406951e+00,4
2018-04-23 05:47:46.000000,2.386575e+07,1.556834e+07,5.830000e+01,6.344078e+06,3.565739e+01,,,1.405831e+00,4
2018-04-23 05:47:47.000000,2.386605e+07,1.550629e+07,5.819600e+01,6.346048e+06,3.567087e+01,,,1.404712e+00,4
2018-04-23 05:47:48.000000,2.386635e+07,1.544424e+07,5.809200e+01,6.348018e+06,3.568435e+01,,,1.403593e+00,4
2018-04-23 05:47:49.000000,2.386665e+07,1.540977e+07,5.809800e+01,6.349987e+06,3.569783e+01,,,1.402474e+00,4
2018-04-23 05:47:50.000000,2.386695e+07,1.537529e+07,5.810400e+01,6.352260e+06,3.571130e+01,,,1.401355e+00,4
2018-04-23 05:47:51.000000,2.386725e+07,1.552353e+07,5.829400e+01,6.354533e+06,3.572478e+01,,,1.400235e+00,4
2018-04-23 05:47:52.000000,2.386755e+07,1.567177e+07,5.848400e+01,6.356806e+06,3.573826e+01,,,1.401066e+00,4
2018-04-23 05:47:53.000000,2.386785e+07,1.572578e+07,5.865400e+01,6.359078e+06,3.575174e+01,,,1.401896e+00,4
2018-04-23 05:47:54.000000,2.386815e+07,1.577978e+07,5.882400e+01,6.361351e+06,3.576522e+01,,,1.402726e+00,4
2018-04-23 05:47:55.000000,2.386845e+07,1.570739e+07,5.871800e+01,6.363624e+06,3.577869e+01,,,1.403557e+00,4
2018-04-23 05:47:56.000000,2.386875e+07,1.563499e+07,5.861200e+01,6.365896e+06,3.579217e+01,,,1.404387e+00,4
2018-04-23 05:47:57.000000,2.386881e+07,1.552353e+07,5.852800e+01,6.368169e+06,3.580565e+01,,,1.405217e+00,4
2018-04-23 05:47:58.000000,2.386887e+07,1.541206e+07,5.844400e+01,6.370442e+06,3.581913e+01,,,1.406048e+00,4
2018-04-23 05:47:59.000000,2.386892e+07,1.540172e+07,5.838400e+01,6.372714e+06,3.583261e+01,,,1.406878e+00,4
2018-04-23 05:48:00.000000,2.386898e+07,1.539138e+07,5.832400e+01,6.374987e+06,3.584608e+01,,,1.407708e+00,4
2018-04-23 05:48:01.000000,2.386904e+07,1.538104e+07,5.826400e+01,6.376502e+06,3.585957e+01,,,1.408539e+00,4
2018-04-23 05:48:02.000000,2.386909e+07,1.537069e+07,5.820400e+01,6.378018e+06,3.587304e+01,,,1.409369e+00,4
2018-04-23 05:48:03.000000,2.386915e+07,1.548216e+07,5.841200e+01,6.379533e+06,3.588652e+01,,,1.408824e+00,4
2018-04-23 05:48:04.000000,2.386921e+07,1.559362e+07,5.862000e+01,6.381048e+06,3.590000e+01,,,1.408278e+00,4
2018-04-23 05:48:05.000000,2.386926e+07,1.568900e+07,5.867400e+01,6.382563e+06,3.591348e+01,,,1.407732e+00,4
2018-04-23 05:48:06.000000,2.386932e+07,1.578438e+07,5.872800e+01,6.384079e+06,3.592696e+01,,,1.407187e+00,4
2018-04-23 05:48:07.000000,2.386938e+07,1.569245e+07,5.861000e+01,6.385594e+06,3.594043e+01,,,1.406641e+00,4
2018-04-23 05:48:08.000000,2.386943e+07,1.560052e+07,5.849200e+01,6.387109e+06,3.595391e+01,,,1.406096e+00,4
2018-04-23 05:48:09.000000,2.386949e+07,1.555973e+07,5.839400e+01,6.388624e+06,3.596739e+01,,,1.405550e+00,4
2018-04-23 05:48:10.000000,2.386954e+07,1.551893e+07,5.829600e+01,6.390139e+06,3.598087e+01,,,1.405004e+00,4
2018-04-23 05:48:11.000000,2.386960e+07,1.547814e+07,5.819800e+01,6.391654e+06,3.599435e+01,,,1.404459e+00,4
2018-04-23 05:48:12.000000,2.386966e+07,1.543734e+07,5.810000e+01,6.392715e+06,3.600782e+01,,,1.403913e+00,4
2018-04-23 05:48:13.000000,2.386971e+07,1.559133e+07,5.840800e+01,6.393775e+06,3.602131e+01,,,1.403368e+00,4
2018-04-23 05:48:14.000000,2.386977e+07,1.574531e+07,5.871600e+01,6.394836e+06,3.603478e+01,,,1.400888e+00,4
2018-04-23 05:48:15.000000,2.386983e+07,1.573956e+07,5.868400e+01,6.395896e+06,3.604826e+01,,,1.398408e+00,4
2018-04-23 05:48:16.000000,2.386988e+07,1.573382e+07,5.865200e+01,6.396957e+06,3.606174e+01,,,1.395928e+00,4
2018-04-23 05:48:17.000000,2.386994e+07,1.567004e+07,5.853400e+01,6.398018e+06,3.607522e+01,,,1.393448e+00,4
2018-04-23 05:48:18.000000,2.387000e+07,1.560627e+07,5.841600e+01,6.399079e+06,3.608870e+01,,,1.390968e+00,4
2018-04-23 05:48:19.000000,2.387005e+07,1.554249e+07,5.829800e+01,6.400139e+06,3.610217e+01,,,1.388488e+00,4
2018-04-23 05:48:20.000000,2.387011e+07,1.547871e+07,5.818000e+01,6.401200e+06,3.611565e+01,,,1.386008e+00,4
2018-04-23 05:48:21.000000,2.387017e+07,1.543734e+07,5.813600e+01,6.402260e+06,3.612913e+01,,,1.383528e+00,4
2018-04-23 05:48:22.000000,2.387022e+07,1.539597e+07,5.809200e+01,6.403321e+06,3.614261e+01,,,1.381048e+00,4
2018-04-23 05:48:23.000000,2.387028e+07,1.555111e+07,5.842600e+01,6.399154e+06,3.615609e+01,,,1.378568e+00,4
2018-04-23 05:48:24.000000,2.387034e+07,1.570624e+07,5.876000e+01,6.394987e+06,3.616956e+01,,,1.376088e+00,4
2018-04-23 05:48:25.000000,2.387039e+07,1.572692e+07,5.875600e+01,6.390821e+06,3.618304e+01,,,1.377848e+00,4
2018-04-23 05:48:26.000000,2.387045e+07,1.574761e+07,5.875200e+01,6.386654e+06,3.619652e+01,,,1.379608e+00,4
2018-04-23 05:48:27.000000,2.387050e+07,1.556490e+07,5.842800e+01,6.382487e+06,3.621000e+01,,,1.381367e+00,4
2018-04-23 05:48:28.000000,2.387056e+07,1.538219e+07,5.810400e+01,6.378321e+06,3.620695e+01,,,1.383127e+00,4
2018-04-23 05:48:29.000000,2.387052e+07,1.542930e+07,5.805200e+01,6.374154e+06,3.620391e+01,,,1.384887e+00,4
2018-04-23 05:48:30.000000,2.387048e+07,1.547641e+07,5.800000e+01,6.369987e+06,3.620087e+01,,,1.386646e+00,4
2018-04-23 05:48:31.000000,2.387044e+07,1.562006e+07,5.833600e+01,6.365821e+06,3.619783e+01,,,1.388406e+00,4
2018-04-23 05:48:32.000000,2.387040e+07,1.576370e+07,5.867200e+01,6.361654e+06,3.619478e+01,,,1.390166e+00,4
2018-04-23 05:48:33.000000,2.387036e+07,1.573727e+07,5.861300e+01,6.357487e+06,3.619174e+01,,,1.391925e+00,4
2018-04-23 05:48:34.000000,2.387032e+07,1.571084e+07,5.855400e+01,6.349912e+06,3.618869e+01,,,1.393685e+00,4
2018-04-23 05:48:35.000000,2.387028e+07,1.568441e+07,5.849500e+01,6.342336e+06,3.618565e+01,,,1.395445e+00,4
2018-04-23 05:48:36.000000,2.387024e+07,1.565798e+07,5.843600e+01,6.334760e+06,3.618261e+01,,,1.395890e+00,4
2018-04-23 05:48:37.000000,2.387020e+07,1.552927e+07,5.825800e+01,6.327185e+06,3.617957e+01,,,1.396335e+00,4
2018-04-23 05:48:38.000000,2.387016e+07,1.540057e+07,5.808000e+01,6.319609e+06,3.617652e+01,,,1.396780e+00,4
2018-04-23 05:48:39.000000,2.387012e+07,1.544769e+07,5.811600e+01,6.312033e+06,3.617348e+01,,,1.397225e+00,4
2018-04-23 05:48:40.000000,2.387008e+07,1.549480e+07,5.815200e+01,6.304457e+06,3.617043e+01,,,1.397670e+00,4
2018-04-23 05:48:41.000000,2.387004e+07,1.563844e+07,5.838000e+01,6.296881e+06,3.616739e+01,,,1.398115e+00,4
2018-04-23 05:48:42.000000,2.387000e+07,1.578208e+07,5.860800e+01,6.289306e+06,3.616435e+01,,,1.398560e+00,4
2018-04-23 05:48:43.000000,2.386996e+07,1.572233e+07,5.847100e+01,6.281730e+06,3.616130e+01,,,1.399005e+00,4
2018-04-23 05:48:44.000000,2.386992e+07,1.566257e+07,5.833400e+01,6.274154e+06,3.615826e+01,,,1.399451e+00,4
2018-04-23 05:48:45.000000,2.386988e+07,1.560282e+07,5.819700e+01,6.274533e+06,3.615522e+01,,,1.399896e+00,4
2018-04-23 05:48:46.000000,2.386984e+07,1.554306e+07,5.806000e+01,6.274912e+06,3.615217e+01,,,1.400341e+00,4
2018-04-23 05:48:47.000000,2.386980e+07,1.546837e+07,5.789600e+01,6.275291e+06,3.614913e+01,,,1.398196e+00,4
2018-04-23 05:48:48.000000,2.386976e+07,1.539368e+07,5.773200e+01,6.275669e+06,3.614609e+01,,,1.396052e+00,4
2018-04-23 05:48:49.000000,2.386972e+07,1.550284e+07,5.787800e+01,6.276048e+06,3.614304e+01,,,1.393908e+00,4
2018-04-23 05:48:50.000000,2.386968e+07,1.561201e+07,5.802400e+01,6.276427e+06,3.614000e+01,,,1.391764e+00,4
2018-04-23 05:48:51.000000,2.386964e+07,1.565683e+07,5.786600e+01,6.276806e+06,3.609869e+01,,,1.389620e+00,4
2018-04-23 05:48:52.000000,2.386960e+07,1.570164e+07,5.770800e+01,6.277185e+06,3.605739e+01,,,1.387475e+00,4
2018-04-23 05:48:53.000000,2.386956e+07,1.556834e+07,5.755000e+01,6.277563e+06,3.601609e+01,,,1.385331e+00,4
2018-04-23 05:48:54.000000,2.386952e+07,1.543505e+07,5.739200e+01,6.277942e+06,3.597478e+01,,,1.383187e+00,4
2018-04-23 05:48:55.000000,2.386948e+07,1.548905e+07,5.752800e+01,6.278321e+06,3.593348e+01,,,1.381042e+00,4
2018-04-23 05:48:56.000000,2.386944e+07,1.554306e+07,5.766400e+01,6.291275e+06,3.589217e+01,,,1.378898e+00,4
2018-04-23 05:48:57.000000,2.386940e+07,1.560339e+07,5.776800e+01,6.304230e+06,3.585087e+01,,,1.376754e+00,4
2018-04-23 05:48:58.000000,2.386936e+07,1.566372e+07,5.787200e+01,6.317185e+06,3.580956e+01,,,1.376716e+00,4
2018-04-23 05:48:59.000000,2.386932e+07,1.572405e+07,5.797600e+01,6.330139e+06,3.576826e+01,,,1.376679e+00,4
2018-04-23 05:49:00.000000,2.386928e+07,1.578438e+07,5.808000e+01,6.343094e+06,3.572696e+01,,,1.376641e+00,4
2018-04-23 05:49:01.000000,2.386924e+07,1.565568e+07,5.792000e+01,6.356048e+06,3.568565e+01,,,1.376604e+00,4
2018-04-23 05:49:02.000000,2.386920e+07,1.552698e+07,5.776000e+01,6.369002e+06,3.564435e+01,,,1.376566e+00,4
2018-04-23 05:49:03.000000,2.386893e+07,1.546377e+07,5.780200e+01,6.381957e+06,3.560304e+01,,,1.376528e+00,4
2018-04-23 05:49:04.000000,2.386866e+07,1.540057e+07,5.784400e+01,6.394912e+06,3.556174e+01,,,1.376491e+00,4
2018-04-23 05:49:05.000000,2.386839e+07,1.555685e+07,5.805600e+01,6.407866e+06,3.552044e+01,,,1.376453e+00,4
2018-04-23 05:49:06.000000,2.386812e+07,1.571313e+07,5.826800e+01,6.420821e+06,3.547913e+01,,,1.376416e+00,4
2018-04-23 05:49:07.000000,2.386785e+07,1.567751e+07,5.814400e+01,6.421048e+06,3.543782e+01,,,1.376378e+00,4
2018-04-23 05:49:08.000000,2.386758e+07,1.564189e+07,5.802000e+01,6.421275e+06,3.539652e+01,,,1.376341e+00,4
2018-04-23 05:49:09.000000,2.386731e+07,1.550399e+07,5.775600e+01,6.421502e+06,3.535522e+01,,,1.378697e+00,4
2018-04-23 05:49:10.000000,2.386705e+07,1.536610e+07,5.749200e+01,6.421730e+06,3.531391e+01,,,1.381053e+00,4
2018-04-23 05:49:11.000000,2.386678e+07,1.545975e+07,5.767200e+01,6.421957e+06,3.527261e+01,,,1.383410e+00,4
2018-04-23 05:49:12.000000,2.386651e+07,1.555341e+07,5.785200e+01,6.422185e+06,3.523130e+01,,,1.385766e+00,4
2018-04-23 05:49:13.000000,2.386624e+07,1.564706e+07,5.803200e+01,6.422412e+06,3.519000e+01,,,1.388122e+00,4
2018-04-23 05:49:14.000000,2.386597e+07,1.574071e+07,5.821200e+01,6.422639e+06,3.517348e+01,,,1.390479e+00,4
2018-04-23 05:49:15.000000,2.386570e+07,1.569417e+07,5.811500e+01,6.422866e+06,3.515696e+01,,,1.392835e+00,4
2018-04-23 05:49:16.000000,2.386543e+07,1.564763e+07,5.801800e+01,6.423094e+06,3.514043e+01,,,1.395191e+00,4
2018-04-23 05:49:17.000000,2.386516e+07,1.560109e+07,5.792100e+01,6.423321e+06,3.512391e+01,,,1.397548e+00,4
2018-04-23 05:49:18.000000,2.386489e+07,1.555455e+07,5.782400e+01,6.416654e+06,3.510739e+01,,,1.399904e+00,4
2018-04-23 05:49:19.000000,2.386462e+07,1.544194e+07,5.758600e+01,6.409987e+06,3.509087e+01,,,1.402260e+00,4
2018-04-23 05:49:20.000000,2.386435e+07,1.532933e+07,5.734800e+01,6.403321e+06,3.507435e+01,,,1.399638e+00,4
2018-04-23 05:49:21.000000,2.386408e+07,1.546837e+07,5.758200e+01,6.396654e+06,3.505782e+01,,,1.397017e+00,4
2018-04-23 05:49:22.000000,2.386381e+07,1.560741e+07,5.781600e+01,6.389987e+06,3.504130e+01,,,1.394395e+00,4
2018-04-23 05:49:23.000000,2.386354e+07,1.567406e+07,5.791800e+01,6.383321e+06,3.502478e+01,,,1.391773e+00,4
2018-04-23 05:49:24.000000,2.386327e+07,1.574071e+07,5.802000e+01,6.376654e+06,3.500826e+01,,,1.389151e+00,4
2018-04-23 05:49:25.000000,2.386300e+07,1.558673e+07,5.772400e+01,6.369987e+06,3.499174e+01,,,1.386530e+00,4
2018-04-23 05:49:26.000000,2.386273e+07,1.543275e+07,5.742800e+01,6.363321e+06,3.497522e+01,,,1.383908e+00,4
2018-04-23 05:49:27.000000,2.386246e+07,1.542643e+07,5.748700e+01,6.356654e+06,3.495869e+01,,,1.381286e+00,4
2018-04-23 05:49:28.000000,2.386219e+07,1.542011e+07,5.754600e+01,6.349987e+06,3.494217e+01,,,1.378664e+00,4
2018-04-23 05:49:29.000000,2.386192e+07,1.541379e+07,5.760500e+01,6.328396e+06,3.492565e+01,,,1.376042e+00,4
2018-04-23 05:49:30.000000,2.386165e+07,1.540747e+07,5.766400e+01,6.306806e+06,3.490913e+01,,,1.373421e+00,4
2018-04-23 05:49:31.000000,2.386138e+07,1.558213e+07,5.802400e+01,6.285215e+06,3.489261e+01,,,1.373571e+00,4
2018-04-23 05:49:32.000000,2.386112e+07,1.575680e+07,5.838400e+01,6.263624e+06,3.487609e+01,,,1.373721e+00,4
2018-04-23 05:49:33.000000,2.386085e+07,1.566028e+07,5.825200e+01,6.242033e+06,3.485957e+01,,,1.373871e+00,4
2018-04-23 05:49:34.000000,2.386058e+07,1.556375e+07,5.812000e+01,6.220442e+06,3.484304e+01,,,1.374021e+00,4
2018-04-23 05:49:35.000000,2.386031e+07,1.545688e+07,5.796400e+01,6.198851e+06,3.482652e+01,,,1.374171e+00,4
2018-04-23 05:49:36.000000,2.386004e+07,1.535001e+07,5.780800e+01,6.177260e+06,3.481000e+01,,,1.374321e+00,4
2018-04-23 05:49:37.000000,2.385979e+07,1.542011e+07,5.791400e+01,6.155669e+06,3.479348e+01,,,1.374471e+00,4
2018-04-23 05:49:38.000000,2.385954e+07,1.549020e+07,5.802000e+01,6.134079e+06,3.477695e+01,,,1.374621e+00,4
2018-04-23 05:49:39.000000,2.385929e+07,1.555800e+07,5.814900e+01,6.112488e+06,3.476043e+01,,,1.374771e+00,4
2018-04-23 05:49:40.000000,2.385904e+07,1.562580e+07,5.827800e+01,6.094685e+06,3.474391e+01,,,1.374921e+00,4
2018-04-23 05:49:41.000000,2.385879e+07,1.569360e+07,5.840700e+01,6.076882e+06,3.472739e+01,,,1.375071e+00,4
2018-04-23 05:49:42.000000,2.385854e+07,1.576140e+07,5.853600e+01,6.059079e+06,3.471087e+01,,,1.374662e+00,4
2018-04-23 05:49:43.000000,2.385829e+07,1.574301e+07,5.852000e+01,6.041276e+06,3.469435e+01,,,1.374253e+00,4
2018-04-23 05:49:44.000000,2.385804e+07,1.572463e+07,5.850400e+01,6.023473e+06,3.467783e+01,,,1.373845e+00,4
2018-04-23 05:49:45.000000,2.385779e+07,1.557524e+07,5.821200e+01,6.005670e+06,3.466130e+01,,,1.373436e+00,4
2018-04-23 05:49:46.000000,2.385754e+07,1.542585e+07,5.792000e+01,5.987867e+06,3.464478e+01,,,1.373027e+00,4
2018-04-23 05:49:47.000000,2.385729e+07,1.545688e+07,5.796800e+01,5.970064e+06,3.462826e+01,,,1.372618e+00,4
2018-04-23 05:49:48.000000,2.385704e+07,1.548791e+07,5.801600e+01,5.952261e+06,3.461174e+01,,,1.372210e+00,4
2018-04-23 05:49:49.000000,2.385679e+07,1.563614e+07,5.810000e+01,5.934458e+06,3.459522e+01,,,1.371801e+00,4
2018-04-23 05:49:50.000000,2.385654e+07,1.578438e+07,5.818400e+01,5.916655e+06,3.457870e+01,,,1.371392e+00,4
2018-04-23 05:49:51.000000,2.385629e+07,1.566142e+07,5.794000e+01,5.899306e+06,3.456218e+01,,,1.370983e+00,4
2018-04-23 05:49:52.000000,2.385603e+07,1.553847e+07,5.769600e+01,5.881958e+06,3.454565e+01,,,1.370575e+00,4
2018-04-23 05:49:53.000000,2.385578e+07,1.543964e+07,5.750800e+01,5.864609e+06,3.452913e+01,,,1.372115e+00,4
2018-04-23 05:49:54.000000,2.385553e+07,1.534082e+07,5.732000e+01,5.847261e+06,3.451261e+01,,,1.373656e+00,4
2018-04-23 05:49:55.000000,2.385528e+07,1.539425e+07,5.742300e+01,5.829912e+06,3.449609e+01,,,1.375197e+00,4
2018-04-23 05:49:56.000000,2.385503e+07,1.544769e+07,5.752600e+01,5.812564e+06,3.447956e+01,,,1.376737e+00,4
2018-04-23 05:49:57.000000,2.385478e+07,1.550112e+07,5.762900e+01,5.795215e+06,3.446304e+01,,,1.378278e+00,4
2018-04-23 05:49:58.000000,2.385453e+07,1.555455e+07,5.773200e+01,5.777867e+06,3.444652e+01,,,1.379819e+00,4
2018-04-23 05:49:59.000000,2.385428e+07,1.565338e+07,5.788000e+01,5.760518e+06,3.443000e+01,,,1.381360e+00,4
2018-04-23 05:50:00.000000,2.385403e+07,1.575220e+07,5.802800e+01,5.743170e+06,3.434478e+01,,,1.382900e+00,4
2018-04-23 05:50:01.000000,2.385378e+07,1.560856e+07,5.782400e+01,5.725821e+06,3.425957e+01,,,1.384441e+00,4
2018-04-23 05:50:02.000000,2.385353e+07,1.546492e+07,5.762000e+01,5.717791e+06,3.417435e+01,,,1.385982e+00,4
2018-04-23 05:50:03.000000,2.385328e+07,1.539253e+07,5.757800e+01,5.709761e+06,3.408913e+01,,,1.387523e+00,4
2018-04-23 05:50:04.000000,2.385303e+07,1.532013e+07,5.753600e+01,5.701730e+06,3.400391e+01,,,1.387172e+00,4
2018-04-23 05:50:05.000000,2.385278e+07,1.544654e+07,5.779200e+01,5.693700e+06,3.391870e+01,,,1.386821e+00,4
2018-04-23 05:50:06.000000,2.385253e+07,1.557294e+07,5.804800e+01,5.685670e+06,3.383348e+01,,,1.386470e+00,4
2018-04-23 05:50:07.000000,2.385159e+07,1.560627e+07,5.809800e+01,5.677640e+06,3.374826e+01,,,1.386120e+00,4
2018-04-23 05:50:08.000000,2.385066e+07,1.563959e+07,5.814800e+01,5.669609e+06,3.366304e+01,,,1.385769e+00,4
2018-04-23 05:50:09.000000,2.384972e+07,1.567292e+07,5.819800e+01,5.661579e+06,3.357783e+01,,,1.385418e+00,4
2018-04-23 05:50:10.000000,2.384878e+07,1.570624e+07,5.824800e+01,5.653549e+06,3.349261e+01,,,1.385067e+00,4
2018-04-23 05:50:11.000000,2.384784e+07,1.555341e+07,5.803800e+01,5.645519e+06,3.340739e+01,,,1.384717e+00,4
2018-04-23 05:50:12.000000,2.384690e+07,1.540057e+07,5.782800e+01,5.637488e+06,3.332217e+01,,,1.384366e+00,4
2018-04-23 05:50:13.000000,2.384596e+07,1.534886e+07,5.764000e+01,5.650822e+06,3.323696e+01,,,1.384015e+00,4
2018-04-23 05:50:14.000000,2.384503e+07,1.529715e+07,5.745200e+01,5.664155e+06,3.315174e+01,,,1.383664e+00,4
2018-04-23 05:50:15.000000,2.384409e+07,1.542815e+07,5.786200e+01,5.677488e+06,3.306652e+01,,,1.384728e+00,4
2018-04-23 05:50:16.000000,2.384315e+07,1.555915e+07,5.827200e+01,5.690822e+06,3.298130e+01,,,1.385792e+00,4
2018-04-23 05:50:17.000000,2.384221e+07,1.562350e+07,5.843600e+01,5.704155e+06,3.289609e+01,,,1.386856e+00,4
2018-04-23 05:50:18.000000,2.384127e+07,1.568785e+07,5.860000e+01,5.717488e+06,3.281087e+01,,,1.387920e+00,4
2018-04-23 05:50:19.000000,2.384033e+07,1.561316e+07,5.848000e+01,5.730821e+06,3.272565e+01,,,1.388983e+00,4
2018-04-23 05:50:20.000000,2.383940e+07,1.553847e+07,5.836000e+01,5.744155e+06,3.264043e+01,,,1.390047e+00,4
2018-04-23 05:50:21.000000,2.383846e+07,1.546377e+07,5.824000e+01,5.757488e+06,3.255522e+01,,,1.391111e+00,4
2018-04-23 05:50:22.000000,2.383752e+07,1.538908e+07,5.812000e+01,5.770821e+06,3.247000e+01,,,1.392175e+00,4
2018-04-23 05:50:23.000000,2.383658e+07,1.533047e+07,5.791000e+01,5.784155e+06,3.240305e+01,,,1.393239e+00,4
2018-04-23 05:50:24.000000,2.383564e+07,1.527187e+07,5.770000e+01,5.792185e+06,3.233609e+01,,,1.394302e+00,4
2018-04-23 05:50:25.000000,2.383470e+07,1.543505e+07,5.799600e+01,5.800215e+06,3.226913e+01,,,1.395366e+00,4
2018-04-23 05:50:26.000000,2.383376e+07,1.559822e+07,5.829200e+01,5.808246e+06,3.220218e+01,,,1.398286e+00,4
2018-04-23 05:50:27.000000,2.383282e+07,1.560282e+07,5.839000e+01,5.816276e+06,3.213522e+01,,,1.401206e+00,4
2018-04-23 05:50:28.000000,2.383189e+07,1.560741e+07,5.848800e+01,5.824306e+06,3.206826e+01,,,1.404126e+00,4
2018-04-23 05:50:29.000000,2.383095e+07,1.551663e+07,5.834800e+01,5.832336e+06,3.200130e+01,,,1.407046e+00,4
2018-04-23 05:50:30.000000,2.383001e+07,1.542585e+07,5.820800e+01,5.840367e+06,3.193435e+01,,,1.409966e+00,4
2018-04-23 05:50:31.000000,2.382907e+07,1.538104e+07,5.812600e+01,5.848397e+06,3.186739e+01,,,1.412887e+00,4
2018-04-23 05:50:32.000000,2.382813e+07,1.533622e+07,5.804400e+01,5.856427e+06,3.180044e+01,,,1.415807e+00,4
2018-04-23 05:50:33.000000,2.382719e+07,1.529141e+07,5.796200e+01,5.864458e+06,3.173348e+01,,,1.418727e+00,4
2018-04-23 05:50:34.000000,2.382626e+07,1.524659e+07,5.788000e+01,5.872488e+06,3.166652e+01,,,1.421647e+00,4
2018-04-23 05:50:35.000000,2.382532e+07,1.535805e+07,5.808400e+01,5.874988e+06,3.159957e+01,,,1.424567e+00,4
2018-04-23 05:50:36.000000,2.382438e+07,1.546952e+07,5.828800e+01,5.877488e+06,3.153261e+01,,,1.427487e+00,4
2018-04-23 05:50:37.000000,2.382344e+07,1.555226e+07,5.865200e+01,5.879988e+06,3.146565e+01,,,1.426015e+00,4
2018-04-23 05:50:38.000000,2.382250e+07,1.563499e+07,5.901600e+01,5.882488e+06,3.139870e+01,,,1.424544e+00,4
2018-04-23 05:50:39.000000,2.382289e+07,1.555800e+07,5.886600e+01,5.884988e+06,3.133174e+01,,,1.423072e+00,4
2018-04-23 05:50:40.000000,2.382328e+07,1.548101e+07,5.871600e+01,5.887488e+06,3.126478e+01,,,1.421600e+00,4
2018-04-23 05:50:41.000000,2.382367e+07,1.535576e+07,5.854600e+01,5.889988e+06,3.119783e+01,,,1.420129e+00,4
2018-04-23 05:50:42.000000,2.382406e+07,1.523050e+07,5.837600e+01,5.892488e+06,3.113087e+01,,,1.418657e+00,4
2018-04-23 05:50:43.000000,2.382445e+07,1.531209e+07,5.852400e+01,5.894988e+06,3.106391e+01,,,1.417186e+00,4
2018-04-23 05:50:44.000000,2.382484e+07,1.539368e+07,5.867200e+01,5.897488e+06,3.099696e+01,,,1.415714e+00,4
2018-04-23 05:50:45.000000,2.382522e+07,1.544711e+07,5.879300e+01,5.899988e+06,3.093000e+01,,,1.414242e+00,4
2018-04-23 05:50:46.000000,2.382561e+07,1.550055e+07,5.891400e+01,5.903246e+06,3.096174e+01,,,1.412771e+00,4
2018-04-23 05:50:47.000000,2.382600e+07,1.555398e+07,5.903500e+01,5.906503e+06,3.099348e+01,,,1.411299e+00,4
2018-04-23 05:50:48.000000,2.382639e+07,1.560741e+07,5.915600e+01,5.909761e+06,3.102522e+01,,,1.411169e+00,4
2018-04-23 05:50:49.000000,2.382678e+07,1.561201e+07,5.913800e+01,5.913018e+06,3.105696e+01,,,1.411040e+00,4
2018-04-23 05:50:50.000000,2.382717e+07,1.561661e+07,5.912000e+01,5.916276e+06,3.108870e+01,,,1.410910e+00,4
2018-04-23 05:50:51.000000,2.382756e+07,1.547756e+07,5.893800e+01,5.919533e+06,3.112044e+01,,,1.410781e+00,4
2018-04-23 05:50:52.000000,2.382795e+07,1.533852e+07,5.875600e+01,5.922791e+06,3.115217e+01,,,1.410651e+00,4
2018-04-23 05:50:53.000000,2.382834e+07,1.531439e+07,5.862000e+01,5.926048e+06,3.118391e+01,,,1.410522e+00,4
2018-04-23 05:50:54.000000,2.382873e+07,1.529026e+07,5.848400e+01,5.929306e+06,3.121565e+01,,,1.410392e+00,4
2018-04-23 05:50:55.000000,2.382911e+07,1.539827e+07,5.878400e+01,5.932563e+06,3.124739e+01,,,1.410262e+00,4
2018-04-23 05:50:56.000000,2.382950e+07,1.550629e+07,5.908400e+01,5.935821e+06,3.127913e+01,,,1.410133e+00,4
2018-04-23 05:50:57.000000,2.382989e+07,1.558903e+07,5.922600e+01,5.938170e+06,3.131087e+01,,,1.410003e+00,4
2018-04-23 05:50:58.000000,2.383028e+07,1.567177e+07,5.936800e+01,5.940518e+06,3.134261e+01,,,1.409873e+00,4
2018-04-23 05:50:59.000000,2.383067e+07,1.565798e+07,5.932800e+01,5.942867e+06,3.137435e+01,,,1.409650e+00,4
2018-04-23 05:51:00.000000,2.383106e+07,1.564419e+07,5.928800e+01,5.945215e+06,3.140609e+01,,,1.409426e+00,4
2018-04-23 05:51:01.000000,2.383145e+07,1.563040e+07,5.924800e+01,5.947563e+06,3.143783e+01,,,1.409202e+00,4
2018-04-23 05:51:02.000000,2.383184e+07,1.561661e+07,5.920800e+01,5.949912e+06,3.146956e+01,,,1.408978e+00,4
2018-04-23 05:51:03.000000,2.383223e+07,1.544654e+07,5.875600e+01,5.952260e+06,3.150130e+01,,,1.408754e+00,4
2018-04-23 05:51:04.000000,2.383262e+07,1.527647e+07,5.830400e+01,5.954609e+06,3.153304e+01,,,1.408530e+00,4
2018-04-23 05:51:05.000000,2.383300e+07,1.528106e+07,5.829200e+01,5.956958e+06,3.156478e+01,,,1.408306e+00,4
2018-04-23 05:51:06.000000,2.383339e+07,1.528566e+07,5.828000e+01,5.959306e+06,3.159652e+01,,,1.408082e+00,4
2018-04-23 05:51:07.000000,2.383378e+07,1.547641e+07,5.867000e+01,5.961654e+06,3.162826e+01,,,1.407858e+00,4
2018-04-23 05:51:08.000000,2.383417e+07,1.566717e+07,5.906000e+01,5.962942e+06,3.166000e+01,,,1.407634e+00,4
2018-04-23 05:51:09.000000,2.383456e+07,1.561661e+07,5.909800e+01,5.964230e+06,3.170159e+01,,,1.407410e+00,4
2018-04-23 05:51:10.000000,2.383495e+07,1.556605e+07,5.913600e+01,5.965518e+06,3.174319e+01,,,1.408578e+00,4
2018-04-23 05:51:11.000000,2.383534e+07,1.553042e+07,5.907100e+01,5.966806e+06,3.178478e+01,,,1.409746e+00,4
2018-04-23 05:51:12.000000,2.383573e+07,1.549480e+07,5.900600e+01,5.968094e+06,3.182638e+01,,,1.410914e+00,4
2018-04-23 05:51:13.000000,2.383603e+07,1.545918e+07,5.894100e+01,5.969382e+06,3.186797e+01,,,1.412081e+00,4
2018-04-23 05:51:14.000000,2.383633e+07,1.542355e+07,5.887600e+01,5.970669e+06,3.190956e+01,,,1.413249e+00,4
2018-04-23 05:51:15.000000,2.383662e+07,1.534082e+07,5.870200e+01,5.971958e+06,3.195116e+01,,,1.414417e+00,4
2018-04-23 05:51:16.000000,2.383692e+07,1.525808e+07,5.852800e+01,5.973246e+06,3.199275e+01,,,1.415585e+00,4
2018-04-23 05:51:17.000000,2.383722e+07,1.530979e+07,5.861200e+01,5.974533e+06,3.203435e+01,,,1.416753e+00,4
2018-04-23 05:51:18.000000,2.383752e+07,1.536150e+07,5.869600e+01,5.975821e+06,3.207594e+01,,,1.417920e+00,4
2018-04-23 05:51:19.000000,2.383782e+07,1.542585e+07,5.874200e+01,5.979003e+06,3.211753e+01,,,1.419088e+00,4
2018-04-23 05:51:20.000000,2.383812e+07,1.549020e+07,5.878800e+01,5.982185e+06,3.215913e+01,,,1.420256e+00,4
2018-04-23 05:51:21.000000,2.383842e+07,1.555455e+07,5.883400e+01,5.985367e+06,3.220073e+01,,,1.420734e+00,4
2018-04-23 05:51:22.000000,2.383872e+07,1.561891e+07,5.888000e+01,5.988548e+06,3.224232e+01,,,1.421211e+00,4
2018-04-23 05:51:23.000000,2.383902e+07,1.558903e+07,5.882000e+01,5.991730e+06,3.228391e+01,,,1.421689e+00,4
2018-04-23 05:51:24.000000,2.383932e+07,1.555915e+07,5.876000e+01,5.994912e+06,3.232551e+01,,,1.422167e+00,4
2018-04-23 05:51:25.000000,2.383961e+07,1.541781e+07,5.859600e+01,5.998094e+06,3.236710e+01,,,1.422645e+00,4
2018-04-23 05:51:26.000000,2.383991e+07,1.527647e+07,5.843200e+01,6.001276e+06,3.240870e+01,,,1.423123e+00,4
2018-04-23 05:51:27.000000,2.384021e+07,1.538219e+07,5.866400e+01,6.004458e+06,3.245029e+01,,,1.423600e+00,4
2018-04-23 05:51:28.000000,2.384051e+07,1.548791e+07,5.889600e+01,6.007640e+06,3.249188e+01,,,1.424078e+00,4
2018-04-23 05:51:29.000000,2.384081e+07,1.559018e+07,5.897000e+01,6.010821e+06,3.253348e+01,,,1.424556e+00,4
2018-04-23 05:51:30.000000,2.384111e+07,1.569245e+07,5.904400e+01,6.014382e+06,3.257507e+01,,,1.425034e+00,4
2018-04-23 05:51:31.000000,2.384141e+07,1.556375e+07,5.887000e+01,6.017942e+06,3.261666e+01,,,1.425511e+00,4
2018-04-23 05:51:32.000000,2.384171e+07,1.543505e+07,5.869600e+01,6.021503e+06,3.265826e+01,,,1.425604e+00,4
2018-04-23 05:51:33.000000,2.384201e+07,1.535346e+07,5.843400e+01,6.025063e+06,3.269986e+01,,,1.425696e+00,4
2018-04-23 05:51:34.000000,2.384231e+07,1.527187e+07,5.817200e+01,6.028624e+06,3.274145e+01,,,1.425789e+00,4
2018-04-23 05:51:35.000000,2.384261e+07,1.537184e+07,5.833200e+01,6.032185e+06,3.278304e+01,,,1.425881e+00,4
2018-04-23 05:51:36.000000,2.384291e+07,1.547182e+07,5.849200e+01,6.035746e+06,3.282464e+01,,,1.425974e+00,4
2018-04-23 05:51:37.000000,2.384321e+07,1.552640e+07,5.857400e+01,6.039306e+06,3.286623e+01,,,1.426066e+00,4
2018-04-23 05:51:38.000000,2.384350e+07,1.558098e+07,5.865600e+01,6.042867e+06,3.290783e+01,,,1.426159e+00,4
2018-04-23 05:51:39.000000,2.384380e+07,1.563557e+07,5.873800e+01,6.046427e+06,3.294942e+01,,,1.426251e+00,4
2018-04-23 05:51:40.000000,2.384410e+07,1.569015e+07,5.882000e+01,6.049988e+06,3.299101e+01,,,1.426344e+00,4
2018-04-23 05:51:41.000000,2.384440e+07,1.561546e+07,5.864200e+01,6.052942e+06,3.303261e+01,,,1.426436e+00,4
2018-04-23 05:51:42.000000,2.384470e+07,1.554077e+07,5.846400e+01,6.055897e+06,3.307420e+01,,,1.426529e+00,4
2018-04-23 05:51:43.000000,2.384489e+07,1.540632e+07,5.820600e+01,6.058852e+06,3.311580e+01,,,1.423581e+00,4
2018-04-23 05:51:44.000000,2.384508e+07,1.527187e+07,5.794800e+01,6.061806e+06,3.315739e+01,,,1.420633e+00,4
2018-04-23 05:51:45.000000,2.384527e+07,1.542700e+07,5.826800e+01,6.064761e+06,3.319899e+01,,,1.417685e+00,4
2018-04-23 05:51:46.000000,2.384546e+07,1.558213e+07,5.858800e+01,6.067715e+06,3.324058e+01,,,1.414737e+00,4
2018-04-23 05:51:47.000000,2.384565e+07,1.563270e+07,5.868400e+01,6.070669e+06,3.328217e+01,,,1.411789e+00,4
2018-04-23 05:51:48.000000,2.384585e+07,1.568326e+07,5.878000e+01,6.073624e+06,3.332377e+01,,,1.408841e+00,4
2018-04-23 05:51:49.000000,2.384604e+07,1.555111e+07,5.857800e+01,6.076579e+06,3.336536e+01,,,1.405892e+00,4
2018-04-23 05:51:50.000000,2.384623e+07,1.541896e+07,5.837600e+01,6.079533e+06,3.340696e+01,,,1.402944e+00,4
2018-04-23 05:51:51.000000,2.384642e+07,1.535461e+07,5.823800e+01,6.082488e+06,3.344855e+01,,,1.399996e+00,4
2018-04-23 05:51:52.000000,2.384661e+07,1.529026e+07,5.810000e+01,6.081882e+06,3.349014e+01,,,1.397048e+00,4
2018-04-23 05:51:53.000000,2.384680e+07,1.537816e+07,5.826000e+01,6.081276e+06,3.353174e+01,,,1.394100e+00,4
2018-04-23 05:51:54.000000,2.384699e+07,1.546607e+07,5.842000e+01,6.080669e+06,3.357333e+01,,,1.393733e+00,4
2018-04-23 05:51:55.000000,2.384718e+07,1.555398e+07,5.858000e+01,6.080063e+06,3.361493e+01,,,1.393366e+00,4
2018-04-23 05:51:56.000000,2.384737e+07,1.564189e+07,5.874000e+01,6.079458e+06,3.365652e+01,,,1.392999e+00,4
2018-04-23 05:51:57.000000,2.384756e+07,1.564993e+07,5.877800e+01,6.078852e+06,3.369812e+01,,,1.392632e+00,4
2018-04-23 05:51:58.000000,2.384775e+07,1.565798e+07,5.881600e+01,6.078246e+06,3.373971e+01,,,1.392265e+00,4
2018-04-23 05:51:59.000000,2.384794e+07,1.548905e+07,5.858200e+01,6.077640e+06,3.378130e+01,,,1.391897e+00,4
2018-04-23 05:52:00.000000,2.384814e+07,1.532013e+07,5.834800e+01,6.077033e+06,3.382290e+01,,,1.391530e+00,4
2018-04-23 05:52:01.000000,2.384833e+07,1.536954e+07,5.843000e+01,6.076427e+06,3.386449e+01,,,1.391163e+00,4
2018-04-23 05:52:02.000000,2.384852e+07,1.541896e+07,5.851200e+01,6.075821e+06,3.390609e+01,,,1.390796e+00,4
2018-04-23 05:52:03.000000,2.384871e+07,1.552927e+07,5.876600e+01,6.077791e+06,3.394768e+01,,,1.390429e+00,4
2018-04-23 05:52:04.000000,2.384890e+07,1.563959e+07,5.902000e+01,6.079761e+06,3.398927e+01,,,1.390062e+00,4
2018-04-23 05:52:05.000000,2.384909e+07,1.565798e+07,5.898100e+01,6.081730e+06,3.403087e+01,,,1.391162e+00,4
2018-04-23 05:52:06.000000,2.384928e+07,1.567636e+07,5.894200e+01,6.083700e+06,3.407246e+01,,,1.392262e+00,4
2018-04-23 05:52:07.000000,2.384947e+07,1.569475e+07,5.890300e+01,6.085670e+06,3.411406e+01,,,1.393362e+00,4
2018-04-23 05:52:08.000000,2.384966e+07,1.571313e+07,5.886400e+01,6.087639e+06,3.415565e+01,,,1.394462e+00,4
2018-04-23 05:52:09.000000,2.384985e+07,1.559133e+07,5.860800e+01,6.089609e+06,3.419725e+01,,,1.395562e+00,4
2018-04-23 05:52:10.000000,2.385004e+07,1.546952e+07,5.835200e+01,6.091579e+06,3.423884e+01,,,1.396662e+00,4
2018-04-23 05:52:11.000000,2.385023e+07,1.538563e+07,5.816000e+01,6.093548e+06,3.428043e+01,,,1.397762e+00,4
2018-04-23 05:52:12.000000,2.385042e+07,1.530175e+07,5.796800e+01,6.095518e+06,3.432203e+01,,,1.398862e+00,4
2018-04-23 05:52:13.000000,2.385061e+07,1.542815e+07,5.829200e+01,6.097488e+06,3.436362e+01,,,1.399962e+00,4
2018-04-23 05:52:14.000000,2.385081e+07,1.555455e+07,5.861600e+01,6.101200e+06,3.440522e+01,,,1.401062e+00,4
2018-04-23 05:52:15.000000,2.385100e+07,1.563384e+07,5.872600e+01,6.104912e+06,3.444681e+01,,,1.402163e+00,4
2018-04-23 05:52:16.000000,2.385119e+07,1.571313e+07,5.883600e+01,6.108624e+06,3.448840e+01,,,1.400194e+00,4
2018-04-23 05:52:17.000000,2.385115e+07,1.568671e+07,5.880200e+01,6.112336e+06,3.453000e+01,,,1.398226e+00,4
2018-04-23 05:52:18.000000,2.385111e+07,1.566028e+07,5.876800e+01,6.116048e+06,3.454533e+01,,,1.396258e+00,4
2018-04-23 05:52:19.000000,2.385107e+07,1.563384e+07,5.873400e+01,6.119760e+06,3.456065e+01,,,1.394290e+00,4
2018-04-23 05:52:20.000000,2.385104e+07,1.560741e+07,5.870000e+01,6.123473e+06,3.457598e+01,,,1.392322e+00,4
2018-04-23 05:52:21.000000,2.385100e+07,1.547756e+07,5.829800e+01,6.127185e+06,3.459130e+01,,,1.390353e+00,4
2018-04-23 05:52:22.000000,2.385096e+07,1.534771e+07,5.789600e+01,6.130896e+06,3.460663e+01,,,1.388385e+00,4
2018-04-23 05:52:23.000000,2.385092e+07,1.537759e+07,5.807200e+01,6.134609e+06,3.462196e+01,,,1.386417e+00,4
2018-04-23 05:52:24.000000,2.385088e+07,1.540747e+07,5.824800e+01,6.138321e+06,3.463728e+01,,,1.384449e+00,4
2018-04-23 05:52:25.000000,2.385085e+07,1.553387e+07,5.846800e+01,6.147487e+06,3.465261e+01,,,1.382480e+00,4
2018-04-23 05:52:26.000000,2.385081e+07,1.566027e+07,5.868800e+01,6.156654e+06,3.466793e+01,,,1.380512e+00,4
2018-04-23 05:52:27.000000,2.385077e+07,1.568785e+07,5.869800e+01,6.165821e+06,3.468326e+01,,,1.383832e+00,4
2018-04-23 05:52:28.000000,2.385073e+07,1.571543e+07,5.870800e+01,6.174987e+06,3.469859e+01,,,1.387152e+00,4
2018-04-23 05:52:29.000000,2.385069e+07,1.558788e+07,5.848600e+01,6.184154e+06,3.471391e+01,,,1.390471e+00,4
2018-04-23 05:52:30.000000,2.385066e+07,1.546033e+07,5.826400e+01,6.193321e+06,3.472924e+01,,,1.393791e+00,4
2018-04-23 05:52:31.000000,2.385062e+07,1.542470e+07,5.817800e+01,6.202488e+06,3.474456e+01,,,1.397111e+00,4
2018-04-23 05:52:32.000000,2.385058e+07,1.538908e+07,5.809200e+01,6.211654e+06,3.475989e+01,,,1.400430e+00,4
2018-04-23 05:52:33.000000,2.385054e+07,1.535346e+07,5.800600e+01,6.220821e+06,3.477522e+01,,,1.403750e+00,4
2018-04-23 05:52:34.000000,2.385051e+07,1.531783e+07,5.792000e+01,6.229988e+06,3.479054e+01,,,1.407070e+00,4
2018-04-23 05:52:35.000000,2.385047e+07,1.533392e+07,5.794200e+01,6.239154e+06,3.480587e+01,,,1.410389e+00,4
2018-04-23 05:52:36.000000,2.385043e+07,1.535001e+07,5.796400e+01,6.243094e+06,3.482119e+01,,,1.413709e+00,4
2018-04-23 05:52:37.000000,2.385039e+07,1.545803e+07,5.816400e+01,6.247033e+06,3.483652e+01,,,1.417029e+00,4
2018-04-23 05:52:38.000000,2.385035e+07,1.556605e+07,5.836400e+01,6.250973e+06,3.485184e+01,,,1.415588e+00,4
2018-04-23 05:52:39.000000,2.385032e+07,1.562695e+07,5.846200e+01,6.254912e+06,3.486717e+01,,,1.414148e+00,4
2018-04-23 05:52:40.000000,2.385028e+07,1.568785e+07,5.856000e+01,6.258852e+06,3.488250e+01,,,1.412707e+00,4
2018-04-23 05:52:41.000000,2.385024e+07,1.568211e+07,5.849400e+01,6.262791e+06,3.489782e+01,,,1.411266e+00,4
2018-04-23 05:52:42.000000,2.385020e+07,1.567636e+07,5.842800e+01,6.266730e+06,3.491315e+01,,,1.409826e+00,4
2018-04-23 05:52:43.000000,2.385016e+07,1.556605e+07,5.836200e+01,6.270669e+06,3.492848e+01,,,1.408385e+00,4
2018-04-23 05:52:44.000000,2.385013e+07,1.545573e+07,5.829600e+01,6.274609e+06,3.494380e+01,,,1.406944e+00,4
2018-04-23 05:52:45.000000,2.385009e+07,1.543734e+07,5.819800e+01,6.278548e+06,3.495913e+01,,,1.405504e+00,4
2018-04-23 05:52:46.000000,2.385005e+07,1.541896e+07,5.810000e+01,6.282488e+06,3.497446e+01,,,1.404063e+00,4
2018-04-23 05:52:47.000000,2.385001e+07,1.540057e+07,5.800200e+01,6.285745e+06,3.498978e+01,,,1.402622e+00,4
2018-04-23 05:52:48.000000,2.384998e+07,1.538219e+07,5.790400e+01,6.289003e+06,3.500511e+01,,,1.401182e+00,4
2018-04-23 05:52:49.000000,2.384994e+07,1.536150e+07,5.787400e+01,6.292260e+06,3.502044e+01,,,1.402303e+00,4
2018-04-23 05:52:50.000000,2.384990e+07,1.534082e+07,5.784400e+01,6.295518e+06,3.503576e+01,,,1.403425e+00,4
2018-04-23 05:52:51.000000,2.385031e+07,1.539483e+07,5.781400e+01,6.298775e+06,3.505109e+01,,,1.404547e+00,4
2018-04-23 05:52:52.000000,2.385072e+07,1.544884e+07,5.778400e+01,6.302033e+06,3.506641e+01,,,1.405668e+00,4
2018-04-23 05:52:53.000000,2.385113e+07,1.547986e+07,5.786500e+01,6.305291e+06,3.508174e+01,,,1.406790e+00,4
2018-04-23 05:52:54.000000,2.385155e+07,1.551089e+07,5.794600e+01,6.308548e+06,3.509706e+01,,,1.407912e+00,4
2018-04-23 05:52:55.000000,2.385196e+07,1.554192e+07,5.802700e+01,6.311806e+06,3.511239e+01,,,1.409033e+00,4
2018-04-23 05:52:56.000000,2.385237e+07,1.557294e+07,5.810800e+01,6.315063e+06,3.512772e+01,,,1.410155e+00,4
2018-04-23 05:52:57.000000,2.385278e+07,1.551146e+07,5.803600e+01,6.318321e+06,3.514304e+01,,,1.411276e+00,4
2018-04-23 05:52:58.000000,2.385319e+07,1.544998e+07,5.796400e+01,6.319912e+06,3.515837e+01,,,1.412398e+00,4
2018-04-23 05:52:59.000000,2.385360e+07,1.538851e+07,5.789200e+01,6.321502e+06,3.517369e+01,,,1.413520e+00,4
2018-04-23 05:53:00.000000,2.385401e+07,1.532703e+07,5.782000e+01,6.323094e+06,3.518902e+01,,,1.412095e+00,4
2018-04-23 05:53:01.000000,2.385443e+07,1.545228e+07,5.808200e+01,6.324685e+06,3.520435e+01,,,1.410671e+00,4
2018-04-23 05:53:02.000000,2.385484e+07,1.557754e+07,5.834400e+01,6.326275e+06,3.521967e+01,,,1.409247e+00,4
2018-04-23 05:53:03.000000,2.385525e+07,1.565912e+07,5.844400e+01,6.327866e+06,3.523500e+01,,,1.407823e+00,4
2018-04-23 05:53:04.000000,2.385566e+07,1.574071e+07,5.854400e+01,6.329457e+06,3.525032e+01,,,1.406399e+00,4
2018-04-23 05:53:05.000000,2.385607e+07,1.566832e+07,5.831800e+01,6.331048e+06,3.526565e+01,,,1.404975e+00,4
2018-04-23 05:53:06.000000,2.385648e+07,1.559592e+07,5.809200e+01,6.332639e+06,3.528098e+01,,,1.403551e+00,4
2018-04-23 05:53:07.000000,2.385690e+07,1.546607e+07,5.788400e+01,6.334230e+06,3.529630e+01,,,1.402127e+00,4
2018-04-23 05:53:08.000000,2.385731e+07,1.533622e+07,5.767600e+01,6.335821e+06,3.531163e+01,,,1.400703e+00,4
2018-04-23 05:53:09.000000,2.385772e+07,1.537127e+07,5.772100e+01,6.335821e+06,3.532695e+01,,,1.399279e+00,4
2018-04-23 05:53:10.000000,2.385813e+07,1.540632e+07,5.776600e+01,6.335821e+06,3.534228e+01,,,1.397855e+00,4
2018-04-23 05:53:11.000000,2.385854e+07,1.544137e+07,5.781100e+01,6.335821e+06,3.535761e+01,,,1.395047e+00,4
2018-04-23 05:53:12.000000,2.385895e+07,1.547641e+07,5.785600e+01,6.335821e+06,3.537293e+01,,,1.392240e+00,4
2018-04-23 05:53:13.000000,2.385937e+07,1.561661e+07,5.816600e+01,6.335821e+06,3.538826e+01,,,1.389432e+00,4
2018-04-23 05:53:14.000000,2.385978e+07,1.575680e+07,5.847600e+01,6.335821e+06,3.540359e+01,,,1.386625e+00,4
2018-04-23 05:53:15.000000,2.386019e+07,1.562005e+07,5.830800e+01,6.335821e+06,3.541891e+01,,,1.383818e+00,4
2018-04-23 05:53:16.000000,2.386060e+07,1.548331e+07,5.814000e+01,6.335821e+06,3.543424e+01,,,1.381010e+00,4
2018-04-23 05:53:17.000000,2.386101e+07,1.541321e+07,5.790800e+01,6.335821e+06,3.544956e+01,,,1.378203e+00,4
2018-04-23 05:53:18.000000,2.386142e+07,1.534312e+07,5.767600e+01,6.335821e+06,3.546489e+01,,,1.375396e+00,4
2018-04-23 05:53:19.000000,2.386183e+07,1.553042e+07,5.802400e+01,6.335821e+06,3.548022e+01,,,1.372588e+00,4
2018-04-23 05:53:20.000000,2.386225e+07,1.571773e+07,5.837200e+01,6.337260e+06,3.549554e+01,,,1.369781e+00,4
2018-04-23 05:53:21.000000,2.386266e+07,1.565798e+07,5.827000e+01,6.338700e+06,3.551087e+01,,,1.366973e+00,4
2018-04-23 05:53:22.000000,2.386307e+07,1.559822e+07,5.816800e+01,6.340139e+06,3.552620e+01,,,1.367864e+00,4
2018-04-23 05:53:23.000000,2.386322e+07,1.547986e+07,5.799800e+01,6.341579e+06,3.554152e+01,,,1.368755e+00,4
2018-04-23 05:53:24.000000,2.386336e+07,1.536150e+07,5.782800e+01,6.343018e+06,3.555685e+01,,,1.369646e+00,4
2018-04-23 05:53:25.000000,2.386351e+07,1.553962e+07,5.808800e+01,6.344457e+06,3.557217e+01,,,1.370537e+00,4
2018-04-23 05:53:26.000000,2.386366e+07,1.571773e+07,5.834800e+01,6.345896e+06,3.558750e+01,,,1.371428e+00,4
2018-04-23 05:53:27.000000,2.386380e+07,1.568900e+07,5.835800e+01,6.347336e+06,3.560283e+01,,,1.372319e+00,4
2018-04-23 05:53:28.000000,2.386395e+07,1.566027e+07,5.836800e+01,6.348775e+06,3.561815e+01,,,1.373209e+00,4
2018-04-23 05:53:29.000000,2.386410e+07,1.558328e+07,5.820400e+01,6.350215e+06,3.563348e+01,,,1.374100e+00,4
2018-04-23 05:53:30.000000,2.386424e+07,1.550629e+07,5.804000e+01,6.351654e+06,3.564880e+01,,,1.374991e+00,4
2018-04-23 05:53:31.000000,2.386439e+07,1.542930e+07,5.787600e+01,6.350518e+06,3.566413e+01,,,1.375882e+00,4
2018-04-23 05:53:32.000000,2.386454e+07,1.535231e+07,5.771200e+01,6.349381e+06,3.567945e+01,,,1.376773e+00,4
2018-04-23 05:53:33.000000,2.386468e+07,1.542126e+07,5.787200e+01,6.348245e+06,3.569478e+01,,,1.375911e+00,4
2018-04-23 05:53:34.000000,2.386483e+07,1.549020e+07,5.803200e+01,6.347109e+06,3.571011e+01,,,1.375049e+00,4
2018-04-23 05:53:35.000000,2.386497e+07,1.563040e+07,5.832000e+01,6.345973e+06,3.572543e+01,,,1.374188e+00,4
2018-04-23 05:53:36.000000,2.386512e+07,1.577059e+07,5.860800e+01,6.344836e+06,3.574076e+01,,,1.373326e+00,4
2018-04-23 05:53:37.000000,2.386527e+07,1.568441e+07,5.849600e+01,6.343700e+06,3.575608e+01,,,1.372464e+00,4
2018-04-23 05:53:38.000000,2.386541e+07,1.559822e+07,5.838400e+01,6.342563e+06,3.577141e+01,,,1.371603e+00,4
2018-04-23 05:53:39.000000,2.386556e+07,1.549940e+07,5.817000e+01,6.341427e+06,3.578674e+01,,,1.370741e+00,4
2018-04-23 05:53:40.000000,2.386571e+07,1.540057e+07,5.795600e+01,6.340291e+06,3.580206e+01,,,1.369879e+00,4
2018-04-23 05:53:41.000000,2.386586e+07,1.546837e+07,5.808500e+01,6.339154e+06,3.581739e+01,,,1.369017e+00,4
2018-04-23 05:53:42.000000,2.386600e+07,1.553617e+07,5.821400e+01,6.342260e+06,3.583272e+01,,,1.368156e+00,4
2018-04-23 05:53:43.000000,2.386615e+07,1.560397e+07,5.834300e+01,6.345366e+06,3.584804e+01,,,1.367294e+00,4
2018-04-23 05:53:44.000000,2.386629e+07,1.567177e+07,5.847200e+01,6.348473e+06,3.586337e+01,,,1.368171e+00,4
2018-04-23 05:53:45.000000,2.386644e+07,1.567062e+07,5.846800e+01,6.351579e+06,3.587869e+01,,,1.369048e+00,4
2018-04-23 05:53:46.000000,2.386659e+07,1.566947e+07,5.846400e+01,6.354685e+06,3.589402e+01,,,1.369926e+00,4
2018-04-23 05:53:47.000000,2.386673e+07,1.557984e+07,5.830600e+01,6.357791e+06,3.590935e+01,,,1.370803e+00,4
2018-04-23 05:53:48.000000,2.386688e+07,1.549020e+07,5.814800e+01,6.360896e+06,3.592467e+01,,,1.371680e+00,4
2018-04-23 05:53:49.000000,2.386703e+07,1.542126e+07,5.801800e+01,6.364002e+06,3.594000e+01,,,1.372557e+00,4
2018-04-23 05:53:50.000000,2.386718e+07,1.535231e+07,5.788800e+01,6.367109e+06,3.594152e+01,,,1.373434e+00,4
2018-04-23 05:53:51.000000,2.386732e+07,1.548446e+07,5.808000e+01,6.370215e+06,3.594304e+01,,,1.374312e+00,4
2018-04-23 05:53:52.000000,2.386747e+07,1.561661e+07,5.827200e+01,6.373321e+06,3.594456e+01,,,1.375189e+00,4
2018-04-23 05:53:53.000000,2.386761e+07,1.565223e+07,5.831200e+01,6.376048e+06,3.594609e+01,,,1.376066e+00,4
2018-04-23 05:53:54.000000,2.386776e+07,1.568785e+07,5.835200e+01,6.378775e+06,3.594761e+01,,,1.376943e+00,4
2018-04-23 05:53:55.000000,2.386772e+07,1.572348e+07,5.839200e+01,6.381502e+06,3.594913e+01,,,1.379338e+00,4
2018-04-23 05:53:56.000000,2.386768e+07,1.575910e+07,5.843200e+01,6.384230e+06,3.595065e+01,,,1.381733e+00,4
2018-04-23 05:53:57.000000,2.386764e+07,1.562350e+07,5.823000e+01,6.386957e+06,3.595217e+01,,,1.384128e+00,4
2018-04-23 05:53:58.000000,2.386760e+07,1.548791e+07,5.802800e+01,6.389685e+06,3.595369e+01,,,1.386523e+00,4
2018-04-23 05:53:59.000000,2.386756e+07,1.542470e+07,5.797400e+01,6.392412e+06,3.595522e+01,,,1.388918e+00,4
2018-04-23 05:54:00.000000,2.386751e+07,1.536150e+07,5.792000e+01,6.395139e+06,3.595674e+01,,,1.391313e+00,4
2018-04-23 05:54:01.000000,2.386747e+07,1.548446e+07,5.809000e+01,6.397866e+06,3.595826e+01,,,1.393708e+00,4
2018-04-23 05:54:02.000000,2.386743e+07,1.560741e+07,5.826000e+01,6.400594e+06,3.595978e+01,,,1.396103e+00,4
2018-04-23 05:54:03.000000,2.386739e+07,1.568785e+07,5.831600e+01,6.403321e+06,3.596130e+01,,,1.398497e+00,4
2018-04-23 05:54:04.000000,2.386735e+07,1.576829e+07,5.837200e+01,6.404987e+06,3.596283e+01,,,1.400892e+00,4
2018-04-23 05:54:05.000000,2.386731e+07,1.570509e+07,5.826800e+01,6.406654e+06,3.596435e+01,,,1.403287e+00,4
2018-04-23 05:54:06.000000,2.386727e+07,1.564189e+07,5.816400e+01,6.408321e+06,3.596587e+01,,,1.402403e+00,4
2018-04-23 05:54:07.000000,2.386723e+07,1.557869e+07,5.806000e+01,6.409987e+06,3.596739e+01,,,1.401518e+00,4
2018-04-23 05:54:08.000000,2.386718e+07,1.551548e+07,5.795600e+01,6.411654e+06,3.596891e+01,,,1.400634e+00,4
2018-04-23 05:54:09.000000,2.386714e+07,1.544883e+07,5.793600e+01,6.413321e+06,3.597043e+01,,,1.399749e+00,4
2018-04-23 05:54:10.000000,2.386710e+07,1.538219e+07,5.791600e+01,6.414988e+06,3.597195e+01,,,1.398865e+00,4
2018-04-23 05:54:11.000000,2.386706e+07,1.554881e+07,5.819000e+01,6.416654e+06,3.597348e+01,,,1.397980e+00,4
2018-04-23 05:54:12.000000,2.386702e+07,1.571543e+07,5.846400e+01,6.418321e+06,3.597500e+01,,,1.397096e+00,4
2018-04-23 05:54:13.000000,2.386698e+07,1.572807e+07,5.854600e+01,6.419988e+06,3.597652e+01,,,1.396211e+00,4
2018-04-23 05:54:14.000000,2.386694e+07,1.574071e+07,5.862800e+01,6.421654e+06,3.597804e+01,,,1.395327e+00,4
2018-04-23 05:54:15.000000,2.386689e+07,1.556375e+07,5.832800e+01,6.418245e+06,3.597956e+01,,,1.394442e+00,4
2018-04-23 05:54:16.000000,2.386685e+07,1.538678e+07,5.802800e+01,6.414836e+06,3.598109e+01,,,1.393558e+00,4
2018-04-23 05:54:17.000000,2.386681e+07,1.547297e+07,5.821000e+01,6.411427e+06,3.598261e+01,,,1.397118e+00,4
2018-04-23 05:54:18.000000,2.386677e+07,1.555915e+07,5.839200e+01,6.408018e+06,3.598413e+01,,,1.400679e+00,4
2018-04-23 05:54:19.000000,2.386673e+07,1.560167e+07,5.849200e+01,6.404609e+06,3.598565e+01,,,1.404239e+00,4
2018-04-23 05:54:20.000000,2.386669e+07,1.564419e+07,5.859200e+01,6.401200e+06,3.598717e+01,,,1.407799e+00,4
2018-04-23 05:54:21.000000,2.386665e+07,1.568670e+07,5.869200e+01,6.397791e+06,3.598869e+01,,,1.411359e+00,4
2018-04-23 05:54:22.000000,2.386661e+07,1.572922e+07,5.879200e+01,6.394381e+06,3.599022e+01,,,1.414920e+00,4
2018-04-23 05:54:23.000000,2.386656e+07,1.560052e+07,5.860800e+01,6.390973e+06,3.599174e+01,,,1.418480e+00,4
2018-04-23 05:54:24.000000,2.386652e+07,1.547182e+07,5.842400e+01,6.387563e+06,3.599326e+01,,,1.422040e+00,4
2018-04-23 05:54:25.000000,2.386648e+07,1.541091e+07,5.822000e+01,6.384154e+06,3.599478e+01,,,1.425600e+00,4
2018-04-23 05:54:26.000000,2.386644e+07,1.535001e+07,5.801600e+01,6.370215e+06,3.599630e+01,,,1.429161e+00,4
2018-04-23 05:54:27.000000,2.386640e+07,1.551663e+07,5.831400e+01,6.356275e+06,3.599783e+01,,,1.432721e+00,4
2018-04-23 05:54:28.000000,2.386637e+07,1.568326e+07,5.861200e+01,6.342336e+06,3.599935e+01,,,1.430157e+00,4
2018-04-23 05:54:29.000000,2.386633e+07,1.568556e+07,5.861600e+01,6.328396e+06,3.600087e+01,,,1.427594e+00,4
2018-04-23 05:54:30.000000,2.386629e+07,1.568785e+07,5.862000e+01,6.314457e+06,3.600239e+01,,,1.425030e+00,4
2018-04-23 05:54:31.000000,2.386626e+07,1.552123e+07,5.835000e+01,6.300518e+06,3.600391e+01,,,1.422466e+00,4
2018-04-23 05:54:32.000000,2.386622e+07,1.535461e+07,5.808000e+01,6.286579e+06,3.600543e+01,,,1.419902e+00,4
2018-04-23 05:54:33.000000,2.386618e+07,1.548791e+07,5.830800e+01,6.272639e+06,3.600695e+01,,,1.417339e+00,4
2018-04-23 05:54:34.000000,2.386615e+07,1.562120e+07,5.853600e+01,6.258700e+06,3.600848e+01,,,1.414775e+00,4
2018-04-23 05:54:35.000000,2.386611e+07,1.569705e+07,5.874800e+01,6.244760e+06,3.601000e+01,,,1.412211e+00,4
2018-04-23 05:54:36.000000,2.386608e+07,1.577289e+07,5.896000e+01,6.230821e+06,3.599174e+01,,,1.409648e+00,4
2018-04-23 05:54:37.000000,2.386604e+07,1.567062e+07,5.878000e+01,6.229306e+06,3.597348e+01,,,1.407084e+00,4
2018-04-23 05:54:38.000000,2.386600e+07,1.556834e+07,5.860000e+01,6.227791e+06,3.595522e+01,,,1.404520e+00,4
2018-04-23 05:54:39.000000,2.386597e+07,1.546607e+07,5.842000e+01,6.226275e+06,3.593695e+01,,,1.402061e+00,4
2018-04-23 05:54:40.000000,2.386593e+07,1.536380e+07,5.824000e+01,6.224760e+06,3.591869e+01,,,1.399602e+00,4
2018-04-23 05:54:41.000000,2.386589e+07,1.539827e+07,5.831300e+01,6.223245e+06,3.590043e+01,,,1.397143e+00,4
2018-04-23 05:54:42.000000,2.386586e+07,1.543275e+07,5.838600e+01,6.221730e+06,3.588217e+01,,,1.394683e+00,4
2018-04-23 05:54:43.000000,2.386582e+07,1.546722e+07,5.845900e+01,6.220215e+06,3.586391e+01,,,1.392224e+00,4
2018-04-23 05:54:44.000000,2.386578e+07,1.550170e+07,5.853200e+01,6.218700e+06,3.584565e+01,,,1.389765e+00,4
2018-04-23 05:54:45.000000,2.386575e+07,1.563844e+07,5.872600e+01,6.217185e+06,3.582739e+01,,,1.387306e+00,4
2018-04-23 05:54:46.000000,2.386571e+07,1.577519e+07,5.892000e+01,6.215669e+06,3.580913e+01,,,1.384847e+00,4
2018-04-23 05:54:47.000000,2.386567e+07,1.562350e+07,5.860800e+01,6.214154e+06,3.579087e+01,,,1.382388e+00,4
2018-04-23 05:54:48.000000,2.386564e+07,1.547182e+07,5.829600e+01,6.222942e+06,3.577261e+01,,,1.379929e+00,4
2018-04-23 05:54:49.000000,2.386560e+07,1.549480e+07,5.836700e+01,6.231730e+06,3.575435e+01,,,1.377469e+00,4
2018-04-23 05:54:50.000000,2.386556e+07,1.551778e+07,5.843800e+01,6.240518e+06,3.573609e+01,,,1.379953e+00,4
2018-04-23 05:54:51.000000,2.386553e+07,1.554077e+07,5.850900e+01,6.249306e+06,3.571783e+01,,,1.382437e+00,4
2018-04-23 05:54:52.000000,2.386549e+07,1.556375e+07,5.858000e+01,6.258094e+06,3.569957e+01,,,1.384921e+00,4
2018-04-23 05:54:53.000000,2.386545e+07,1.561661e+07,5.867400e+01,6.266881e+06,3.568130e+01,,,1.387405e+00,4
2018-04-23 05:54:54.000000,2.386542e+07,1.566947e+07,5.876800e+01,6.275669e+06,3.566304e+01,,,1.389889e+00,4
2018-04-23 05:54:55.000000,2.386538e+07,1.572233e+07,5.886200e+01,6.284457e+06,3.564478e+01,,,1.392373e+00,4
2018-04-23 05:54:56.000000,2.386534e+07,1.577519e+07,5.895600e+01,6.293245e+06,3.562652e+01,,,1.394857e+00,4
2018-04-23 05:54:57.000000,2.386531e+07,1.569245e+07,5.882600e+01,6.302033e+06,3.560826e+01,,,1.397341e+00,4
2018-04-23 05:54:58.000000,2.386527e+07,1.560971e+07,5.869600e+01,6.310821e+06,3.559000e+01,,,1.399825e+00,4
2018-04-23 05:54:59.000000,2.386523e+07,1.547411e+07,5.842400e+01,6.313775e+06,3.552739e+01,,,1.402309e+00,4
2018-04-23 05:55:00.000000,2.386520e+07,1.533852e+07,5.815200e+01,6.316730e+06,3.546478e+01,,,1.404793e+00,4
2018-04-23 05:55:01.000000,2.386491e+07,1.545573e+07,5.837000e+01,6.319685e+06,3.540218e+01,,,1.405094e+00,4
2018-04-23 05:55:02.000000,2.386462e+07,1.557294e+07,5.858800e+01,6.322639e+06,3.533957e+01,,,1.405394e+00,4
2018-04-23 05:55:03.000000,2.386433e+07,1.565338e+07,5.858200e+01,6.325594e+06,3.527696e+01,,,1.405695e+00,4
2018-04-23 05:55:04.000000,2.386404e+07,1.573382e+07,5.857600e+01,6.328548e+06,3.521435e+01,,,1.405995e+00,4
2018-04-23 05:55:05.000000,2.386376e+07,1.567694e+07,5.849800e+01,6.331502e+06,3.515174e+01,,,1.406296e+00,4
2018-04-23 05:55:06.000000,2.386347e+07,1.562005e+07,5.842000e+01,6.334457e+06,3.508913e+01,,,1.406596e+00,4
2018-04-23 05:55:07.000000,2.386318e+07,1.556317e+07,5.834200e+01,6.337412e+06,3.502652e+01,,,1.406897e+00,4
2018-04-23 05:55:08.000000,2.386289e+07,1.550629e+07,5.826400e+01,6.340366e+06,3.496391e+01,,,1.407197e+00,4
2018-04-23 05:55:09.000000,2.386261e+07,1.543619e+07,5.809600e+01,6.343321e+06,3.490131e+01,,,1.407498e+00,4
2018-04-23 05:55:10.000000,2.386232e+07,1.536610e+07,5.792800e+01,6.342185e+06,3.483870e+01,,,1.407798e+00,4
2018-04-23 05:55:11.000000,2.386203e+07,1.547986e+07,5.819000e+01,6.341048e+06,3.477609e+01,,,1.408099e+00,4
2018-04-23 05:55:12.000000,2.386174e+07,1.559362e+07,5.845200e+01,6.339912e+06,3.471348e+01,,,1.408400e+00,4
2018-04-23 05:55:13.000000,2.386145e+07,1.566028e+07,5.852400e+01,6.338775e+06,3.465087e+01,,,1.408700e+00,4
2018-04-23 05:55:14.000000,2.386117e+07,1.572692e+07,5.859600e+01,6.337639e+06,3.458826e+01,,,1.409001e+00,4
2018-04-23 05:55:15.000000,2.386088e+07,1.556949e+07,5.830800e+01,6.336502e+06,3.452565e+01,,,1.409302e+00,4
2018-04-23 05:55:16.000000,2.386059e+07,1.541206e+07,5.802000e+01,6.335366e+06,3.446304e+01,,,1.409603e+00,4
2018-04-23 05:55:17.000000,2.386030e+07,1.539195e+07,5.798000e+01,6.334230e+06,3.440044e+01,,,1.409904e+00,4
2018-04-23 05:55:18.000000,2.386002e+07,1.537184e+07,5.794000e+01,6.333094e+06,3.433783e+01,,,1.410205e+00,4
2018-04-23 05:55:19.000000,2.385973e+07,1.535173e+07,5.790000e+01,6.331957e+06,3.427522e+01,,,1.410505e+00,4
2018-04-23 05:55:20.000000,2.385944e+07,1.533162e+07,5.786000e+01,6.330821e+06,3.421261e+01,,,1.410806e+00,4
2018-04-23 05:55:21.000000,2.385915e+07,1.536265e+07,5.807600e+01,6.319154e+06,3.415000e+01,,,1.411107e+00,4
2018-04-23 05:55:22.000000,2.385886e+07,1.539368e+07,5.829200e+01,6.307487e+06,3.414457e+01,,,1.411408e+00,4
2018-04-23 05:55:23.000000,2.385858e+07,1.555915e+07,5.856200e+01,6.295821e+06,3.413913e+01,,,1.412729e+00,4
2018-04-23 05:55:24.000000,2.385829e+07,1.572463e+07,5.883200e+01,6.284154e+06,3.413370e+01,,,1.414050e+00,4
2018-04-23 05:55:25.000000,2.385800e+07,1.572348e+07,5.877600e+01,6.272488e+06,3.412826e+01,,,1.415371e+00,4
2018-04-23 05:55:26.000000,2.385771e+07,1.572233e+07,5.872000e+01,6.260821e+06,3.412283e+01,,,1.416692e+00,4
2018-04-23 05:55:27.000000,2.385742e+07,1.556605e+07,5.846200e+01,6.249154e+06,3.411739e+01,,,1.418013e+00,4
2018-04-23 05:55:28.000000,2.385714e+07,1.540977e+07,5.820400e+01,6.237488e+06,3.411196e+01,,,1.419334e+00,4
2018-04-23 05:55:29.000000,2.385685e+07,1.538736e+07,5.812800e+01,6.225821e+06,3.410652e+01,,,1.420655e+00,4
2018-04-23 05:55:30.000000,2.385656e+07,1.536495e+07,5.805200e+01,6.214154e+06,3.410109e+01,,,1.421976e+00,4
2018-04-23 05:55:31.000000,2.385627e+07,1.534254e+07,5.797600e+01,6.202488e+06,3.409565e+01,,,1.423297e+00,4
2018-04-23 05:55:32.000000,2.385599e+07,1.532013e+07,5.790000e+01,6.206579e+06,3.409022e+01,,,1.424618e+00,4
2018-04-23 05:55:33.000000,2.385588e+07,1.540977e+07,5.795000e+01,6.210669e+06,3.408479e+01,,,1.425940e+00,4
2018-04-23 05:55:34.000000,2.385578e+07,1.549940e+07,5.800000e+01,6.214761e+06,3.407935e+01,,,1.424542e+00,4
2018-04-23 05:55:35.000000,2.385568e+07,1.558903e+07,5.825400e+01,6.218852e+06,3.407391e+01,,,1.423144e+00,4
2018-04-23 05:55:36.000000,2.385558e+07,1.567866e+07,5.850800e+01,6.222942e+06,3.406848e+01,,,1.421747e+00,4
2018-04-23 05:55:37.000000,2.385547e+07,1.567751e+07,5.849800e+01,6.227033e+06,3.406305e+01,,,1.420349e+00,4
2018-04-23 05:55:38.000000,2.385537e+07,1.567636e+07,5.848800e+01,6.231124e+06,3.405761e+01,,,1.418952e+00,4
2018-04-23 05:55:39.000000,2.385527e+07,1.551204e+07,5.810000e+01,6.235215e+06,3.405217e+01,,,1.417554e+00,4
2018-04-23 05:55:40.000000,2.385516e+07,1.534771e+07,5.771200e+01,6.239306e+06,3.404674e+01,,,1.416157e+00,4
2018-04-23 05:55:41.000000,2.385506e+07,1.535231e+07,5.768500e+01,6.243397e+06,3.404131e+01,,,1.414759e+00,4
2018-04-23 05:55:42.000000,2.385496e+07,1.535691e+07,5.765800e+01,6.247488e+06,3.403587e+01,,,1.413361e+00,4
2018-04-23 05:55:43.000000,2.385486e+07,1.536150e+07,5.763100e+01,6.233700e+06,3.403044e+01,,,1.411964e+00,4
2018-04-23 05:55:44.000000,2.385475e+07,1.536610e+07,5.760400e+01,6.219912e+06,3.402500e+01,,,1.410566e+00,4
2018-04-23 05:55:45.000000,2.385465e+07,1.552123e+07,5.804000e+01,6.206124e+06,3.401957e+01,,,1.409404e+00,4
2018-04-23 05:55:46.000000,2.385455e+07,1.567636e+07,5.847600e+01,6.192336e+06,3.401413e+01,,,1.408242e+00,4
2018-04-23 05:55:47.000000,2.385444e+07,1.569360e+07,5.849600e+01,6.178548e+06,3.400870e+01,,,1.407080e+00,4
2018-04-23 05:55:48.000000,2.385434e+07,1.571084e+07,5.851600e+01,6.164761e+06,3.400326e+01,,,1.405918e+00,4
2018-04-23 05:55:49.000000,2.385424e+07,1.559018e+07,5.831800e+01,6.150973e+06,3.399783e+01,,,1.404756e+00,4
2018-04-23 05:55:50.000000,2.385414e+07,1.546952e+07,5.812000e+01,6.137185e+06,3.399239e+01,,,1.403594e+00,4
2018-04-23 05:55:51.000000,2.385403e+07,1.539138e+07,5.791200e+01,6.123397e+06,3.398696e+01,,,1.402432e+00,4
2018-04-23 05:55:52.000000,2.385393e+07,1.531324e+07,5.770400e+01,6.109609e+06,3.398152e+01,,,1.401270e+00,4
2018-04-23 05:55:53.000000,2.385383e+07,1.543390e+07,5.783200e+01,6.095821e+06,3.397609e+01,,,1.400108e+00,4
2018-04-23 05:55:54.000000,2.385373e+07,1.555455e+07,5.796000e+01,6.082185e+06,3.397065e+01,,,1.398946e+00,4
2018-04-23 05:55:55.000000,2.385362e+07,1.558386e+07,5.801000e+01,6.068548e+06,3.396522e+01,,,1.397784e+00,4
2018-04-23 05:55:56.000000,2.385352e+07,1.561316e+07,5.806000e+01,6.054912e+06,3.395979e+01,,,1.397705e+00,4
2018-04-23 05:55:57.000000,2.385342e+07,1.564246e+07,5.811000e+01,6.041276e+06,3.395435e+01,,,1.397626e+00,4
2018-04-23 05:55:58.000000,2.385332e+07,1.567177e+07,5.816000e+01,6.027640e+06,3.394891e+01,,,1.397547e+00,4
2018-04-23 05:55:59.000000,2.385321e+07,1.567981e+07,5.817000e+01,6.014003e+06,3.394348e+01,,,1.397468e+00,4
2018-04-23 05:56:00.000000,2.385311e+07,1.568785e+07,5.818000e+01,6.000367e+06,3.393805e+01,,,1.397389e+00,4
2018-04-23 05:56:01.000000,2.385301e+07,1.555685e+07,5.807200e+01,5.986730e+06,3.393261e+01,,,1.397311e+00,4
2018-04-23 05:56:02.000000,2.385290e+07,1.542585e+07,5.796400e+01,5.973094e+06,3.392717e+01,,,1.397232e+00,4
2018-04-23 05:56:03.000000,2.385280e+07,1.537184e+07,5.798200e+01,5.959458e+06,3.392174e+01,,,1.397153e+00,4
2018-04-23 05:56:04.000000,2.385270e+07,1.531783e+07,5.800000e+01,5.945821e+06,3.391631e+01,,,1.397074e+00,4
2018-04-23 05:56:05.000000,2.385260e+07,1.543964e+07,5.823800e+01,5.942715e+06,3.391087e+01,,,1.396995e+00,4
2018-04-23 05:56:06.000000,2.385249e+07,1.556145e+07,5.847600e+01,5.939609e+06,3.390544e+01,,,1.396916e+00,4
2018-04-23 05:56:07.000000,2.385205e+07,1.564419e+07,5.851000e+01,5.936503e+06,3.390000e+01,,,1.396192e+00,4
2018-04-23 05:56:08.000000,2.385162e+07,1.572692e+07,5.854400e+01,5.933397e+06,3.387565e+01,,,1.395469e+00,4
2018-04-23 05:56:09.000000,2.385118e+07,1.559248e+07,5.832600e+01,5.930291e+06,3.385131e+01,,,1.394745e+00,4
2018-04-23 05:56:10.000000,2.385074e+07,1.545803e+07,5.810800e+01,5.927185e+06,3.382696e+01,,,1.394021e+00,4
2018-04-23 05:56:11.000000,2.385030e+07,1.541781e+07,5.802500e+01,5.924079e+06,3.380261e+01,,,1.393298e+00,4
2018-04-23 05:56:12.000000,2.384986e+07,1.537759e+07,5.794200e+01,5.920973e+06,3.377826e+01,,,1.392574e+00,4
2018-04-23 05:56:13.000000,2.384942e+07,1.533737e+07,5.785900e+01,5.917867e+06,3.375391e+01,,,1.391850e+00,4
2018-04-23 05:56:14.000000,2.384898e+07,1.529715e+07,5.777600e+01,5.914761e+06,3.372956e+01,,,1.391126e+00,4
2018-04-23 05:56:15.000000,2.384854e+07,1.538104e+07,5.803400e+01,5.911655e+06,3.370522e+01,,,1.390403e+00,4
2018-04-23 05:56:16.000000,2.384810e+07,1.546492e+07,5.829200e+01,5.916125e+06,3.368087e+01,,,1.389679e+00,4
2018-04-23 05:56:17.000000,2.384766e+07,1.553847e+07,5.839400e+01,5.920594e+06,3.365652e+01,,,1.388955e+00,4
2018-04-23 05:56:18.000000,2.384723e+07,1.561201e+07,5.849600e+01,5.925064e+06,3.363218e+01,,,1.388697e+00,4
2018-04-23 05:56:19.000000,2.384679e+07,1.563499e+07,5.852000e+01,5.929534e+06,3.360783e+01,,,1.388438e+00,4
2018-04-23 05:56:20.000000,2.384635e+07,1.565798e+07,5.854400e+01,5.934003e+06,3.358348e+01,,,1.388179e+00,4
2018-04-23 05:56:21.000000,2.384591e+07,1.548905e+07,5.822400e+01,5.938473e+06,3.355913e+01,,,1.387920e+00,4
2018-04-23 05:56:22.000000,2.384547e+07,1.532013e+07,5.790400e+01,5.942942e+06,3.353478e+01,,,1.387661e+00,4
2018-04-23 05:56:23.000000,2.384503e+07,1.532760e+07,5.791500e+01,5.947412e+06,3.351044e+01,,,1.387403e+00,4
2018-04-23 05:56:24.000000,2.384459e+07,1.533507e+07,5.792600e+01,5.951882e+06,3.348609e+01,,,1.387144e+00,4
2018-04-23 05:56:25.000000,2.384415e+07,1.534254e+07,5.793700e+01,5.956352e+06,3.346174e+01,,,1.386885e+00,4
2018-04-23 05:56:26.000000,2.384371e+07,1.535001e+07,5.794800e+01,5.960821e+06,3.343739e+01,,,1.386626e+00,4
2018-04-23 05:56:27.000000,2.384327e+07,1.549020e+07,5.805000e+01,5.956958e+06,3.341304e+01,,,1.386367e+00,4
2018-04-23 05:56:28.000000,2.384284e+07,1.563040e+07,5.815200e+01,5.953094e+06,3.338869e+01,,,1.386109e+00,4
2018-04-23 05:56:29.000000,2.384240e+07,1.565453e+07,5.821200e+01,5.949230e+06,3.336435e+01,,,1.386259e+00,4
2018-04-23 05:56:30.000000,2.384196e+07,1.567866e+07,5.827200e+01,5.945367e+06,3.334000e+01,,,1.386410e+00,4
2018-04-23 05:56:31.000000,2.384152e+07,1.559478e+07,5.810400e+01,5.941503e+06,3.331565e+01,,,1.386560e+00,4
2018-04-23 05:56:32.000000,2.384108e+07,1.551089e+07,5.793600e+01,5.937640e+06,3.329131e+01,,,1.386711e+00,4
2018-04-23 05:56:33.000000,2.384064e+07,1.546837e+07,5.788500e+01,5.933776e+06,3.326696e+01,,,1.386861e+00,4
2018-04-23 05:56:34.000000,2.384020e+07,1.542585e+07,5.783400e+01,5.929912e+06,3.324261e+01,,,1.387012e+00,4
2018-04-23 05:56:35.000000,2.383976e+07,1.538333e+07,5.778300e+01,5.926048e+06,3.321826e+01,,,1.387163e+00,4
2018-04-23 05:56:36.000000,2.383932e+07,1.534082e+07,5.773200e+01,5.922185e+06,3.319391e+01,,,1.387313e+00,4
2018-04-23 05:56:37.000000,2.383924e+07,1.531783e+07,5.779800e+01,5.918321e+06,3.316956e+01,,,1.387464e+00,4
2018-04-23 05:56:38.000000,2.383915e+07,1.529485e+07,5.786400e+01,5.908094e+06,3.314522e+01,,,1.387614e+00,4
2018-04-23 05:56:39.000000,2.383906e+07,1.547297e+07,5.821200e+01,5.897867e+06,3.312087e+01,,,1.387765e+00,4
2018-04-23 05:56:40.000000,2.383897e+07,1.565108e+07,5.856000e+01,5.887640e+06,3.309652e+01,,,1.389557e+00,4
2018-04-23 05:56:41.000000,2.383889e+07,1.558328e+07,5.842600e+01,5.877412e+06,3.307217e+01,,,1.391349e+00,4
2018-04-23 05:56:42.000000,2.383880e+07,1.551548e+07,5.829200e+01,5.867185e+06,3.304782e+01,,,1.393141e+00,4
2018-04-23 05:56:43.000000,2.383871e+07,1.541091e+07,5.817000e+01,5.856958e+06,3.302348e+01,,,1.394933e+00,4
2018-04-23 05:56:44.000000,2.383862e+07,1.530634e+07,5.804800e+01,5.846730e+06,3.299913e+01,,,1.396725e+00,4
2018-04-23 05:56:45.000000,2.383854e+07,1.530749e+07,5.821600e+01,5.836503e+06,3.297478e+01,,,1.398517e+00,4
2018-04-23 05:56:46.000000,2.383845e+07,1.530864e+07,5.838400e+01,5.826276e+06,3.295044e+01,,,1.400309e+00,4
2018-04-23 05:56:47.000000,2.383836e+07,1.544539e+07,5.860800e+01,5.816048e+06,3.292609e+01,,,1.402101e+00,4
2018-04-23 05:56:48.000000,2.383827e+07,1.558213e+07,5.883200e+01,5.805821e+06,3.290174e+01,,,1.403893e+00,4
2018-04-23 05:56:49.000000,2.383819e+07,1.560914e+07,5.885500e+01,5.802261e+06,3.287739e+01,,,1.405685e+00,4
2018-04-23 05:56:50.000000,2.383810e+07,1.563614e+07,5.887800e+01,5.798700e+06,3.285304e+01,,,1.407477e+00,4
2018-04-23 05:56:51.000000,2.383801e+07,1.566315e+07,5.890100e+01,5.795140e+06,3.282869e+01,,,1.407741e+00,4
2018-04-23 05:56:52.000000,2.383792e+07,1.569015e+07,5.892400e+01,5.791579e+06,3.280435e+01,,,1.408004e+00,4
2018-04-23 05:56:53.000000,2.383784e+07,1.555800e+07,5.869600e+01,5.788019e+06,3.278000e+01,,,1.408268e+00,4
2018-04-23 05:56:54.000000,2.383775e+07,1.542585e+07,5.846800e+01,5.784458e+06,3.278435e+01,,,1.408531e+00,4
2018-04-23 05:56:55.000000,2.383766e+07,1.534771e+07,5.844000e+01,5.780897e+06,3.278870e+01,,,1.408795e+00,4
2018-04-23 05:56:56.000000,2.383757e+07,1.526957e+07,5.841200e+01,5.777336e+06,3.279304e+01,,,1.409058e+00,4
2018-04-23 05:56:57.000000,2.383749e+07,1.537529e+07,5.849000e+01,5.773776e+06,3.279739e+01,,,1.409322e+00,4
2018-04-23 05:56:58.000000,2.383740e+07,1.548101e+07,5.856800e+01,5.770215e+06,3.280174e+01,,,1.409585e+00,4
2018-04-23 05:56:59.000000,2.383731e+07,1.554996e+07,5.872600e+01,5.766655e+06,3.280609e+01,,,1.409849e+00,4
2018-04-23 05:57:00.000000,2.383723e+07,1.561891e+07,5.888400e+01,5.765594e+06,3.281043e+01,,,1.410112e+00,4
2018-04-23 05:57:01.000000,2.383714e+07,1.561431e+07,5.884200e+01,5.764534e+06,3.281478e+01,,,1.410376e+00,4
2018-04-23 05:57:02.000000,2.383705e+07,1.560971e+07,5.880000e+01,5.763473e+06,3.281913e+01,,,1.408177e+00,4
2018-04-23 05:57:03.000000,2.383696e+07,1.554421e+07,5.876300e+01,5.762413e+06,3.282348e+01,,,1.405977e+00,4
2018-04-23 05:57:04.000000,2.383687e+07,1.547871e+07,5.872600e+01,5.761352e+06,3.282782e+01,,,1.403778e+00,4
2018-04-23 05:57:05.000000,2.383679e+07,1.541321e+07,5.868900e+01,5.760291e+06,3.283217e+01,,,1.401579e+00,4
2018-04-23 05:57:06.000000,2.383670e+07,1.534771e+07,5.865200e+01,5.759230e+06,3.283652e+01,,,1.399379e+00,4
2018-04-23 05:57:07.000000,2.383661e+07,1.534427e+07,5.850800e+01,5.758170e+06,3.284087e+01,,,1.397180e+00,4
2018-04-23 05:57:08.000000,2.383652e+07,1.534082e+07,5.836400e+01,5.757109e+06,3.284521e+01,,,1.394981e+00,4
2018-04-23 05:57:09.000000,2.383634e+07,1.548561e+07,5.866000e+01,5.756049e+06,3.284956e+01,,,1.392782e+00,4
2018-04-23 05:57:10.000000,2.383615e+07,1.563040e+07,5.895600e+01,5.754988e+06,3.285391e+01,,,1.390582e+00,4
2018-04-23 05:57:11.000000,2.383596e+07,1.560282e+07,5.886400e+01,5.769913e+06,3.285826e+01,,,1.388383e+00,4
2018-04-23 05:57:12.000000,2.383577e+07,1.557524e+07,5.877200e+01,5.784837e+06,3.286261e+01,,,1.386184e+00,4
2018-04-23 05:57:13.000000,2.383558e+07,1.542700e+07,5.844200e+01,5.799761e+06,3.286695e+01,,,1.387337e+00,4
2018-04-23 05:57:14.000000,2.383539e+07,1.527876e+07,5.811200e+01,5.814685e+06,3.287130e+01,,,1.388489e+00,4
2018-04-23 05:57:15.000000,2.383521e+07,1.527704e+07,5.812600e+01,5.829609e+06,3.287565e+01,,,1.389642e+00,4
2018-04-23 05:57:16.000000,2.383502e+07,1.527532e+07,5.814000e+01,5.844534e+06,3.288000e+01,,,1.390795e+00,4
2018-04-23 05:57:17.000000,2.383483e+07,1.527359e+07,5.815400e+01,5.859458e+06,3.288435e+01,,,1.391948e+00,4
2018-04-23 05:57:18.000000,2.383464e+07,1.527187e+07,5.816800e+01,5.874382e+06,3.288869e+01,,,1.393101e+00,4
2018-04-23 05:57:19.000000,2.383445e+07,1.533852e+07,5.836400e+01,5.889306e+06,3.289304e+01,,,1.394253e+00,4
2018-04-23 05:57:20.000000,2.383426e+07,1.540517e+07,5.856000e+01,5.904230e+06,3.289739e+01,,,1.395406e+00,4
2018-04-23 05:57:21.000000,2.383407e+07,1.553617e+07,5.873600e+01,5.919155e+06,3.290174e+01,,,1.396559e+00,4
2018-04-23 05:57:22.000000,2.383389e+07,1.566717e+07,5.891200e+01,5.923473e+06,3.290609e+01,,,1.397712e+00,4
2018-04-23 05:57:23.000000,2.383370e+07,1.563040e+07,5.890200e+01,5.927791e+06,3.291043e+01,,,1.398865e+00,4
2018-04-23 05:57:24.000000,2.383351e+07,1.559362e+07,5.889200e+01,5.932109e+06,3.291478e+01,,,1.400390e+00,4
2018-04-23 05:57:25.000000,2.383332e+07,1.545343e+07,5.866400e+01,5.936427e+06,3.291913e+01,,,1.401915e+00,4
2018-04-23 05:57:26.000000,2.383313e+07,1.531324e+07,5.843600e+01,5.940746e+06,3.292348e+01,,,1.403440e+00,4
2018-04-23 05:57:27.000000,2.383294e+07,1.529887e+07,5.827400e+01,5.945063e+06,3.292783e+01,,,1.404966e+00,4
2018-04-23 05:57:28.000000,2.383275e+07,1.528451e+07,5.811200e+01,5.949382e+06,3.293217e+01,,,1.406491e+00,4
2018-04-23 05:57:29.000000,2.383257e+07,1.527015e+07,5.795000e+01,5.953700e+06,3.293652e+01,,,1.408016e+00,4
2018-04-23 05:57:30.000000,2.383238e+07,1.525578e+07,5.778800e+01,5.958018e+06,3.294087e+01,,,1.409541e+00,4
2018-04-23 05:57:31.000000,2.383219e+07,1.536954e+07,5.797800e+01,5.962336e+06,3.294522e+01,,,1.411066e+00,4
2018-04-23 05:57:32.000000,2.383200e+07,1.548331e+07,5.816800e+01,5.966654e+06,3.294957e+01,,,1.412592e+00,4
2018-04-23 05:57:33.000000,2.383181e+07,1.556145e+07,5.842800e+01,5.969609e+06,3.295391e+01,,,1.414117e+00,4
2018-04-23 05:57:34.000000,2.383162e+07,1.563959e+07,5.868800e+01,5.972563e+06,3.295826e+01,,,1.415642e+00,4
2018-04-23 05:57:35.000000,2.383144e+07,1.564878e+07,5.876600e+01,5.975518e+06,3.296261e+01,,,1.415244e+00,4
2018-04-23 05:57:36.000000,2.383125e+07,1.565798e+07,5.884400e+01,5.978473e+06,3.296696e+01,,,1.414846e+00,4
2018-04-23 05:57:37.000000,2.383106e+07,1.561086e+07,5.883000e+01,5.981427e+06,3.297130e+01,,,1.414447e+00,4
2018-04-23 05:57:38.000000,2.383087e+07,1.556375e+07,5.881600e+01,5.984381e+06,3.297565e+01,,,1.414049e+00,4
2018-04-23 05:57:39.000000,2.383068e+07,1.549250e+07,5.868200e+01,5.987336e+06,3.298000e+01,,,1.413651e+00,4
2018-04-23 05:57:40.000000,2.383049e+07,1.542126e+07,5.854800e+01,5.990291e+06,3.300772e+01,,,1.413253e+00,4
2018-04-23 05:57:41.000000,2.383031e+07,1.535001e+07,5.841400e+01,5.993245e+06,3.303543e+01,,,1.412855e+00,4
2018-04-23 05:57:42.000000,2.383012e+07,1.527876e+07,5.828000e+01,5.996200e+06,3.306315e+01,,,1.412456e+00,4
2018-04-23 05:57:43.000000,2.383060e+07,1.530519e+07,5.843400e+01,5.999154e+06,3.309087e+01,,,1.412058e+00,4
2018-04-23 05:57:44.000000,2.383108e+07,1.533162e+07,5.858800e+01,6.000669e+06,3.311859e+01,,,1.411660e+00,4
2018-04-23 05:57:45.000000,2.383156e+07,1.539597e+07,5.876400e+01,6.002185e+06,3.314631e+01,,,1.411262e+00,4
2018-04-23 05:57:46.000000,2.383204e+07,1.546033e+07,5.894000e+01,6.003700e+06,3.317402e+01,,,1.409910e+00,4
2018-04-23 05:57:47.000000,2.383251e+07,1.557064e+07,5.904400e+01,6.005215e+06,3.320174e+01,,,1.408558e+00,4
2018-04-23 05:57:48.000000,2.383300e+07,1.568096e+07,5.914800e+01,6.006730e+06,3.322946e+01,,,1.407206e+00,4
2018-04-23 05:57:49.000000,2.383347e+07,1.564419e+07,5.903500e+01,6.008246e+06,3.325717e+01,,,1.405853e+00,4
2018-04-23 05:57:50.000000,2.383396e+07,1.560741e+07,5.892200e+01,6.009761e+06,3.328489e+01,,,1.404501e+00,4
2018-04-23 05:57:51.000000,2.383443e+07,1.557064e+07,5.880900e+01,6.011276e+06,3.331261e+01,,,1.403149e+00,4
2018-04-23 05:57:52.000000,2.383492e+07,1.553387e+07,5.869600e+01,6.012791e+06,3.334032e+01,,,1.401797e+00,4
2018-04-23 05:57:53.000000,2.383539e+07,1.556605e+07,5.882600e+01,6.014306e+06,3.336804e+01,,,1.400445e+00,4
2018-04-23 05:57:54.000000,2.383587e+07,1.559822e+07,5.895600e+01,6.015821e+06,3.339576e+01,,,1.399093e+00,4
2018-04-23 05:57:55.000000,2.383635e+07,1.561891e+07,5.895300e+01,6.018473e+06,3.342348e+01,,,1.397741e+00,4
2018-04-23 05:57:56.000000,2.383683e+07,1.563959e+07,5.895000e+01,6.021125e+06,3.345119e+01,,,1.396389e+00,4
2018-04-23 05:57:57.000000,2.383731e+07,1.566028e+07,5.894700e+01,6.023776e+06,3.347891e+01,,,1.396554e+00,4
2018-04-23 05:57:58.000000,2.383779e+07,1.568096e+07,5.894400e+01,6.026427e+06,3.350663e+01,,,1.396718e+00,4
2018-04-23 05:57:59.000000,2.383827e+07,1.557639e+07,5.878800e+01,6.029079e+06,3.353435e+01,,,1.396883e+00,4
2018-04-23 05:58:00.000000,2.383875e+07,1.547182e+07,5.863200e+01,6.031730e+06,3.356207e+01,,,1.397047e+00,4
2018-04-23 05:58:01.000000,2.383923e+07,1.538104e+07,5.836800e+01,6.034382e+06,3.358978e+01,,,1.397212e+00,4
2018-04-23 05:58:02.000000,2.383971e+07,1.529026e+07,5.810400e+01,6.037033e+06,3.361750e+01,,,1.397377e+00,4
2018-04-23 05:58:03.000000,2.384019e+07,1.544539e+07,5.826600e+01,6.039685e+06,3.364522e+01,,,1.397541e+00,4
2018-04-23 05:58:04.000000,2.384067e+07,1.560052e+07,5.842800e+01,6.042336e+06,3.367294e+01,,,1.397706e+00,4
2018-04-23 05:58:05.000000,2.384115e+07,1.559707e+07,5.837800e+01,6.044988e+06,3.370065e+01,,,1.397870e+00,4
2018-04-23 05:58:06.000000,2.384163e+07,1.559362e+07,5.832800e+01,6.055745e+06,3.372837e+01,,,1.398035e+00,4
2018-04-23 05:58:07.000000,2.384211e+07,1.544769e+07,5.807200e+01,6.066503e+06,3.375608e+01,,,1.398200e+00,4
2018-04-23 05:58:08.000000,2.384259e+07,1.530175e+07,5.781600e+01,6.077260e+06,3.378380e+01,,,1.398143e+00,4
2018-04-23 05:58:09.000000,2.384307e+07,1.540402e+07,5.786800e+01,6.088018e+06,3.381152e+01,,,1.398086e+00,4
2018-04-23 05:58:10.000000,2.384355e+07,1.550629e+07,5.792000e+01,6.098775e+06,3.383924e+01,,,1.398029e+00,4
2018-04-23 05:58:11.000000,2.384403e+07,1.555743e+07,5.803700e+01,6.109533e+06,3.386695e+01,,,1.397972e+00,4
2018-04-23 05:58:12.000000,2.384451e+07,1.560856e+07,5.815400e+01,6.120291e+06,3.389467e+01,,,1.397915e+00,4
2018-04-23 05:58:13.000000,2.384476e+07,1.565970e+07,5.827100e+01,6.131048e+06,3.392239e+01,,,1.397859e+00,4
2018-04-23 05:58:14.000000,2.384501e+07,1.571084e+07,5.838800e+01,6.141806e+06,3.395011e+01,,,1.397802e+00,4
2018-04-23 05:58:15.000000,2.384525e+07,1.557409e+07,5.824600e+01,6.152563e+06,3.397783e+01,,,1.397745e+00,4
2018-04-23 05:58:16.000000,2.384550e+07,1.543734e+07,5.810400e+01,6.163321e+06,3.400554e+01,,,1.397688e+00,4
2018-04-23 05:58:17.000000,2.384575e+07,1.538448e+07,5.796200e+01,6.169154e+06,3.403326e+01,,,1.397631e+00,4
2018-04-23 05:58:18.000000,2.384599e+07,1.533162e+07,5.782000e+01,6.174987e+06,3.406098e+01,,,1.397575e+00,4
2018-04-23 05:58:19.000000,2.384624e+07,1.551548e+07,5.816600e+01,6.180821e+06,3.408870e+01,,,1.397197e+00,4
2018-04-23 05:58:20.000000,2.384649e+07,1.569935e+07,5.851200e+01,6.186654e+06,3.411641e+01,,,1.396819e+00,4
2018-04-23 05:58:21.000000,2.384673e+07,1.558788e+07,5.842400e+01,6.192488e+06,3.414413e+01,,,1.396442e+00,4
2018-04-23 05:58:22.000000,2.384698e+07,1.547641e+07,5.833600e+01,6.198321e+06,3.417185e+01,,,1.396064e+00,4
2018-04-23 05:58:23.000000,2.384723e+07,1.538678e+07,5.820200e+01,6.204154e+06,3.419957e+01,,,1.395686e+00,4
2018-04-23 05:58:24.000000,2.384747e+07,1.529715e+07,5.806800e+01,6.209988e+06,3.422728e+01,,,1.395309e+00,4
2018-04-23 05:58:25.000000,2.384772e+07,1.536150e+07,5.821800e+01,6.215821e+06,3.425500e+01,,,1.394931e+00,4
2018-04-23 05:58:26.000000,2.384797e+07,1.542585e+07,5.836800e+01,6.221654e+06,3.428271e+01,,,1.394553e+00,4
2018-04-23 05:58:27.000000,2.384821e+07,1.549020e+07,5.851800e+01,6.227488e+06,3.431043e+01,,,1.394176e+00,4
2018-04-23 05:58:28.000000,2.384846e+07,1.555455e+07,5.866800e+01,6.232563e+06,3.433815e+01,,,1.393798e+00,4
2018-04-23 05:58:29.000000,2.384871e+07,1.561661e+07,5.865400e+01,6.237639e+06,3.436587e+01,,,1.393420e+00,4
2018-04-23 05:58:30.000000,2.384895e+07,1.567866e+07,5.864000e+01,6.242715e+06,3.439359e+01,,,1.395236e+00,4
2018-04-23 05:58:31.000000,2.384920e+07,1.556145e+07,5.848800e+01,6.247791e+06,3.442130e+01,,,1.397052e+00,4
2018-04-23 05:58:32.000000,2.384945e+07,1.544424e+07,5.833600e+01,6.252866e+06,3.444902e+01,,,1.398868e+00,4
2018-04-23 05:58:33.000000,2.384969e+07,1.537299e+07,5.822000e+01,6.257942e+06,3.447674e+01,,,1.400684e+00,4
2018-04-23 05:58:34.000000,2.384994e+07,1.530175e+07,5.810400e+01,6.263018e+06,3.450446e+01,,,1.402500e+00,4
2018-04-23 05:58:35.000000,2.385019e+07,1.535173e+07,5.816500e+01,6.268094e+06,3.453217e+01,,,1.404316e+00,4
2018-04-23 05:58:36.000000,2.385043e+07,1.540172e+07,5.822600e+01,6.273169e+06,3.455989e+01,,,1.406132e+00,4
2018-04-23 05:58:37.000000,2.385068e+07,1.545171e+07,5.828700e+01,6.278245e+06,3.458761e+01,,,1.407948e+00,4
2018-04-23 05:58:38.000000,2.385093e+07,1.550170e+07,5.834800e+01,6.283321e+06,3.461533e+01,,,1.409765e+00,4
2018-04-23 05:58:39.000000,2.385118e+07,1.560167e+07,5.846000e+01,6.286881e+06,3.464304e+01,,,1.411581e+00,4
2018-04-23 05:58:40.000000,2.385142e+07,1.570164e+07,5.857200e+01,6.290442e+06,3.467076e+01,,,1.413397e+00,4
2018-04-23 05:58:41.000000,2.385167e+07,1.554766e+07,5.833000e+01,6.294002e+06,3.469848e+01,,,1.413485e+00,4
2018-04-23 05:58:42.000000,2.385192e+07,1.539368e+07,5.808800e+01,6.297563e+06,3.472620e+01,,,1.413573e+00,4
2018-04-23 05:58:43.000000,2.385216e+07,1.537299e+07,5.802400e+01,6.301124e+06,3.475391e+01,,,1.413661e+00,4
2018-04-23 05:58:44.000000,2.385241e+07,1.535231e+07,5.796000e+01,6.304685e+06,3.478163e+01,,,1.413749e+00,4
2018-04-23 05:58:45.000000,2.385266e+07,1.548561e+07,5.810000e+01,6.308245e+06,3.480935e+01,,,1.413837e+00,4
2018-04-23 05:58:46.000000,2.385290e+07,1.561891e+07,5.824000e+01,6.311806e+06,3.483706e+01,,,1.413925e+00,4
2018-04-23 05:58:47.000000,2.385326e+07,1.563270e+07,5.828200e+01,6.315366e+06,3.486478e+01,,,1.414013e+00,4
2018-04-23 05:58:48.000000,2.385361e+07,1.564648e+07,5.832400e+01,6.318927e+06,3.489250e+01,,,1.414101e+00,4
2018-04-23 05:58:49.000000,2.385396e+07,1.556949e+07,5.823800e+01,6.322487e+06,3.492022e+01,,,1.414189e+00,4
2018-04-23 05:58:50.000000,2.385431e+07,1.549250e+07,5.815200e+01,6.324533e+06,3.494793e+01,,,1.414277e+00,4
2018-04-23 05:58:51.000000,2.385466e+07,1.541551e+07,5.806600e+01,6.326578e+06,3.497565e+01,,,1.414365e+00,4
2018-04-23 05:58:52.000000,2.385502e+07,1.533852e+07,5.798000e+01,6.328624e+06,3.500337e+01,,,1.415898e+00,4
2018-04-23 05:58:53.000000,2.385537e+07,1.537414e+07,5.808600e+01,6.330669e+06,3.503109e+01,,,1.417431e+00,4
2018-04-23 05:58:54.000000,2.385572e+07,1.540977e+07,5.819200e+01,6.332714e+06,3.505880e+01,,,1.418964e+00,4
2018-04-23 05:58:55.000000,2.385607e+07,1.557294e+07,5.844000e+01,6.334760e+06,3.508652e+01,,,1.420498e+00,4
2018-04-23 05:58:56.000000,2.385642e+07,1.573612e+07,5.868800e+01,6.336806e+06,3.511424e+01,,,1.422030e+00,4
2018-04-23 05:58:57.000000,2.385677e+07,1.564534e+07,5.863000e+01,6.338851e+06,3.514196e+01,,,1.423564e+00,4
2018-04-23 05:58:58.000000,2.385713e+07,1.555455e+07,5.857200e+01,6.340896e+06,3.516967e+01,,,1.425096e+00,4
2018-04-23 05:58:59.000000,2.385748e+07,1.545113e+07,5.827600e+01,6.342942e+06,3.519739e+01,,,1.426630e+00,4
2018-04-23 05:59:00.000000,2.385783e+07,1.534771e+07,5.798000e+01,6.344987e+06,3.522511e+01,,,1.428163e+00,4
2018-04-23 05:59:01.000000,2.385818e+07,1.543045e+07,5.811300e+01,6.347260e+06,3.525283e+01,,,1.429696e+00,4
2018-04-23 05:59:02.000000,2.385854e+07,1.551319e+07,5.824600e+01,6.349533e+06,3.528054e+01,,,1.431229e+00,4
2018-04-23 05:59:03.000000,2.385889e+07,1.559592e+07,5.837900e+01,6.351806e+06,3.530826e+01,,,1.428753e+00,4
2018-04-23 05:59:04.000000,2.385924e+07,1.567866e+07,5.851200e+01,6.354078e+06,3.533598e+01,,,1.426278e+00,4
2018-04-23 05:59:05.000000,2.385959e+07,1.571198e+07,5.863000e+01,6.356351e+06,3.536369e+01,,,1.423802e+00,4
2018-04-23 05:59:06.000000,2.385994e+07,1.574531e+07,5.874800e+01,6.358624e+06,3.539141e+01,,,1.421327e+00,4
2018-04-23 05:59:07.000000,2.386030e+07,1.556605e+07,5.841400e+01,6.360896e+06,3.541913e+01,,,1.418851e+00,4
2018-04-23 05:59:08.000000,2.386065e+07,1.538678e+07,5.808000e+01,6.363169e+06,3.544685e+01,,,1.416376e+00,4
2018-04-23 05:59:09.000000,2.386100e+07,1.545803e+07,5.802400e+01,6.365442e+06,3.547456e+01,,,1.413901e+00,4
2018-04-23 05:59:10.000000,2.386135e+07,1.552927e+07,5.796800e+01,6.367714e+06,3.550228e+01,,,1.411425e+00,4
2018-04-23 05:59:11.000000,2.386170e+07,1.560052e+07,5.826400e+01,6.369987e+06,3.553000e+01,,,1.408950e+00,4
2018-04-23 05:59:12.000000,2.386205e+07,1.567177e+07,5.856000e+01,6.371881e+06,3.554326e+01,,,1.406474e+00,4
2018-04-23 05:59:13.000000,2.386241e+07,1.567464e+07,5.853900e+01,6.373775e+06,3.555652e+01,,,1.403999e+00,4
2018-04-23 05:59:14.000000,2.386276e+07,1.567751e+07,5.851800e+01,6.375669e+06,3.556978e+01,,,1.406664e+00,4
2018-04-23 05:59:15.000000,2.386311e+07,1.568038e+07,5.849700e+01,6.377563e+06,3.558304e+01,,,1.409330e+00,4
2018-04-23 05:59:16.000000,2.386346e+07,1.568326e+07,5.847600e+01,6.379457e+06,3.559630e+01,,,1.411996e+00,4
2018-04-23 05:59:17.000000,2.386381e+07,1.559477e+07,5.827800e+01,6.381351e+06,3.560957e+01,,,1.414661e+00,4
2018-04-23 05:59:18.000000,2.386417e+07,1.550629e+07,5.808000e+01,6.383245e+06,3.562283e+01,,,1.417327e+00,4
2018-04-23 05:59:19.000000,2.386428e+07,1.546952e+07,5.791800e+01,6.385139e+06,3.563609e+01,,,1.419992e+00,4
2018-04-23 05:59:20.000000,2.386440e+07,1.543275e+07,5.775600e+01,6.387033e+06,3.564935e+01,,,1.422658e+00,4
2018-04-23 05:59:21.000000,2.386452e+07,1.554421e+07,5.797400e+01,6.388927e+06,3.566261e+01,,,1.425323e+00,4
2018-04-23 05:59:22.000000,2.386463e+07,1.565568e+07,5.819200e+01,6.390821e+06,3.567587e+01,,,1.427989e+00,4
2018-04-23 05:59:23.000000,2.386475e+07,1.568096e+07,5.832400e+01,6.392412e+06,3.568913e+01,,,1.430654e+00,4
2018-04-23 05:59:24.000000,2.386486e+07,1.570624e+07,5.845600e+01,6.394002e+06,3.570239e+01,,,1.433320e+00,4
2018-04-23 05:59:25.000000,2.386498e+07,1.563097e+07,5.842000e+01,6.395594e+06,3.571565e+01,,,1.430640e+00,4
2018-04-23 05:59:26.000000,2.386510e+07,1.555570e+07,5.838400e+01,6.397185e+06,3.572891e+01,,,1.427960e+00,4
2018-04-23 05:59:27.000000,2.386521e+07,1.548044e+07,5.834800e+01,6.398775e+06,3.574217e+01,,,1.425280e+00,4
2018-04-23 05:59:28.000000,2.386533e+07,1.540517e+07,5.831200e+01,6.400366e+06,3.575543e+01,,,1.422600e+00,4
2018-04-23 05:59:29.000000,2.386545e+07,1.539713e+07,5.828800e+01,6.401957e+06,3.576870e+01,,,1.419921e+00,4
2018-04-23 05:59:30.000000,2.386556e+07,1.538908e+07,5.826400e+01,6.403548e+06,3.578196e+01,,,1.417241e+00,4
2018-04-23 05:59:31.000000,2.386568e+07,1.553847e+07,5.846800e+01,6.405139e+06,3.579522e+01,,,1.414561e+00,4
2018-04-23 05:59:32.000000,2.386579e+07,1.568785e+07,5.867200e+01,6.406730e+06,3.580848e+01,,,1.411881e+00,4
2018-04-23 05:59:33.000000,2.386591e+07,1.569015e+07,5.858800e+01,6.408321e+06,3.582174e+01,,,1.409201e+00,4
2018-04-23 05:59:34.000000,2.386603e+07,1.569245e+07,5.850400e+01,6.406124e+06,3.583500e+01,,,1.406521e+00,4
2018-04-23 05:59:35.000000,2.386614e+07,1.558673e+07,5.829200e+01,6.403927e+06,3.584826e+01,,,1.403841e+00,4
2018-04-23 05:59:36.000000,2.386626e+07,1.548101e+07,5.808000e+01,6.401730e+06,3.586152e+01,,,1.403377e+00,4
2018-04-23 05:59:37.000000,2.386638e+07,1.546550e+07,5.810700e+01,6.399533e+06,3.587478e+01,,,1.402912e+00,4
2018-04-23 05:59:38.000000,2.386649e+07,1.544998e+07,5.813400e+01,6.397336e+06,3.588804e+01,,,1.402448e+00,4
2018-04-23 05:59:39.000000,2.386661e+07,1.543447e+07,5.816100e+01,6.395139e+06,3.590130e+01,,,1.401983e+00,4
2018-04-23 05:59:40.000000,2.386673e+07,1.541896e+07,5.818800e+01,6.392942e+06,3.591457e+01,,,1.401518e+00,4
2018-04-23 05:59:41.000000,2.386684e+07,1.555341e+07,5.838800e+01,6.390745e+06,3.592783e+01,,,1.401054e+00,4
2018-04-23 05:59:42.000000,2.386696e+07,1.568785e+07,5.858800e+01,6.388548e+06,3.594109e+01,,,1.400589e+00,4
2018-04-23 05:59:43.000000,2.386707e+07,1.572233e+07,5.871600e+01,6.386351e+06,3.595435e+01,,,1.400125e+00,4
2018-04-23 05:59:44.000000,2.386719e+07,1.575680e+07,5.884400e+01,6.384154e+06,3.596761e+01,,,1.399660e+00,4
2018-04-23 05:59:45.000000,2.386731e+07,1.560512e+07,5.856200e+01,6.377033e+06,3.598087e+01,,,1.399196e+00,4
2018-04-23 05:59:46.000000,2.386742e+07,1.545343e+07,5.828000e+01,6.369912e+06,3.599413e+01,,,1.398731e+00,4
2018-04-23 05:59:47.000000,2.386754e+07,1.544769e+07,5.824400e+01,6.362791e+06,3.600739e+01,,,1.399944e+00,4
2018-04-23 05:59:48.000000,2.386766e+07,1.544194e+07,5.820800e+01,6.355669e+06,3.602065e+01,,,1.401156e+00,4
2018-04-23 05:59:49.000000,2.386777e+07,1.559477e+07,5.843000e+01,6.348548e+06,3.603391e+01,,,1.402369e+00,4
2018-04-23 05:59:50.000000,2.386789e+07,1.574761e+07,5.865200e+01,6.341427e+06,3.604717e+01,,,1.403581e+00,4
2018-04-23 05:59:51.000000,2.386801e+07,1.570854e+07,5.853800e+01,6.334306e+06,3.606043e+01,,,1.404794e+00,4
2018-04-23 05:59:52.000000,2.386812e+07,1.566947e+07,5.842400e+01,6.327185e+06,3.607370e+01,,,1.406006e+00,4
2018-04-23 05:59:53.000000,2.386789e+07,1.561948e+07,5.835600e+01,6.320063e+06,3.608696e+01,,,1.407219e+00,4
2018-04-23 05:59:54.000000,2.386765e+07,1.556949e+07,5.828800e+01,6.312942e+06,3.610022e+01,,,1.408431e+00,4
2018-04-23 05:59:55.000000,2.386742e+07,1.551951e+07,5.822000e+01,6.305821e+06,3.611348e+01,,,1.409644e+00,4
2018-04-23 05:59:56.000000,2.386718e+07,1.546952e+07,5.815200e+01,6.300896e+06,3.612674e+01,,,1.410856e+00,4
2018-04-23 05:59:57.000000,2.386695e+07,1.554938e+07,5.826900e+01,6.295972e+06,3.614000e+01,,,1.412069e+00,4
2018-04-23 05:59:58.000000,2.386671e+07,1.562925e+07,5.838600e+01,6.291048e+06,3.612435e+01,,,1.412253e+00,4
2018-04-23 05:59:59.000000,2.386648e+07,1.570911e+07,5.850300e+01,6.286124e+06,3.610870e+01,,,1.412438e+00,4
2018-04-23 06:00:00.000000,2.386624e+07,1.578898e+07,5.862000e+01,6.281200e+06,3.609304e+01,,,1.412622e+00,4